actor_name,actor_tmdb_id,actor_sexuality,confidence_sexuality,reasoning_sexuality
Jeremy Strong,239271,Straight,high,"Jeremy Strong is married to a woman, and there is no public information indicating he has identified as anything other than straight."
Kieran Culkin,18793,Straight,high,"Kieran Culkin is known to be married to an opposite-sex partner, which aligns with the criteria for identifying as Straight."
Sarah Snook,235416,Unknown,medium,"Sarah Snook has not publicly disclosed her sexuality. While she has been in relationships with men, there is no clear statement from her regarding her sexual orientation."
Brian Cox,1248,Straight,high,Brian Cox has been married to a woman and has not publicly disclosed any same-sex relationships.
Matthew Macfadyen,15576,Straight,high,"Matthew Macfadyen is married to actress Keeley Hawes, and there is no public information indicating he has identified as anything other than straight."
Alan Ruck,2394,Straight,high,"Alan Ruck is known to be married to an opposite-sex partner, which aligns with the criteria for identifying as Straight."
J. Smith-Cameron,52475,Straight,high,"J. Smith-Cameron is married to actor and director, 'James Houghton', which indicates a heterosexual relationship."
Nicholas Braun,85139,Unknown,low,"Nicholas Braun has not publicly disclosed his sexuality, and there is limited information available regarding his relationships."
Dagmara Dominczyk,52776,Straight,high,"Dagmara Dominczyk is married to actor Patrick Wilson, and there is no public information indicating any same-sex relationships or a different sexual orientation."
Peter Friedman,54246,Unknown,low,"Peter Friedman has not publicly disclosed his sexuality, and there is no clear information regarding his relationships that would indicate a specific category."
Justine Lupe,1689289,Unknown,low,"Justine Lupe has not publicly disclosed her sexuality, and there is no clear information regarding her relationships."
David Rasche,33533,Straight,high,"David Rasche is known to be married to a woman, and there is no public information indicating he has identified as anything other than straight."
Fisher Stevens,26473,Straight,high,"Fisher Stevens has been publicly known to be in relationships with women, including his marriage to actress Michelle Pfeiffer, which indicates a heterosexual orientation."
Tyler Posey,53280,Straight,high,Tyler Posey has been in public relationships with women and has not publicly identified as anything other than straight.
Holland Roden,208782,Unknown,low,"Holland Roden has not publicly disclosed her sexuality, and there is no clear information regarding her relationships that would allow for a definitive categorization."
Shelley Hennig,444211,Straight,high,Shelley Hennig has been in public relationships with men and has not publicly identified as anything other than straight.
Dylan Sprayberry,236302,Unknown,low,"Dylan Sprayberry has not publicly disclosed his sexuality, and there is no clear information regarding his relationships that would allow for a definitive categorization."
Linden Ashby,57251,Straight,high,"Linden Ashby is married to a woman, and there is no public information indicating he has identified as anything other than straight."
Melissa Ponzio,168658,Unknown,low,"Melissa Ponzio has not publicly disclosed her sexuality, and there is no clear information regarding her relationships that would indicate a specific category."
JR Bourne,62911,Unknown,low,"JR Bourne has not publicly disclosed his sexuality, and there is no clear information regarding his relationships that would indicate a specific category."
H. Jon Benjamin,185773,Straight,high,"H. Jon Benjamin is known to be married to a woman, and there is no public information indicating he has identified as anything other than straight."
John Roberts,1251981,Unknown,low,"There is no publicly available information regarding John Roberts' sexuality, and he has not made any explicit statements about it."
Kristen Schaal,109869,Straight,high,"Kristen Schaal is married to a man, which indicates a straight orientation. There is no public information suggesting otherwise."
Eugene Mirman,1217563,Straight,high,"Eugene Mirman is married to a woman, and there is no public information indicating he identifies as anything other than straight."
Dan Mintz,224512,Unknown,low,"Dan Mintz has not publicly disclosed their sexuality, and there is no available information regarding their relationships that would indicate a specific category."
Larry Murphy,1230596,Unknown,low,"Larry Murphy has not publicly disclosed his sexuality, and there is no clear information regarding his relationships that would allow for a definitive categorization."
Blake Lively,59175,Straight,high,"Blake Lively is married to Ryan Reynolds, and there is no public information indicating she identifies as anything other than straight."
Leighton Meester,85825,Straight,high,"Leighton Meester is married to Adam Brody, and there is no public information indicating she identifies as anything other than straight."
Penn Badgley,110927,Straight,high,"Penn Badgley is married to an opposite-sex partner, and he has not publicly identified as anything other than straight."
Chace Crawford,60899,Straight,high,Chace Crawford has been publicly linked to women in relationships and has not disclosed any same-sex relationships or identified as anything other than straight.
Ed Westwick,21662,Straight,high,Ed Westwick has been publicly linked to women in relationships and has not disclosed any same-sex relationships or identified as anything other than straight.
Kaylee DeFer,1216163,Straight,high,Kaylee DeFer is known to be married to an opposite-sex partner and has not publicly identified as anything other than straight.
Matthew Settle,33286,Straight,high,Matthew Settle is known to have been married to an opposite-sex partner and has not publicly identified as anything other than straight.
Kelly Rutherford,53924,Straight,high,"Kelly Rutherford has been publicly known to be in relationships with men and has been married to men, which aligns with the classification of 'Straight'."
Karl Urban,1372,Straight,high,Karl Urban is known to be in a long-term relationship with a woman and has not publicly identified as anything other than straight.
Jack Quaid,1030513,Straight,high,Jack Quaid has been publicly known to be in a relationship with a woman and has not disclosed any information suggesting otherwise.
Antony Starr,60373,Straight,high,"Antony Starr is known to be in a long-term relationship with a woman, and there is no public information indicating he identifies as anything other than straight."
Erin Moriarty,990393,Unknown,low,"Erin Moriarty has not publicly disclosed her sexuality, and there is no clear information regarding her relationships that would allow for a definitive categorization."
Jessie T. Usher,198847,Unknown,low,"Jessie T. Usher has not publicly disclosed his sexuality, and there is no clear information regarding his relationships that would indicate a specific category."
Laz Alonso,10964,Straight,high,Laz Alonso has been publicly known to be in relationships with women and has not publicly identified as anything other than straight.
Tomer Capone,1550587,Unknown,low,"Tomer Capone has not publicly disclosed his sexuality, and there is no clear information regarding his relationships that would indicate a specific category."
Karen Fukuhara,1461608,Unknown,low,"Karen Fukuhara has not publicly disclosed her sexuality, and there is no clear information regarding her relationships."
Nathan Mitchell,229422,Unknown,low,"Nathan Mitchell has not publicly disclosed his sexuality, and there is no clear information regarding his relationships."
Colby Minifie,1157294,Unknown,low,"Colby Minifie has not publicly disclosed her sexuality, and there is no clear information regarding her relationships."
Cameron Crovetti,1696015,Unknown,low,"Cameron Crovetti has not publicly disclosed their sexuality, and there is no available information regarding their relationships that would indicate a specific category."
Susan Heyward,1422261,Unknown,low,"There is no publicly available information regarding Susan Heyward's sexuality, and she has not made any explicit statements about it."
Valorie Curry,1181426,Straight,high,"Valorie Curry is known to be in a long-term relationship with a man, and there is no public information indicating any same-sex relationships or a different sexual orientation."
Ellen Pompeo,9280,Straight,high,"Ellen Pompeo is married to a man, Chris Ivery, and has not publicly identified as anything other than straight."
Chandra Wilson,171075,Straight,high,Chandra Wilson is known to be in a long-term relationship with a man and has not publicly identified as anything other than straight.
James Pickens Jr.,25544,Straight,high,"James Pickens Jr. is married to a woman, and there is no public information indicating he has identified as anything other than straight."
Caterina Scorsone,81684,Straight,high,Caterina Scorsone has been publicly known to be in a long-term relationship with a man and has not publicly identified as anything other than straight.
Camilla Luddington,236021,Straight,high,Camilla Luddington is in a long-term relationship with a man and has not publicly identified as anything other than straight.
Kevin McKidd,9013,Straight,high,Kevin McKidd is known to be married to a woman and has not publicly identified as anything other than straight.
Kim Raver,17836,Straight,high,"Kim Raver is known to be married to a man, which aligns with the definition of being straight. There is no public information indicating any same-sex relationships or a different sexual orientation."
Jason George,95475,Straight,high,"Jason George is married to a woman, and there is no public information indicating he has identified as anything other than straight."
Chris Carmack,87440,Straight,high,"Chris Carmack is married to an opposite-sex partner, which aligns with the criteria for identifying as Straight."
Anthony Hill,1583975,Unknown,low,"There is no publicly available information regarding Anthony Hill's sexuality, and he has not made any explicit statements about it."
Adelaide Kane,131781,Unknown,low,"Adelaide Kane has not publicly disclosed her sexuality, and there is limited information regarding her relationships that would allow for a definitive categorization."
Cillian Murphy,2037,Straight,high,"Cillian Murphy is married to a woman, and there is no public information indicating he has identified as anything other than straight."
Paul Anderson,220448,Straight,high,Paul Anderson is married to an opposite-sex partner and has not publicly identified as anything other than straight.
Sophie Rundle,1088620,Straight,high,Sophie Rundle is in a public relationship with a man and has not publicly identified as anything other than straight.
Natasha O'Keeffe,1167897,Unknown,low,"There is no publicly available information regarding Natasha O'Keeffe's sexuality, and she has not made any explicit statements about it."
Peter Dinklage,22970,Straight,high,"Peter Dinklage is married to a woman, Erica Schmidt, and has not publicly identified as anything other than straight."
Kit Harington,239019,Straight,high,"Kit Harington is married to Rose Leslie, and there is no public information indicating he identifies as anything other than straight."
Nikolaj Coster-Waldau,12795,Straight,high,"Nikolaj Coster-Waldau is married to a woman, and there is no public information indicating he has identified as anything other than straight."
Lena Headey,17286,Straight,high,Lena Headey has been publicly known to be in relationships with men and has not publicly identified as anything other than straight.
Emilia Clarke,1223786,Unknown,medium,"Emilia Clarke has not publicly disclosed her sexuality in a definitive manner. While she has been linked to men in relationships, she has not explicitly identified her sexual orientation."
Liam Cunningham,15498,Straight,high,Liam Cunningham is married to a woman and has not publicly identified as anything other than straight.
Maisie Williams,1181313,Unknown,medium,"Maisie Williams has not publicly disclosed her sexuality in a clear manner. While she has discussed her views on sexuality and relationships, she has not explicitly labeled her own sexuality, leading to ambiguity."
Isaac Hempstead Wright,239020,Unknown,low,"Isaac Hempstead Wright has not publicly disclosed his sexuality, and there is no clear information regarding his relationships."
Sophie Turner,1001657,Straight,high,"Sophie Turner is married to Joe Jonas, which indicates a heterosexual relationship. She has not publicly identified as anything other than straight."
John Bradley,1010135,Unknown,low,"John Bradley has not publicly disclosed his sexuality, and there is no clear information regarding his relationships."
Rory McCann,3075,Unknown,low,"Rory McCann has not publicly disclosed his sexuality, and there is limited information available regarding his relationships."
Sean Murray,1230381,Straight,high,"Sean Murray is married to a woman, which indicates a heterosexual relationship. He has not publicly disclosed any information that suggests otherwise."
Wilmer Valderrama,18975,Straight,high,Wilmer Valderrama has been publicly known to be in relationships with women and has not publicly identified as anything other than straight.
Katrina Law,164930,Straight,high,"Katrina Law is known to be in a long-term relationship with a man, and there is no public information indicating any same-sex relationships or a different sexual orientation."
Brian Dietzen,1213580,Straight,high,Brian Dietzen is married to an opposite-sex partner and has not publicly disclosed any information that suggests otherwise.
Rocky Carroll,27448,Straight,high,"Rocky Carroll is known to be married to a woman, which aligns with the criteria for identifying as Straight."
Diona Reasonover,1470346,Unknown,low,"Diona Reasonover has not publicly disclosed her sexuality, and there is no clear information regarding her relationships that would allow for a definitive categorization."
Gary Cole,21163,Straight,high,"Gary Cole is known to be married to a woman, which aligns with the criteria for identifying as Straight."
William H. Macy,3905,Straight,high,"William H. Macy is married to actress Felicity Huffman, and there is no public information indicating he has identified as anything other than straight."
Jeremy Allen White,206905,Straight,high,"Jeremy Allen White is known to be in a long-term relationship with actress Addison Timlin, and there is no public information indicating he identifies as anything other than straight."
Ethan Cutkosky,132213,Unknown,low,"Ethan Cutkosky has not publicly disclosed his sexuality, and there is no clear information regarding his relationships that would allow for a definitive categorization."
Shanola Hampton,110531,Straight,high,Shanola Hampton is married to a man and has not publicly identified as anything other than straight.
Steve Howey,81388,Straight,high,"Steve Howey is married to actress Sarah Shahi, and there is no public information indicating he has identified as anything other than straight."
Emma Kenney,1252801,Unknown,low,"Emma Kenney has not publicly disclosed her sexuality, and there is no clear information regarding her relationships that would indicate a specific category."
Christian Isaiah,2563541,Unknown,low,"There is no publicly available information regarding Christian Isaiah's sexuality, and he has not made any explicit statements about it."
Cameron Monaghan,37089,Unknown,low,"Cameron Monaghan has not publicly disclosed his sexuality, and there is limited information available regarding his relationships."
Noel Fisher,80352,Straight,high,"Noel Fisher is married to a woman, and there is no public information indicating he identifies as anything other than straight."
Kate Miner,214695,Straight,high,"Kate Miner is married to musician and actor Chris Thile, which indicates a heterosexual relationship."
Bryan Cranston,17419,Straight,high,"Bryan Cranston is married to a woman, Robin Dearden, and has not publicly identified as anything other than straight."
Aaron Paul,84497,Straight,high,"Aaron Paul is married to a woman, and there is no public information indicating he has identified as anything other than straight."
Anna Gunn,134531,Straight,high,Anna Gunn has been publicly known to be married to a man and has not disclosed any information suggesting otherwise.
RJ Mitte,209674,Unknown,low,"RJ Mitte has not publicly disclosed his sexuality, and there is limited information available regarding his relationships."
Dean Norris,14329,Straight,high,Dean Norris is married to a woman and has not publicly identified as anything other than straight.
Betsy Brandt,1217934,Straight,high,"Betsy Brandt is known to be married to a man, and there is no public information indicating any same-sex relationships or a different sexual orientation."
Bob Odenkirk,59410,Straight,high,"Bob Odenkirk is married to a woman, and there is no public information indicating he has identified as anything other than straight."
Jonathan Banks,783,Straight,high,Jonathan Banks has been married to a woman and has not publicly identified as anything other than straight.
Ed O'Neill,18977,Straight,high,"Ed O'Neill is married to a woman, which aligns with the definition of being straight. He has not publicly identified as anything other than straight."
Sofía Vergara,63522,Straight,high,"Sofía Vergara has been publicly known to be in relationships with men and was married to Joe Manganiello, which aligns with the classification of 'Straight'."
Julie Bowen,31171,Straight,high,Julie Bowen has been married to a man and has not publicly identified as anything other than straight.
Ty Burrell,15232,Straight,high,"Ty Burrell is married to a woman, and there is no public information indicating he has identified as anything other than straight."
Jesse Tyler Ferguson,204815,Unknown,low,"Returned unexpected category, defaulted to Unknown"
Eric Stonestreet,156962,Straight,high,Eric Stonestreet has publicly identified as straight and has been in relationships with women.
Sarah Hyland,91351,Straight,high,Sarah Hyland has been in a public relationship with a man and has not publicly identified as anything other than straight.
Ariel Winter,42160,Unknown,low,"Ariel Winter has not publicly disclosed her sexuality in a clear manner. While she has discussed her experiences and views on body positivity and self-acceptance, there is no definitive statement regarding her sexual orientation."
Nolan Gould,147710,Unknown,low,"Nolan Gould has not publicly disclosed his sexuality, and there is no clear information regarding his relationships."
Rico Rodriguez,206737,Unknown,low,"Rico Rodriguez has not publicly disclosed his sexuality, and there is no clear information regarding his relationships."
Aubrey Anderson-Emmons,1224228,Unknown,low,"Aubrey Anderson-Emmons has not publicly disclosed their sexuality, and there is no available information regarding their relationships."
Jeremy Maguire,1676910,Unknown,low,"There is no publicly available information regarding Jeremy Maguire's sexuality, and he has not made any statements about it."
Reid Ewing,967692,Unknown,low,"Reid Ewing has not publicly disclosed his sexuality, and there is limited information available regarding his relationships."
Jennifer Aniston,4491,Straight,high,Jennifer Aniston has been in several high-profile relationships with men and was previously married to a man (Brad Pitt). She has not publicly identified as anything other than straight.
Courteney Cox,14405,Straight,high,Courteney Cox has been in public relationships with men and was previously married to David Arquette. There is no public disclosure of her identifying as anything other than straight.
Lisa Kudrow,14406,Straight,high,"Lisa Kudrow is married to a man, and there is no public information indicating she has identified as anything other than straight."
Matt LeBlanc,14407,Straight,high,Matt LeBlanc has been publicly known to be in relationships with women and has not publicly identified as anything other than straight.
Matthew Perry,14408,Straight,high,Matthew Perry has been publicly known to have relationships with women and has not publicly identified as anything other than straight.
David Schwimmer,14409,Straight,high,"David Schwimmer has been publicly known to be in relationships with women and was previously married to a woman, which aligns with the classification of 'Straight'."
Lauren Cohan,62220,Unknown,low,"Lauren Cohan has not publicly disclosed her sexuality, and there is limited information available regarding her relationships."
Norman Reedus,4886,Straight,high,Norman Reedus has been in a long-term relationship with a woman and has not publicly identified as anything other than straight.
Jeffrey Dean Morgan,47296,Straight,high,"Jeffrey Dean Morgan is married to actress Hilarie Burton, and there is no public information indicating he has identified as anything other than straight."
Melissa McBride,31535,Unknown,low,"Melissa McBride has not publicly disclosed her sexuality, and there is no clear information regarding her relationships that would indicate a specific category."
Christian Serratos,84224,Straight,high,Christian Serratos is known to be in a long-term relationship with a man and has not publicly identified as anything other than straight.
Seth Gilliam,41688,Unknown,low,"Seth Gilliam has not publicly disclosed his sexuality, and there is no clear information regarding his relationships that would allow for a definitive categorization."
Ross Marquand,555249,Unknown,low,"Ross Marquand has not publicly disclosed his sexuality, and there is no clear information regarding his relationships that would allow for a definitive categorization."
Josh McDermitt,1252310,Straight,high,"Josh McDermitt is known to be married to a woman, and there is no public information indicating he has identified as anything other than straight."
Seth MacFarlane,52139,Straight,high,Seth MacFarlane has been publicly known to date women and has not disclosed any same-sex relationships or identified as anything other than straight.
Wendy Schaal,37600,Unknown,low,"Wendy Schaal has not publicly disclosed her sexuality, and there is no clear information regarding her relationships that would indicate a specific category."
Rachael MacFarlane,81668,Unknown,low,"Rachael MacFarlane has not publicly disclosed her sexuality, and there is no clear information regarding her relationships that would indicate a specific category."
Scott Grimes,35091,Straight,high,Scott Grimes has been publicly known to be in relationships with women and has not publicly identified as anything other than straight.
Dee Bradley Baker,23680,Straight,high,"Dee Bradley Baker is known to be married to a woman, and there is no public information indicating any same-sex relationships or a different sexual orientation."
Zendaya,505710,Unknown,medium,"Zendaya has not publicly disclosed her sexuality in a definitive manner. While she has been linked to opposite-sex relationships, she has not explicitly identified her sexual orientation."
Hunter Schafer,2340180,Unknown,low,"Hunter Schafer has not publicly disclosed her sexuality in a clear manner. While she has discussed her identity as a transgender woman, she has not specified her sexual orientation."
Sydney Sweeney,115440,Unknown,medium,"Sydney Sweeney has not publicly disclosed her sexuality in a clear manner. While she has been in relationships with men, there is no explicit statement from her regarding her sexual orientation."
Jacob Elordi,2034418,Straight,high,"Jacob Elordi has been publicly linked to opposite-sex relationships, including a notable relationship with actress Kaia Gerber, and has not publicly identified as anything other than straight."
Alexa Demie,1497557,Unknown,low,"Alexa Demie has not publicly disclosed her sexuality, and there is limited information available regarding her relationships."
Maude Apatow,41090,Unknown,low,"Maude Apatow has not publicly disclosed her sexuality, and there is no clear information regarding her relationships that would indicate a specific category."
Eric Dane,58115,Straight,high,"Eric Dane is married to a woman, Rebecca Gayheart, and has not publicly identified as anything other than straight."
Martha Kelly,1572541,Unknown,low,"Martha Kelly has not publicly disclosed her sexuality, and there is no clear information regarding her relationships."
Chloe Cherry,1585678,Unknown,low,"Chloe Cherry has not publicly disclosed her sexuality, and there is no clear information regarding her relationships that would allow for a definitive categorization."
Adewale Akinnuoye-Agbaje,31164,Unknown,low,"Adewale Akinnuoye-Agbaje has not publicly disclosed his sexuality, and there is no clear information regarding his relationships that would indicate a specific category."
Toby Wallace,110419,Unknown,low,"Toby Wallace has not publicly disclosed his sexuality, and there is no clear information regarding his relationships."
Jared Padalecki,49623,Straight,high,"Jared Padalecki is married to a woman, Genevieve Cortese, and has not publicly identified as anything other than straight."
Jensen Ackles,49624,Straight,high,"Jensen Ackles is married to a woman, Danneel Harris, and has not publicly identified as anything other than straight."
Misha Collins,42747,Straight,high,"Misha Collins is married to a woman, Vicki Collins, and has not publicly identified as anything other than straight."
Chris Parnell,51382,Straight,high,Chris Parnell is married to an opposite-sex partner and has not publicly identified as anything other than straight.
Spencer Grammer,176823,Unknown,low,"Spencer Grammer has not publicly disclosed her sexuality, and there is no clear information regarding her relationships that would allow for a definitive categorization."
Sarah Chalke,49001,Straight,high,Sarah Chalke has been in a long-term relationship with a man and has not publicly identified as anything other than straight.
Ian Cardoni,4322756,Unknown,low,"There is limited public information regarding Ian Cardoni's sexuality, and he has not made any explicit statements about it."
Harry Belden,4129855,Unknown,low,"There is no publicly available information regarding Harry Belden's sexuality, and he has not made any statements on the subject."
Bella Ramsey,1668004,Unknown,low,"Bella Ramsey has not publicly disclosed their sexuality, and there is limited information available regarding their personal relationships."
Gabriel Luna,111016,Straight,high,Gabriel Luna is known to be in a public relationship with a woman and has not publicly identified as anything other than straight.
Isabela Merced,1428070,Unknown,low,"Isabela Merced has not publicly disclosed her sexuality, and there is no clear information regarding her relationships that would indicate a specific category."
Young Mazino,2569691,Unknown,low,"There is no publicly available information regarding Young Mazino's sexuality, and he has not made any explicit statements on the topic."
Ruth Gemmell,18031,Unknown,low,"There is no publicly available information regarding Ruth Gemmell's sexuality, and she has not made any explicit statements about it."
Luke Thompson,1127887,Unknown,low,"There is no publicly available information regarding Luke Thompson's sexuality, and he has not made any explicit statements on the matter."
Yerin Ha,2611199,Unknown,low,"Yerin Ha has not publicly disclosed her sexuality, and there is no available information regarding her relationships that would allow for a definitive categorization."
Luke Newton,1794961,Straight,high,"Luke Newton is known to be in a public relationship with a woman, and there is no public information indicating he identifies as anything other than straight."
Claudia Jessie,1439488,Unknown,low,"Claudia Jessie has not publicly disclosed her sexuality, and there is no clear information regarding her relationships that would allow for a definitive categorization."
Florence Hunt,2908684,Unknown,low,"There is no publicly available information regarding Florence Hunt's sexuality, and she has not made any explicit statements about it."
Will Tilston,1686681,Unknown,low,"There is no publicly available information regarding Will Tilston's sexuality, and he has not made any statements about it."
Adjoa Andoh,109651,Unknown,low,"Adjoa Andoh has not publicly disclosed her sexuality, and there is no clear information regarding her relationships that would allow for a definitive categorization."
Julie Andrews,5823,Straight,high,Julie Andrews has been married to men and has not publicly identified as anything other than straight.
Trey Parker,34517,Straight,high,Trey Parker has been in a public opposite-sex relationship and has not publicly identified as anything other than straight.
Matt Stone,34518,Straight,high,"Matt Stone is married to a woman, which aligns with the definition of being straight. There is no public information indicating otherwise."
Mona Marshall,111466,Unknown,low,"Mona Marshall has not publicly disclosed her sexuality, and there is no clear information regarding her relationships."
Jennifer Howell,1229787,Unknown,low,"There is limited public information regarding Jennifer Howell's sexuality, and she has not made any explicit statements about it."
Taylor Schilling,221809,Unknown,medium,"Taylor Schilling has been in relationships with both men and women, but has not explicitly labeled her sexuality. She has referred to herself as 'queer' in interviews, which suggests a non-heteronormative identity, but has not provided a clear, specific label."
Laura Prepon,18974,Straight,high,"Laura Prepon is known to be married to a man, and she has not publicly identified as anything other than straight."
Kate Mulgrew,35317,Straight,high,"Kate Mulgrew has publicly identified as straight and has been in relationships with men, including a marriage to a man."
Natasha Lyonne,10871,Unknown,low,"Natasha Lyonne has not publicly disclosed her sexuality in a clear manner. While she has been in relationships with both men and women, she has not explicitly identified with a specific label."
Selenis Leyva,162503,Unknown,low,"Selenis Leyva has not publicly disclosed her sexuality, and there is limited information available regarding her personal relationships."
Elizabeth Rodriguez,65421,Unknown,low,"Elizabeth Rodriguez has not publicly disclosed her sexuality, and there is limited information available regarding her personal relationships."
Dascha Polanco,1026947,Unknown,low,"Dascha Polanco has not publicly disclosed her sexuality, and there is no clear information regarding her relationships that would allow for a definitive categorization."
Danielle Brooks,1075037,Unknown,low,"Danielle Brooks has not publicly disclosed her sexuality in a clear manner. While she has been in relationships, she has not specified her sexual orientation."
Uzo Aduba,1332680,Unknown,low,"Uzo Aduba has not publicly disclosed their sexuality, and there is no clear information regarding their relationships that would indicate a specific category."
Nick Sandow,95519,Unknown,low,"There is no publicly available information regarding Nick Sandow's sexuality, and he has not made any explicit statements about it."
Jackie Cruz,1443625,Unknown,low,"Jackie Cruz has not publicly disclosed her sexuality, and there is no clear information regarding her relationships that would allow for a definitive categorization."
Yael Stone,1028560,Unknown,low,"Yael Stone has not publicly disclosed her sexuality, and there is no clear information regarding her relationships that would allow for a definitive categorization."
Taryn Manning,343,Unknown,low,Taryn Manning has not publicly disclosed her sexuality in a clear manner. There are no definitive statements or relationships that provide a clear categorization.
Adrienne C. Moore,1443478,Unknown,low,"Adrienne C. Moore has not publicly disclosed her sexuality, and there is no clear information regarding her relationships that would indicate a specific category."
Jessica Pimentel,171940,Unknown,low,"Jessica Pimentel has not publicly disclosed her sexuality, and there is no clear information regarding her relationships that would allow for a definitive categorization."
Laura Gómez,1443612,Unknown,low,"Laura Gómez has not publicly disclosed her sexuality, and there is no clear information regarding her relationships that would allow for a definitive categorization."
Josh Radnor,144009,Straight,high,Josh Radnor has been in public relationships with women and has not publicly identified as anything other than straight.
Neil Patrick Harris,41686,Unknown,low,"Returned unexpected category, defaulted to Unknown"
Jason Segel,41088,Straight,high,Jason Segel has been in public relationships with women and has not publicly identified as anything other than straight.
Alyson Hannigan,21595,Straight,high,"Alyson Hannigan is married to Alexis Denisof, a man, and has not publicly identified as anything other than straight."
Cobie Smulders,71189,Straight,high,"Cobie Smulders is married to actor Taran Killam, and there is no public information indicating she has identified as anything other than straight."
Cristin Milioti,204392,Unknown,low,"Cristin Milioti has not publicly disclosed her sexuality, and there is no clear information regarding her relationships that would allow for a definitive categorization."
Andy Samberg,62861,Straight,high,"Andy Samberg is married to a woman, Joanna Newsom, and has not publicly identified as anything other than straight."
Melissa Fumero,1220767,Straight,high,"Melissa Fumero is married to a man, and there is no public information indicating she has identified as anything other than straight."
Terry Crews,53256,Straight,high,"Terry Crews is married to a woman, Rebecca Crews, and has publicly discussed his heterosexual relationships without indicating any same-sex relationships."
Joe Lo Truglio,21131,Straight,high,"Joe Lo Truglio is married to actress Beth Dover, and there is no public information indicating he identifies as anything other than straight."
Stephanie Beatriz,968367,Bisexual,high,Stephanie Beatriz has publicly identified as bisexual.
Andre Braugher,6861,Straight,high,"Andre Braugher is married to a woman, and there is no public information indicating he has identified as anything other than straight."
Dirk Blocker,123016,Straight,high,"Dirk Blocker is known to be married to a woman, and there is no public information indicating any same-sex relationships or a different sexual orientation."
Joel McKinnon Miller,88950,Straight,high,"Joel McKinnon Miller is married to a woman, and there is no public information indicating he has identified as anything other than straight."
Christian Bale,3894,Straight,high,"Christian Bale is married to a woman, Sibi Blazic, and has not publicly identified as anything other than straight."
Heath Ledger,1810,Unknown,low,"Heath Ledger was known to have had relationships with women and was in a long-term relationship with Michelle Williams, but he never publicly discussed his sexuality or identified with any specific label. There are no clear statements from him regarding his sexual orientation."
Aaron Eckhart,6383,Straight,high,Aaron Eckhart has been in public relationships with women and has not publicly identified as anything other than straight.
Michael Caine,3895,Straight,high,Michael Caine has been married to women and has not publicly identified as anything other than straight.
Maggie Gyllenhaal,1579,Straight,high,"Maggie Gyllenhaal is married to Peter Sarsgaard, and there is no public information indicating she identifies as anything other than straight."
Gary Oldman,64,Straight,high,Gary Oldman has been married to women and has not publicly identified as anything other than straight.
Morgan Freeman,192,Straight,high,Morgan Freeman has been married to women and has not publicly identified as anything other than straight.
Monique Gabriela Curnen,53651,Unknown,low,"There is no publicly available information regarding Monique Gabriela Curnen's sexuality, and she has not made any explicit statements about it."
Ron Dean,57597,Unknown,low,"There is no publicly available information regarding Ron Dean's sexuality, and he has not made any explicit statements about it."
Chin Han,101015,Unknown,low,"Chin Han has not publicly disclosed his sexuality, and there is no clear information regarding his relationships that would allow for a definitive categorization."
Nestor Carbonell,21316,Straight,high,"Nestor Carbonell is married to a woman, and there is no public information indicating he has identified as anything other than straight."
Eric Roberts,21315,Straight,high,"Eric Roberts has been married to a woman, Eliza Roberts, since 1992, and there is no public information indicating he has identified as anything other than straight."
Ritchie Coster,13939,Unknown,low,"There is no publicly available information regarding Ritchie Coster's sexuality, and he has not made any explicit statements about it."
Anthony Michael Hall,1904,Straight,high,Anthony Michael Hall has been publicly known to be in relationships with women and has not publicly identified as anything other than straight.
Keith Szarabajka,87957,Unknown,low,"There is no publicly available information regarding Keith Szarabajka's sexuality, and he has not made any explicit statements on the matter."
Colin McFarlane,128386,Unknown,low,"Colin McFarlane has not publicly disclosed his sexuality, and there is no clear information regarding his relationships that would indicate a specific category."
Joshua Harto,34544,Unknown,low,"There is no publicly available information regarding Joshua Harto's sexuality, and he has not made any explicit statements about it."
Melinda McGraw,58692,Unknown,low,"There is no publicly available information regarding Melinda McGraw's sexuality, and she has not made any explicit statements about it."
Nathan Gamble,18052,Unknown,low,"Nathan Gamble has not publicly disclosed his sexuality, and there is no clear information regarding his relationships."
Song Kang-ho,20738,Unknown,low,"There is no publicly available information regarding Song Kang-ho's sexuality, and he has not made any explicit statements about it."
Lee Sun-kyun,115290,Straight,high,"Lee Sun-kyun is married to actress Jeon Hye-jin, and there is no public information indicating any same-sex relationships or a different sexual orientation."
Cho Yeo-jeong,556435,Unknown,low,"Cho Yeo-jeong has not publicly disclosed her sexuality, and there is no clear information regarding her relationships that would allow for a definitive categorization."
Choi Woo-shik,1255881,Unknown,low,"Choi Woo-shik has not publicly disclosed his sexuality, and there is no clear information regarding his relationships that would allow for a definitive categorization."
Park So-dam,1442583,Unknown,low,"Park So-dam has not publicly disclosed her sexuality, and there is no clear information regarding her relationships that would allow for a definitive categorization."
Lee Jung-eun,1572354,Unknown,low,"There is no publicly available information regarding Lee Jung-eun's sexuality, and she has not made any explicit statements about it."
Jang Hye-jin,2158882,Unknown,low,"There is no publicly available information regarding Jang Hye-jin's sexuality, and she has not made any explicit statements about it."
Park Myung-hoon,1694435,Unknown,low,"There is no publicly available information regarding Park Myung-hoon's sexuality, and he has not made any explicit statements about it."
Jung Zi-so,1418762,Unknown,low,"There is no publicly available information regarding Jung Zi-so's sexuality, and she has not made any statements about it."
Jung Hyeon-jun,2306987,Unknown,low,"There is no publicly available information regarding Jung Hyeon-jun's sexuality, and he has not made any statements about it."
Park Keun-rok,1709230,Unknown,low,"There is no publicly available information regarding Park Keun-rok's sexuality, and he has not made any statements about it."
Jung Yi-seo,2326809,Unknown,low,"There is no publicly available information regarding Jung Yi-seo's sexuality, and she has not made any statements about it."
Cho Jae-myung,2478772,Unknown,low,"There is no publicly available information regarding Cho Jae-myung's sexuality, and he has not made any statements about it."
Jeong Ik-han,2326615,Unknown,low,"There is no publicly available information regarding Jeong Ik-han's sexuality, and he has not made any statements about it."
Kim Kyu-baek,2478781,Unknown,low,"There is no publicly available information regarding Kim Kyu-baek's sexuality, and he has not made any statements about it."
Lee Dong-yong,2159392,Unknown,low,"There is no publicly available information regarding Lee Dong-yong's sexuality, and he has not made any statements or disclosures about it."
Ahn Seong-bong,2379047,Unknown,low,"There is no publicly available information regarding Ahn Seong-bong's sexuality, and he has not made any statements about it."
Yoon Young-woo,2499966,Unknown,low,"There is no publicly available information regarding Yoon Young-woo's sexuality, and he has not made any statements about it."
Park Jae-wook,1419705,Unknown,low,"There is no publicly available information regarding Park Jae-wook's sexuality, and he has not made any statements about it."
Jeon Eun-mi,2538209,Unknown,low,"There is no publicly available information regarding Jeon Eun-mi's sexuality, and she has not made any statements about it."
John Travolta,8891,Straight,high,"John Travolta has been married to Kelly Preston, and there has been no public disclosure from him regarding any same-sex relationships or a different sexual orientation."
Samuel L. Jackson,2231,Straight,high,"Samuel L. Jackson is married to LaTanya Richardson, and there is no public information indicating he has identified as anything other than straight."
Uma Thurman,139,Straight,high,Uma Thurman has been in several high-profile relationships with men and has not publicly identified as anything other than straight.
Bruce Willis,62,Straight,high,Bruce Willis has been married to women and has not publicly identified as anything other than straight.
Ving Rhames,10182,Straight,high,"Ving Rhames has been publicly known to be married to a woman, which aligns with the criteria for identifying as Straight."
Harvey Keitel,1037,Straight,high,Harvey Keitel has been in public relationships with women and has not publicly identified as anything other than straight.
Eric Stoltz,7036,Straight,high,Eric Stoltz has been in a long-term relationship with a woman and has not publicly identified as anything other than straight.
Tim Roth,3129,Straight,high,Tim Roth has been in a long-term relationship with a woman and has not publicly identified as anything other than straight.
Amanda Plummer,99,Unknown,low,"Amanda Plummer has not publicly disclosed her sexuality, and there is limited information available regarding her relationships."
Maria de Medeiros,2319,Unknown,low,"Maria de Medeiros has not publicly disclosed her sexuality, and there is no clear information regarding her relationships that would allow for a definitive categorization."
Quentin Tarantino,138,Straight,high,Quentin Tarantino is known to be in a long-term relationship with a woman and has not publicly identified as anything other than straight.
Christopher Walken,4690,Straight,high,"Christopher Walken has been married to his wife, Kathy, since 1969, and there is no public information indicating he has identified as anything other than straight."
Rosanna Arquette,2165,Unknown,medium,"Rosanna Arquette has been involved in both same-sex and opposite-sex relationships, but she has not explicitly labeled her sexuality in public statements. Therefore, while there are indications of bisexuality, the lack of a clear self-identification leads to a classification of 'Unknown'."
Peter Greene,11803,Unknown,low,"Peter Greene has not publicly disclosed his sexuality, and there is limited information available regarding his personal relationships."
Duane Whitaker,11804,Unknown,low,"There is no publicly available information regarding Duane Whitaker's sexuality, and he has not made any explicit statements about it."
Angela Jones,71836,Unknown,low,"There is no publicly available information regarding Angela Jones' sexuality, and she has not made any explicit statements on the matter."
Phil LaMarr,31549,Unknown,low,"Phil LaMarr has not publicly disclosed his sexuality, and there is no clear information regarding his relationships that would allow for a definitive categorization."
Steve Buscemi,884,Straight,high,"Steve Buscemi has been married to a woman, and there is no public information indicating he has identified as anything other than straight."
Bronagh Gallagher,33399,Unknown,low,"There is no publicly available information regarding Bronagh Gallagher's sexuality, and she has not made any explicit statements about it."
Laura Lovelace,11807,Unknown,low,"There is no publicly available information regarding Laura Lovelace's sexuality, and she has not made any explicit statements on the matter."
Tom Hanks,31,Straight,high,"Tom Hanks is married to Rita Wilson, and he has not publicly identified as anything other than straight."
Robin Wright,32,Straight,high,Robin Wright has been in public relationships with men and has not publicly identified as anything other than straight.
Gary Sinise,33,Straight,high,"Gary Sinise is married to a woman, and there is no public information indicating he has ever been in a same-sex relationship or identified as anything other than straight."
Sally Field,35,Straight,high,Sally Field has been in public relationships with men and has not publicly identified as anything other than straight.
Mykelti Williamson,34,Straight,high,"Mykelti Williamson is known to be married to a woman, and there is no public information indicating any same-sex relationships or a different sexual orientation."
Michael Conner Humphreys,37821,Unknown,low,"There is no publicly available information regarding Michael Conner Humphreys' sexuality, and he has not made any explicit statements about it."
Hanna Hall,204997,Unknown,low,"Hanna Hall has not publicly disclosed her sexuality, and there is limited information available regarding her relationships."
Haley Joel Osment,9640,Straight,high,Haley Joel Osment has been in a long-term relationship with a woman and has not publicly identified as anything other than straight.
Siobhan Fallon Hogan,6751,Straight,high,"Siobhan Fallon Hogan is known to be married to a man, and there is no public information indicating any same-sex relationships or a different sexual orientation."
Rebecca Williams,3817610,Unknown,low,"There is limited public information regarding Rebecca Williams' sexuality, and she has not made any explicit statements about it."
Bob Penny,196855,Unknown,low,"There is no publicly available information regarding Bob Penny's sexuality, and he has not made any explicit statements about it."
Harold G. Herthum,3052237,Unknown,low,"There is no publicly available information regarding Harold G. Herthum's sexuality, and he has not made any explicit statements about it."
George Kelly,951881,Unknown,low,"There is limited public information regarding George Kelly's sexuality, and he has not made any explicit statements about it."
John Randall,3817629,Unknown,low,"There is no publicly available information regarding John Randall's sexuality, and he has not made any statements about it."
Sam Anderson,36221,Straight,high,"Sam Anderson is known to be married to a woman, and there is no public information indicating any same-sex relationships or a different sexual orientation."
Margo Moorer,1215432,Unknown,low,"There is limited public information regarding Margo Moorer's sexuality, and she has not made any explicit statements about it."
Ione M. Telech,3817635,Unknown,low,"There is no publicly available information regarding Ione M. Telech's sexuality, and they have not made any statements on the matter."
Christine Seabrook,3817637,Unknown,low,"There is no publicly available information regarding Christine Seabrook's sexuality, and she has not made any statements on the topic."
John Worsham,946856,Unknown,low,"There is limited public information regarding John Worsham's sexuality, and he has not made any explicit statements about it."
Peter Dobson,37822,Unknown,low,"There is no publicly available information regarding Peter Dobson's sexuality, and he has not made any explicit statements about it."
Shameik Moore,587506,Unknown,low,"Shameik Moore has not publicly disclosed his sexuality, and there is limited information available regarding his relationships."
Jake Johnson,543505,Straight,high,"Jake Johnson is married to a woman, and there is no public information indicating he has identified as anything other than straight."
Hailee Steinfeld,130640,Unknown,low,"Hailee Steinfeld has not publicly disclosed her sexuality, and while she has been linked to both male and female individuals, there is no clear statement from her regarding her sexual orientation."
Mahershala Ali,932967,Straight,high,"Mahershala Ali is married to a woman, and there is no public information indicating he identifies as anything other than straight."
Brian Tyree Henry,226366,Unknown,low,"Brian Tyree Henry has not publicly disclosed his sexuality, and there is limited information available regarding his relationships."
Lily Tomlin,10437,Unknown,low,"Lily Tomlin has been in a long-term relationship with Jane Wagner, which suggests a same-sex relationship, but she has not explicitly labeled her sexuality in public statements. Therefore, the information is ambiguous."
Luna Lauren Vélez,141610,Unknown,low,"Luna Lauren Vélez has not publicly disclosed her sexuality, and there is no clear information regarding her relationships that would indicate a specific category."
Zoë Kravitz,37153,Unknown,medium,"Zoë Kravitz has not publicly disclosed her sexuality in a clear manner. While she has been in relationships with both men and women, she has not explicitly identified her sexual orientation."
John Mulaney,933558,Straight,high,"John Mulaney has been publicly known to be in a marriage with a woman, which aligns with the definition of being straight. There are no public disclosures indicating otherwise."
Kimiko Glenn,1443708,Unknown,low,"Kimiko Glenn has not publicly disclosed her sexuality, and there is limited information available regarding her relationships."
Nicolas Cage,2963,Straight,high,Nicolas Cage has been married to women and has not publicly identified as anything other than straight.
Kathryn Hahn,17696,Straight,high,"Kathryn Hahn is married to actor Ethan Sandler, and there is no public information indicating she has identified as anything other than straight."
Liev Schreiber,23626,Straight,high,"Liev Schreiber has been in a long-term relationship with actress Naomi Watts, and they have two children together. He has not publicly identified as anything other than straight."
Chris Pine,62064,Straight,high,Chris Pine has been publicly linked to women in relationships and has not disclosed any same-sex relationships or identified as anything other than straight.
Natalie Morales,118752,Straight,high,"Natalie Morales is known to be married to a man, which aligns with the classification of 'Straight' based on the guidelines provided."
Edwin H. Bravo,1746631,Unknown,low,"There is no publicly available information regarding Edwin H. Bravo's sexuality, and he has not made any statements or disclosures about it."
Oscar Isaac,25072,Straight,high,Oscar Isaac is known to be in a long-term relationship with a woman and has not publicly identified as anything other than straight.
Greta Lee,1260481,Straight,high,"Greta Lee is married to a man, and there is no public information indicating she has identified as anything other than straight."
Stan Lee,7624,Straight,high,"Stan Lee was married to Joan Lee for nearly 70 years until her passing, and he has not publicly identified as anything other than straight."
Jorma Taccone,62863,Straight,high,"Jorma Taccone is married to an opposite-sex partner, and there is no public information indicating he identifies as anything other than straight."
Leonardo DiCaprio,6193,Straight,high,Leonardo DiCaprio has been in several high-profile relationships with women and has not publicly identified as anything other than straight.
Joseph Gordon-Levitt,24045,Straight,high,Joseph Gordon-Levitt is married to a woman and has not publicly identified as anything other than straight.
Ken Watanabe,3899,Straight,high,Ken Watanabe has been married to women and has not publicly disclosed any same-sex relationships.
Tom Hardy,2524,Straight,high,"Tom Hardy is married to actress Charlotte Riley, and he has not publicly identified as anything other than straight."
Elliot Page,27578,Unknown,low,"Returned unexpected category, defaulted to Unknown"
Dileep Rao,95697,Unknown,low,"Dileep Rao has not publicly disclosed his sexuality, and there is no clear information regarding his relationships."
Tom Berenger,13022,Straight,high,Tom Berenger has been married to women and has not publicly identified as anything other than straight.
Marion Cotillard,8293,Straight,high,"Marion Cotillard has been in a long-term relationship with a male partner, and there is no public disclosure of her being in any same-sex relationships."
Pete Postlethwaite,4935,Unknown,low,"Pete Postlethwaite has not publicly disclosed his sexuality, and there is no clear information regarding his relationships that would allow for a definitive categorization."
Lukas Haas,526,Unknown,low,"Lukas Haas has not publicly disclosed his sexuality, and there is limited information available regarding his relationships."
Talulah Riley,66441,Straight,high,"Talulah Riley has been publicly known to be in relationships with men, including her marriage to Elon Musk, which indicates a straight orientation."
Tohoru Masamune,173212,Unknown,low,"There is no publicly available information regarding Tohoru Masamune's sexuality, and he has not made any explicit statements on the matter."
Taylor Geare,967376,Unknown,low,"There is no publicly available information regarding Taylor Geare's sexuality, and she has not made any statements about it."
Claire Geare,973135,Unknown,low,"There is no publicly available information regarding Claire Geare's sexuality, and she has not made any statements about it."
Johnathan Geare,1677266,Unknown,low,"There is limited public information regarding Johnathan Geare's sexuality, and he has not made any explicit statements about it."
Yuji Okumoto,56120,Straight,high,"Yuji Okumoto is known to be married to a woman, which aligns with the classification of 'Straight'."
Earl Cameron,2246,Straight,high,Earl Cameron was married to a woman and there is no public information indicating he has identified as anything other than straight.
Ryan Hayward,1677267,Unknown,low,"There is no publicly available information regarding Ryan Hayward's sexuality, and he has not made any statements or disclosures about it."
Michael J. Fox,521,Straight,high,"Michael J. Fox is married to Tracy Pollan, and there is no public information indicating he has identified as anything other than straight."
Christopher Lloyd,1062,Straight,high,Christopher Lloyd has been married to women and has not publicly identified as anything other than straight.
Crispin Glover,1064,Unknown,low,"Crispin Glover has not publicly disclosed his sexuality, and there is no clear information regarding his relationships that would allow for a definitive categorization."
Lea Thompson,1063,Straight,high,"Lea Thompson has been married to a man, Howard Deutch, since 1989, and there is no public information indicating she has identified as anything other than straight."
Claudia Wells,1066,Unknown,low,"Claudia Wells has not publicly disclosed her sexuality, and there is limited information available regarding her relationships."
Thomas F. Wilson,1065,Straight,high,"Thomas F. Wilson is married to a woman, which indicates a straight orientation. He has not publicly disclosed any information that suggests otherwise."
Marc McClure,1067,Straight,high,"Marc McClure is known to be married to a woman, and there is no public information indicating any same-sex relationships or a different sexual orientation."
Wendie Jo Sperber,1068,Unknown,low,"Wendie Jo Sperber has not publicly disclosed her sexuality, and there is limited information available regarding her personal relationships."
George DiCenzo,1069,Unknown,low,"There is no publicly available information regarding George DiCenzo's sexuality, and he has not made any explicit statements about it."
Frances Lee McCain,1070,Unknown,low,"Frances Lee McCain has not publicly disclosed her sexuality, and there is no clear information regarding her relationships."
James Tolkan,1072,Straight,high,"James Tolkan has been married to a woman, which indicates a heterosexual relationship. There is no public information suggesting otherwise."
J.J. Cohen,11673,Unknown,low,"There is no publicly available information regarding J.J. Cohen's sexuality, and he has not made any explicit statements about it."
Casey Siemaszko,1953,Straight,high,"Casey Siemaszko is known to be married to a woman, which aligns with the classification of 'Straight'."
Billy Zane,1954,Straight,high,"Billy Zane has been publicly known to be in relationships with women and has been married to a woman, which aligns with the classification of 'Straight'."
"Harry Waters, Jr.",1074,Unknown,low,"There is no publicly available information regarding Harry Waters, Jr.'s sexuality, and he has not made any explicit statements about it."
Donald Fullilove,84494,Unknown,low,"There is no publicly available information regarding Donald Fullilove's sexuality, and he has not made any explicit statements about it."
Lisa Freeman,97708,Unknown,low,"There is no publicly available information regarding Lisa Freeman's sexuality, and she has not disclosed any details about her sexual orientation."
Cristen Kauffman,1116544,Unknown,low,"There is no publicly available information regarding Cristen Kauffman's sexuality, and she has not made any explicit statements on the matter."
Elsa Raven,172280,Unknown,low,"There is no publicly available information regarding Elsa Raven's sexuality, and she has not made any statements about it."
Will Hare,97718,Unknown,low,"There is no publicly available information regarding Will Hare's sexuality, and he has not made any statements on the topic."
Lupita Nyong'o,1267329,Unknown,low,"Lupita Nyong'o has not publicly disclosed her sexuality, and there is no clear information regarding her relationships that would allow for a definitive categorization."
Pedro Pascal,1253360,Unknown,low,"Pedro Pascal has not publicly disclosed his sexuality in a clear manner. While there have been discussions and speculations, he has not explicitly identified with any specific label."
Kit Connor,1538851,Unknown,low,"Kit Connor has not publicly disclosed his sexuality, and there is no clear information regarding his relationships that would allow for a definitive categorization."
Bill Nighy,2440,Straight,high,Bill Nighy has been in a long-term relationship with a woman and has not publicly identified as anything other than straight.
Stephanie Hsu,1381186,Unknown,low,"Stephanie Hsu has not publicly disclosed her sexuality, and there is no clear information regarding her relationships that would allow for a definitive categorization."
Matt Berry,1488236,Unknown,low,"Matt Berry has not publicly disclosed his sexuality, and there is no clear information regarding his relationships that would allow for a definitive categorization."
Mark Hamill,2,Straight,high,"Mark Hamill is married to a woman, Marilou York, and has not publicly identified as anything other than straight."
Catherine O'Hara,11514,Straight,high,"Catherine O'Hara is known to be married to a man, which aligns with the classification of 'Straight'. There is no public information indicating otherwise."
Boone Storm,4967567,Unknown,low,"There is no publicly available information regarding Boone Storm's sexuality, and he has not made any statements or disclosures about it."
Alexandra Novelle,3745698,Unknown,low,"There is no publicly available information regarding Alexandra Novelle's sexuality, and she has not made any explicit statements on the matter."
Raphael Alejandro,1368512,Unknown,low,"There is no publicly available information regarding Raphael Alejandro's sexuality, and he has not made any explicit statements about it."
Paul-Mikél Williams,1975196,Unknown,low,"There is no publicly available information regarding Paul-Mikél Williams' sexuality, and he has not made any explicit statements about it."
Eddie Park,3745667,Unknown,low,"There is no publicly available information regarding Eddie Park's sexuality, and he has not made any explicit statements about it."
Randy Thom,42267,Unknown,low,"There is no publicly available information regarding Randy Thom's sexuality, and he has not made any explicit statements on the subject."
Avrielle Corti,112330,Unknown,low,"There is no publicly available information regarding Avrielle Corti's sexuality, and she has not made any explicit statements on the matter."
Keston John,1152021,Unknown,low,"There is no publicly available information regarding Keston John's sexuality, and he has not made any explicit statements about it."
Max Mittelman,1379386,Unknown,low,"Max Mittelman has not publicly disclosed his sexuality, and there is no available information regarding his relationships that would indicate a specific category."
Piotr Michael,1449707,Unknown,low,"There is no publicly available information regarding Piotr Michael's sexuality, and he has not made any explicit statements about it."
Robert Downey Jr.,3223,Straight,high,"Robert Downey Jr. is married to Susan Downey, and he has not publicly identified as anything other than straight."
Chris Evans,16828,Straight,high,Chris Evans has been publicly linked to women in relationships and has not publicly identified as anything other than straight.
Mark Ruffalo,103,Straight,high,"Mark Ruffalo is married to a woman, which aligns with the definition of being 'Straight'. He has not publicly identified as anything other than straight."
Chris Hemsworth,74568,Straight,high,"Chris Hemsworth is married to Elsa Pataky, and he has not publicly identified as anything other than straight."
Scarlett Johansson,1245,Straight,high,"Scarlett Johansson has been publicly known to be in relationships with men and has been married to men, which aligns with the classification of 'Straight'. There is no public disclosure of her identifying as anything other than straight."
Jeremy Renner,17604,Straight,high,Jeremy Renner has been publicly known to be in relationships with women and has not publicly identified as anything other than straight.
Josh Brolin,16851,Straight,high,Josh Brolin has been publicly known to be married to women and has not publicly identified as anything other than straight.
Don Cheadle,1896,Straight,high,Don Cheadle is known to be in a long-term relationship with a woman and has not publicly identified as anything other than straight.
Paul Rudd,22226,Straight,high,"Paul Rudd is married to a woman, Julie Yaeger, and has not publicly identified as anything other than straight."
Benedict Cumberbatch,71580,Straight,high,"Benedict Cumberbatch is married to a woman, Sophie Hunter, and has not publicly identified as anything other than straight."
Chadwick Boseman,172069,Straight,high,"Chadwick Boseman was married to Taylor Simone Ledward, and there is no public information indicating he identified as anything other than straight."
Brie Larson,60073,Unknown,medium,"Brie Larson has not publicly disclosed her sexuality in a clear manner. While she has been in relationships with men, she has also expressed support for LGBTQ+ rights and has made statements that could imply a broader understanding of sexuality, but has not explicitly identified herself as belonging to any specific category."
Tom Holland,1136406,Straight,high,"Tom Holland has been publicly known to be in a relationship with a woman, Zendaya, and has not publicly identified as anything other than straight."
Karen Gillan,543261,Straight,high,Karen Gillan has been publicly known to be in a relationship with a man and has not disclosed any information suggesting otherwise.
Zoe Saldaña,8691,Straight,high,"Zoe Saldaña is married to Marco Perego, and there is no public information indicating she identifies as anything other than straight."
Evangeline Lilly,19034,Straight,high,Evangeline Lilly has been in public relationships with men and has not publicly identified as anything other than straight.
Tessa Thompson,62561,Bisexual,high,Tessa Thompson has publicly identified as bisexual in interviews and discussions about her sexuality.
Rene Russo,14343,Straight,high,"Rene Russo has been in a long-term marriage with Dan Gilroy since 1992, and there is no public information indicating any same-sex relationships or a different sexual orientation."
Elizabeth Olsen,550843,Straight,high,Elizabeth Olsen has been publicly known to be in a relationship with a man and has not disclosed any information suggesting otherwise.
Anthony Mackie,53650,Straight,high,Anthony Mackie has been publicly known to be in relationships with women and has not publicly identified as anything other than straight.
Tom Hiddleston,91606,Straight,high,Tom Hiddleston has been publicly linked to women and has not disclosed any same-sex relationships or identified as anything other than straight.
Paul Bettany,6162,Straight,high,"Paul Bettany is married to actress Jennifer Connelly, and there is no public information indicating he identifies as anything other than straight."
Sebastian Stan,60898,Straight,high,Sebastian Stan has been publicly linked to women in relationships and has not disclosed any same-sex relationships or identified as anything other than straight.
Idris Elba,17605,Straight,high,Idris Elba has been publicly known to be in relationships with women and has not publicly identified as anything other than straight.
Danai Gurira,82104,Unknown,low,"Danai Gurira has not publicly disclosed her sexuality, and there is no clear information regarding her relationships that would allow for a definitive categorization."
Brad Pitt,287,Straight,high,Brad Pitt has been in several high-profile relationships with women and was previously married to Jennifer Aniston and Angelina Jolie. He has not publicly identified as anything other than straight.
Mélanie Laurent,19119,Straight,high,Mélanie Laurent has been in a public relationship with a man and has not publicly identified as anything other than straight.
Christoph Waltz,27319,Straight,high,Christoph Waltz is known to be married to an opposite-sex partner and has not publicly identified as anything other than straight.
Eli Roth,16847,Straight,high,Eli Roth has been publicly known to be in relationships with women and has not publicly identified as anything other than straight.
Michael Fassbender,17288,Straight,high,"Michael Fassbender is known to be in a long-term relationship with actress Alicia Vikander, and they are married. There is no public disclosure of any same-sex relationships or statements regarding his sexuality."
Diane Kruger,9824,Straight,high,Diane Kruger has been in public relationships with men and has not publicly identified as anything other than straight.
Daniel Brühl,3872,Straight,high,Daniel Brühl is known to be in a long-term relationship with a woman and has not publicly identified as anything other than straight.
Til Schweiger,1844,Straight,high,Til Schweiger has been in public relationships with women and has not publicly identified as anything other than straight.
Gedeon Burkhard,32823,Straight,high,Gedeon Burkhard has been publicly known to be in relationships with women and has not disclosed any same-sex relationships or identified as anything other than straight.
Jacky Ido,51636,Unknown,low,"There is no publicly available information regarding Jacky Ido's sexuality, and he has not made any explicit statements about it."
B. J. Novak,107770,Unknown,low,"B. J. Novak has not publicly disclosed his sexuality, and there is no clear information regarding his relationships that would allow for a definitive categorization."
Omar Doom,23286,Unknown,low,"Omar Doom has not publicly disclosed his sexuality, and there is no clear information regarding his relationships."
August Diehl,6091,Straight,high,"August Diehl is known to be married to a woman, and there is no public information indicating he has identified as anything other than straight."
Denis Ménochet,81125,Unknown,low,"Denis Ménochet has not publicly disclosed his sexuality, and there is no clear information regarding his relationships that would allow for a definitive categorization."
Sylvester Groth,41965,Unknown,low,"There is no publicly available information regarding Sylvester Groth's sexuality, and he has not made any explicit statements about it."
Martin Wuttke,49056,Unknown,low,"There is no publicly available information regarding Martin Wuttke's sexuality, and he has not made any explicit statements about it."
Mike Myers,12073,Straight,high,Mike Myers is married to a woman and has not publicly identified as anything other than straight.
Julie Dreyfus,2539,Unknown,low,"Julie Dreyfus has not publicly disclosed her sexuality, and there is no clear information regarding her relationships that would allow for a definitive categorization."
Richard Sammel,49487,Unknown,low,"There is no publicly available information regarding Richard Sammel's sexuality, and he has not made any explicit statements about it."
Alexander Fehling,31663,Unknown,low,"There is no publicly available information regarding Alexander Fehling's sexuality, and he has not made any explicit statements about it."
Miles Teller,996701,Straight,high,"Miles Teller is married to Keleigh Sperry, and there is no public information indicating he identifies as anything other than straight."
J.K. Simmons,18999,Straight,high,"J.K. Simmons is married to a woman, Michelle Schumacher, and has not publicly identified as anything other than straight."
Paul Reiser,781,Straight,high,"Paul Reiser is married to a woman, and there is no public information indicating he has identified as anything other than straight."
Melissa Benoist,129104,Straight,high,"Melissa Benoist is married to a man, and there is no public information indicating she identifies as anything other than straight."
Austin Stowell,970216,Straight,high,Austin Stowell has been publicly known to be in a relationship with a woman and has not disclosed any information suggesting otherwise.
Nate Lang,1451540,Unknown,low,"There is no publicly available information regarding Nate Lang's sexuality, and he has not made any explicit statements about it."
Chris Mulkey,15824,Straight,high,"Chris Mulkey is known to be married to a woman, which aligns with the criteria for identifying as Straight."
Damon Gupton,53454,Unknown,low,"Damon Gupton has not publicly disclosed his sexuality, and there is no clear information regarding his relationships."
Suanne Spoke,1212459,Unknown,low,"There is no publicly available information regarding Suanne Spoke's sexuality, and she has not made any explicit statements about it."
Max Kasch,52939,Unknown,low,"Max Kasch has not publicly disclosed his sexuality, and there is limited information available regarding his relationships."
Charlie Ian,1451542,Unknown,low,"There is no publicly available information regarding Charlie Ian's sexuality, and he has not made any explicit statements about it."
Jayson Blair,223012,Unknown,low,"Jayson Blair has not publicly disclosed his sexuality, and there is limited information available regarding his relationships."
Kofi Siriboe,1451543,Straight,high,Kofi Siriboe has been publicly linked to opposite-sex relationships and has not disclosed any same-sex relationships or identified as anything other than straight.
Kavita Patil,159366,Unknown,low,"There is no publicly available information regarding Kavita Patil's sexuality, and she has not made any statements about it."
C.J. Vana,1451545,Unknown,low,"There is no publicly available information regarding C.J. Vana's sexuality, and he has not made any explicit statements on the matter."
Tarik Lowe,171766,Unknown,low,"There is no publicly available information regarding Tarik Lowe's sexuality, and he has not made any statements or disclosures on the matter."
Tyler Kimball,1398714,Unknown,low,"There is no publicly available information regarding Tyler Kimball's sexuality, and he has not made any statements or disclosures about it."
Rogelio Douglas Jr.,1503721,Unknown,low,"There is limited public information regarding Rogelio Douglas Jr.'s sexuality, and he has not made any explicit statements about it."
Adrian Burks,1503834,Unknown,low,"There is no publicly available information regarding Adrian Burks' sexuality, and he has not made any statements or disclosures about it."
Calvin C. Winbush,1145677,Unknown,low,"There is no publicly available information regarding Calvin C. Winbush's sexuality, and he has not made any statements on the subject."
Antonio Banderas,3131,Straight,high,Antonio Banderas has been publicly known to be in relationships with women and was previously married to actress Melanie Griffith.
Salma Hayek Pinault,3136,Straight,high,"Salma Hayek Pinault is married to François-Henri Pinault, and she has not publicly identified as anything other than straight."
Zach Galifianakis,58225,Straight,high,"Zach Galifianakis is married to a woman, which indicates a straight orientation. He has not publicly identified as anything other than straight."
Billy Bob Thornton,879,Straight,high,Billy Bob Thornton has been married to women and has not publicly identified as anything other than straight.
Amy Sedaris,12110,Unknown,low,"Amy Sedaris has not publicly disclosed her sexuality, and there is no clear information regarding her relationships that would allow for a definitive categorization."
Constance Marie,92326,Straight,high,Constance Marie has been in a long-term relationship with a man and has not publicly identified as anything other than straight.
Mike Mitchell,64151,Straight,high,"Mike Mitchell is known to be married to a woman, which aligns with the criteria for identifying as Straight."
Rich Dietl,936666,Unknown,low,"There is no publicly available information regarding Rich Dietl's sexuality, and he has not made any statements about it."
Guillermo del Toro,10828,Unknown,low,"Guillermo del Toro has not publicly disclosed his sexuality, and there is no clear information regarding his relationships that would allow for a definitive categorization."
Conrad Vernon,12080,Straight,high,"Conrad Vernon is known to be in a long-term relationship with a woman, and there is no public information indicating he has identified as anything other than straight."
Chris Miller,12098,Unknown,low,"There is no publicly available information regarding Chris Miller's sexuality, and he has not made any explicit statements on the subject."
Ryan Crego,936667,Unknown,low,"There is no publicly available information regarding Ryan Crego's sexuality, and he has not made any explicit statements about it."
Tom Wheeler,936668,Unknown,low,"There is no publicly available information regarding Tom Wheeler's sexuality, and he has not made any explicit statements on the subject."
Tom McGrath,18864,Unknown,low,"There is no publicly available information regarding Tom McGrath's sexuality, and he has not made any explicit statements on the matter."
Bob Joles,179702,Unknown,low,"There is no publicly available information regarding Bob Joles' sexuality, and he has not made any explicit statements about it."
Latifa Ouaou,936669,Unknown,low,"There is no publicly available information regarding Latifa Ouaou's sexuality, and she has not made any explicit statements on the matter."
Jessica Schulte,936672,Unknown,low,"There is no publicly available information regarding Jessica Schulte's sexuality, and she has not made any statements or disclosures about it."
Bob Persichetti,936670,Unknown,low,"There is no publicly available information regarding Bob Persichetti's sexuality, and he has not made any statements on the subject."
Nina Barry,936674,Unknown,low,"There is no publicly available information regarding Nina Barry's sexuality, and she has not made any statements about it."
Anthony Gonzalez,1193391,Unknown,low,"There is no publicly available information regarding Anthony Gonzalez's sexuality, and he has not made any explicit statements about it."
Gael García Bernal,258,Unknown,low,"Gael García Bernal has not publicly disclosed his sexuality in a clear manner. While he has been in relationships with women, he has not explicitly identified his sexual orientation."
Benjamin Bratt,4589,Straight,high,"Benjamin Bratt is married to Talisa Soto, which indicates a heterosexual relationship. He has not publicly identified as anything other than straight."
Alanna Ubach,10402,Straight,high,"Alanna Ubach is known to be married to a man, and there is no public information indicating any same-sex relationships or a different sexual orientation."
Renée Victor,154004,Unknown,low,"There is no publicly available information regarding Renée Victor's sexuality, and she has not made any explicit statements about it."
Jaime Camil,545087,Straight,high,Jaime Camil is married to a woman and has not publicly identified as anything other than straight.
Alfonso Arau,22767,Straight,high,"Alfonso Arau has been married to a woman, which indicates a heterosexual relationship. There is no public information suggesting he identifies as anything other than straight."
Herbert Siguenza,178667,Unknown,low,"There is no publicly available information regarding Herbert Siguenza's sexuality, and he has not made any explicit statements on the matter."
Gabriel Iglesias,86498,Straight,high,Gabriel Iglesias has publicly discussed his relationships with women and has not identified as anything other than straight.
Lombardo Boyar,4992,Unknown,low,"There is no publicly available information regarding Lombardo Boyar's sexuality, and he has not made any explicit statements about it."
Ana Ofelia Murguía,1043869,Unknown,low,"There is no publicly available information regarding Ana Ofelia Murguía's sexuality, and she has not made any explicit statements about it."
Natalia Cordova-Buckley,1693947,Unknown,low,"There is no publicly available information regarding Natalia Cordova-Buckley's sexuality, and she has not made any explicit statements about it."
Sofía Espinosa,1007527,Unknown,low,"Sofía Espinosa has not publicly disclosed her sexuality, and there is limited information available regarding her relationships."
Selene Luna,48161,Unknown,low,"Selene Luna has not publicly disclosed her sexuality, and there is limited information available regarding her relationships."
Edward James Olmos,587,Unknown,low,"Edward James Olmos has not publicly disclosed his sexuality, and there is no clear information regarding his sexual orientation."
Carla Medina,1938082,Unknown,low,"There is no publicly available information regarding Carla Medina's sexuality, and she has not made any explicit statements about it."
Dyana Ortelli,104382,Unknown,low,"There is no publicly available information regarding Dyana Ortelli's sexuality, and she has not made any statements or disclosures about it."
Luis Valdez,82219,Unknown,low,"Luis Valdez has not publicly disclosed his sexuality, and there is no clear information regarding his relationships that would allow for a definitive categorization."
Blanca Araceli,1830409,Unknown,low,"There is no publicly available information regarding Blanca Araceli's sexuality, and she has not made any statements about it."
Salvador Reyes,1496949,Unknown,low,"There is no publicly available information regarding Salvador Reyes' sexuality, and he has not made any statements about it."
Vincent Cassel,1925,Straight,high,"Vincent Cassel has been publicly known to be in relationships with women, including his marriage to actress Monica Bellucci, and has not publicly identified as anything other than straight."
Hubert Koundé,5418,Unknown,low,"There is no publicly available information regarding Hubert Koundé's sexuality, and he has not made any explicit statements about it."
Saïd Taghmaoui,5419,Unknown,low,"Saïd Taghmaoui has not publicly disclosed his sexuality, and there is no clear information regarding his relationships that would allow for a definitive categorization."
Abdel Ahmed Ghili,5420,Unknown,low,"There is no publicly available information regarding Abdel Ahmed Ghili's sexuality, and he has not made any statements about it."
Solo,5422,Unknown,low,"There is no publicly available information regarding Solo's sexuality, and they have not made any explicit statements on the matter."
Joseph Momo,5423,Unknown,low,"There is no publicly available information regarding Joseph Momo's sexuality, and he has not made any statements or disclosures about it."
Héloïse Rauth,5424,Unknown,low,"There is no publicly available information regarding Héloïse Rauth's sexuality, and she has not made any explicit statements about it."
Rywka Wajsbrot,1347614,Unknown,low,"There is no publicly available information regarding Rywka Wajsbrot's sexuality, and she has not made any statements on the topic."
Olga Abrego,1347615,Unknown,low,"There is no publicly available information regarding Olga Abrego's sexuality, and she has not made any statements about it."
Laurent Labasse,579488,Unknown,low,"There is no publicly available information regarding Laurent Labasse's sexuality, and he has not made any explicit statements about it."
Choukri Gabteni,64546,Unknown,low,"There is no publicly available information regarding Choukri Gabteni's sexuality, and he has not made any explicit statements on the matter."
Nabil Ben Mhamed,2623427,Unknown,low,"There is no publicly available information regarding Nabil Ben Mhamed's sexuality, and he has not made any explicit statements on the topic."
Benoît Magimel,5442,Straight,high,Benoît Magimel has been in public relationships with women and has not publicly identified as anything other than straight.
Médard Niang,2623429,Unknown,low,"There is no publicly available information regarding Médard Niang's sexuality, and he has not made any explicit statements about it."
Arash Mansour,2623400,Unknown,low,"There is no publicly available information regarding Arash Mansour's sexuality, and he has not made any explicit statements about it."
Abdel-Moulah Boujdouni,2623430,Unknown,low,"There is no publicly available information regarding Abdel-Moulah Boujdouni's sexuality, and he has not disclosed any details about his sexual orientation."
Mathilde Vitry,961888,Unknown,low,"There is limited public information regarding Mathilde Vitry's sexuality, and she has not made any explicit statements about it."
Christian Moro,572508,Unknown,low,"There is no publicly available information regarding Christian Moro's sexuality, and he has not made any statements about it."
Édouard Montoute,5441,Unknown,low,"There is no publicly available information regarding Édouard Montoute's sexuality, and he has not made any explicit statements on the subject."
JiBi,2399927,Unknown,low,"There is no publicly available information regarding JiBi's sexuality, and they have not made any statements or disclosures about it."
Emily Blunt,5081,Straight,high,"Emily Blunt is married to actor John Krasinski, and there is no public information indicating she identifies as anything other than straight."
Matt Damon,1892,Straight,high,"Matt Damon is married to a woman, Luciana Barroso, and has not publicly identified as anything other than straight."
Florence Pugh,1373737,Unknown,low,"Florence Pugh has not publicly disclosed her sexuality in a clear manner. While she has been in relationships with men, she has not explicitly identified her sexuality or discussed it publicly."
Josh Hartnett,2299,Straight,high,Josh Hartnett has been in public relationships with women and has not publicly identified as anything other than straight.
Casey Affleck,1893,Straight,high,"Casey Affleck has been in public relationships with women and was previously married to actress Summer Phoenix, which aligns with the classification of 'Straight'."
Rami Malek,17838,Unknown,low,"Rami Malek has not publicly disclosed his sexuality, and there is no clear information regarding his relationships that would allow for a definitive categorization."
Kenneth Branagh,11181,Straight,high,"Kenneth Branagh has been married to women, including actress Emma Thompson and director Lindsay Brunnock, and has not publicly identified as anything other than straight."
Benny Safdie,227564,Straight,high,"Benny Safdie is married to a woman, which indicates a heterosexual relationship. He has not publicly disclosed any information that suggests otherwise."
Jason Clarke,76512,Straight,high,"Jason Clarke is known to be married to an opposite-sex partner, and there is no public information indicating he identifies as anything other than straight."
Dylan Arnold,1039523,Unknown,low,"Dylan Arnold has not publicly disclosed his sexuality, and there is no clear information regarding his relationships."
Tom Conti,71010,Straight,high,"Tom Conti is known to be married to an opposite-sex partner, and there is no public information indicating he has identified as anything other than straight."
James D'Arcy,19655,Straight,high,"James D'Arcy is known to be married to a woman, which aligns with the criteria for identifying as Straight."
David Dastmalchian,83854,Straight,high,David Dastmalchian is married to a woman and has not publicly identified as anything other than straight.
Dane DeHaan,122889,Straight,high,"Dane DeHaan is married to actress Anna Wood, and there is no public information indicating he identifies as anything other than straight."
Alden Ehrenreich,71375,Straight,high,Alden Ehrenreich has been publicly linked to opposite-sex relationships and has not disclosed any information suggesting otherwise.
Tony Goldwyn,3417,Straight,high,"Tony Goldwyn is married to a woman, and there is no public information indicating he has identified as anything other than straight."
Jefferson Hall,109322,Unknown,low,"Jefferson Hall has not publicly disclosed his sexuality, and there is no clear information regarding his relationships."
David Krumholtz,38582,Straight,high,David Krumholtz is married to an opposite-sex partner and has not publicly identified as anything other than straight.
Ralph Fiennes,5469,Straight,high,Ralph Fiennes has been in public relationships with women and has not publicly identified as anything other than straight.
F. Murray Abraham,1164,Straight,high,"F. Murray Abraham has been married to a woman, and there is no public information indicating he has identified as anything other than straight."
Mathieu Amalric,8789,Unknown,low,"Mathieu Amalric has not publicly disclosed his sexuality, and there is no clear information regarding his relationships that would allow for a definitive categorization."
Adrien Brody,3490,Straight,high,Adrien Brody has been publicly linked to women in relationships and has not disclosed any same-sex relationships or identified as anything other than straight.
Willem Dafoe,5293,Straight,high,"Willem Dafoe has been in a long-term relationship with actress Giada Colagrande, and there is no public information indicating he identifies as anything other than straight."
Jeff Goldblum,4785,Straight,high,Jeff Goldblum has been married to women and has not publicly identified as anything other than straight.
Jude Law,9642,Straight,high,Jude Law has been in several public relationships with women and has not publicly identified as anything other than straight.
Bill Murray,1532,Straight,high,Bill Murray has been married to women and has not publicly identified as anything other than straight.
Edward Norton,819,Straight,high,"Edward Norton has been publicly known to be in relationships with women and is currently married to a woman, which aligns with the classification of 'Straight'."
Saoirse Ronan,36592,Unknown,low,"Saoirse Ronan has not publicly disclosed her sexuality, and there is no clear information regarding her relationships that would allow for a definitive categorization."
Jason Schwartzman,17881,Straight,high,"Jason Schwartzman is married to an opposite-sex partner, and there is no public information indicating he identifies as anything other than straight."
Léa Seydoux,121529,Unknown,low,"Léa Seydoux has not publicly disclosed her sexuality, and while she has been linked to both men and women in the past, she has not explicitly identified with any specific label."
Tilda Swinton,3063,Unknown,low,"Tilda Swinton has not publicly disclosed her sexuality in a clear manner. While she has been in relationships with both men and women, she has not explicitly identified with a specific label."
Tom Wilkinson,207,Straight,high,"Tom Wilkinson is known to be married to a woman, and there is no public information indicating he has identified as anything other than straight."
Owen Wilson,887,Straight,high,Owen Wilson has been in public relationships with women and has not publicly identified as anything other than straight.
Tony Revolori,1291350,Unknown,low,"Tony Revolori has not publicly disclosed his sexuality, and there is no clear information regarding his relationships."
Larry Pine,19511,Unknown,low,"There is no publicly available information regarding Larry Pine's sexuality, and he has not made any explicit statements about it."
Giselda Volodi,76340,Unknown,low,"There is no publicly available information regarding Giselda Volodi's sexuality, and she has not made any statements on the topic."
Florian Lukas,4795,Unknown,low,"Florian Lukas has not publicly disclosed his sexuality, and there is limited information available regarding his personal relationships."
Jonah Hill,21007,Straight,high,Jonah Hill has been publicly known to be in relationships with women and has not publicly identified as anything other than straight.
Margot Robbie,234352,Straight,high,"Margot Robbie is married to Tom Ackerley, which indicates her sexuality as Straight based on the guidelines provided."
Matthew McConaughey,10297,Straight,high,"Matthew McConaughey is married to a woman, Camila Alves, and has not publicly identified as anything other than straight."
Kyle Chandler,3497,Straight,high,"Kyle Chandler is married to a woman, and there is no public information indicating he has identified as anything other than straight."
Rob Reiner,3026,Straight,high,Rob Reiner has been married to women and has not publicly identified as anything other than straight.
Jon Bernthal,19498,Straight,high,"Jon Bernthal is married to a woman, Erin Angle, and has not publicly identified as anything other than straight."
Jon Favreau,15277,Straight,high,"Jon Favreau is married to a woman, and there is no public information indicating he has identified as anything other than straight."
Jean Dujardin,56024,Straight,high,"Jean Dujardin is known to be married to a woman, and there is no public information indicating he has identified as anything other than straight."
Joanna Lumley,34901,Straight,high,Joanna Lumley has been in a long-term relationship with a man and has not publicly identified as anything other than straight.
Christine Ebersole,4003,Straight,high,Christine Ebersole has been married to a man and has not publicly identified as anything other than straight.
Shea Whigham,74242,Straight,high,Shea Whigham is married to a woman and has not publicly identified as anything other than straight.
Katarina Čas,549981,Unknown,low,"There is no publicly available information regarding Katarina Čas's sexuality, and she has not made any explicit statements about it."
P.J. Byrne,1211946,Unknown,low,"P.J. Byrne has not publicly disclosed his sexuality, and there is no clear information regarding his relationships that would indicate a specific category."
Kenneth Choi,41561,Straight,high,Kenneth Choi is married to a woman and has not publicly disclosed any information that suggests otherwise.
Brian Sacca,1332746,Straight,high,"Brian Sacca is known to be married to a woman, which indicates a heterosexual relationship. There is no public information suggesting otherwise."
Henry Zebrowski,1332747,Straight,high,"Henry Zebrowski is married to a woman, and there is no public information indicating he has identified as anything other than straight."
Ethan Suplee,824,Straight,high,Ethan Suplee is married to a woman and has not publicly identified as anything other than straight.
Barry Rothbart,1633868,Unknown,low,"Barry Rothbart has not publicly disclosed his sexuality, and there is no clear information regarding his relationships that would allow for a definitive categorization."
Roman Griffin Davis,2054851,Unknown,low,"Roman Griffin Davis has not publicly disclosed his sexuality, and there is no available information regarding his relationships that would indicate a specific category."
Thomasin McKenzie,1356758,Unknown,low,"Thomasin McKenzie has not publicly disclosed her sexuality, and there is no clear information regarding her relationships."
Taika Waititi,55934,Straight,high,"Taika Waititi has been publicly known to be in relationships with women and was previously married to a woman, which aligns with the classification of 'Straight'."
Sam Rockwell,6807,Straight,high,"Sam Rockwell is known to be in a long-term relationship with actress Leslie Bibb, and there is no public information indicating he identifies as anything other than straight."
Rebel Wilson,221581,Bisexual,high,"Rebel Wilson publicly came out as bisexual in June 2022, stating her attraction to both men and women."
Alfie Allen,71586,Straight,high,Alfie Allen has been publicly known to be in relationships with women and has not publicly identified as anything other than straight.
Stephen Merchant,39189,Straight,high,Stephen Merchant has been in a public relationship with a woman and has not publicly identified as anything other than straight.
Archie Yates,2089892,Unknown,low,"Archie Yates has not publicly disclosed his sexuality, and there is no available information regarding his relationships."
Luke Brandon Field,59096,Unknown,low,"There is no publicly available information regarding Luke Brandon Field's sexuality, and he has not made any explicit statements about it."
Sam Haygarth,2550505,Unknown,low,"There is no publicly available information regarding Sam Haygarth's sexuality, and he has not made any statements or disclosures about it."
Stanislav Callas,2130205,Unknown,low,"There is no publicly available information regarding Stanislav Callas's sexuality, and he has not made any statements on the matter."
Joe Weintraub,1759586,Unknown,low,"There is no publicly available information regarding Joe Weintraub's sexuality, and he has not made any statements on the subject."
Brian Caspe,25730,Unknown,low,"There is no publicly available information regarding Brian Caspe's sexuality, and he has not made any explicit statements about it."
Gabriel Andrews,1302199,Unknown,low,"There is no publicly available information regarding Gabriel Andrews' sexuality, and he has not made any explicit statements on the topic."
Billy Rayner,2550504,Unknown,low,"There is no publicly available information regarding Billy Rayner's sexuality, and he has not made any statements about it."
Christian Howlings,2550503,Unknown,low,"There is no publicly available information regarding Christian Howlings' sexuality, and he has not made any statements or disclosures about it."
Gilby Griffin Davis,2630081,Unknown,low,"There is no publicly available information regarding Gilby Griffin Davis's sexuality, and he has not made any statements about it."
Hardy Griffin Davis,2550502,Unknown,low,"There is no publicly available information regarding Hardy Griffin Davis's sexuality, and he has not made any statements or disclosures about it."
Curtis Matthew,25732,Unknown,low,"There is no publicly available information regarding Curtis Matthew's sexuality, and he has not made any statements on the topic."
Lucy Liu,140,Unknown,low,"Lucy Liu has not publicly disclosed her sexuality in a clear manner. While she has been in relationships with both men and women, she has not explicitly identified with a specific label."
Vivica A. Fox,2535,Straight,high,Vivica A. Fox has been in public relationships with men and has not publicly identified as anything other than straight.
Daryl Hannah,589,Straight,high,Daryl Hannah has been in public relationships with men and has not publicly identified as anything other than straight.
David Carradine,141,Straight,high,David Carradine was married multiple times to women and did not publicly disclose any same-sex relationships.
Michael Madsen,147,Straight,high,Michael Madsen has been married to women and has not publicly identified as anything other than straight.
Chiaki Kuriyama,2538,Unknown,low,"Chiaki Kuriyama has not publicly disclosed her sexuality, and there is no clear information regarding her relationships that would indicate a specific category."
Sonny Chiba,2537,Straight,high,Sonny Chiba was married to a woman and has not publicly disclosed any information suggesting otherwise.
Gordon Liu Chia-Hui,240171,Unknown,low,"There is no publicly available information regarding Gordon Liu Chia-Hui's sexuality, and he has not made any explicit statements about it."
Michael Parks,2536,Unknown,low,"Michael Parks has not publicly disclosed his sexuality, and there is limited information available regarding his personal relationships."
Michael Bowen,2234,Unknown,low,"There is no publicly available information regarding Michael Bowen's sexuality, and he has not made any explicit statements about it."
Jun Kunimura,2541,Unknown,low,"There is no publicly available information regarding Jun Kunimura's sexuality, and he has not made any explicit statements about it."
Kenji Ohba,138435,Unknown,low,"There is no publicly available information regarding Kenji Ohba's sexuality, and he has not made any explicit statements about it."
Yuki Kazamatsuri,545394,Unknown,low,"There is no publicly available information regarding Yuki Kazamatsuri's sexuality, and they have not made any statements or disclosures about it."
James Parks,87312,Straight,high,"James Parks is known to be married to a woman, and there is no public information indicating any same-sex relationships or a different sexual orientation."
Sakichi Sato,58616,Unknown,low,"There is no publicly available information regarding Sakichi Sato's sexuality, and he has not made any statements about it."
Jonathan Loughran,58477,Unknown,low,"There is no publicly available information regarding Jonathan Loughran's sexuality, and he has not made any explicit statements about it."
Yoshiyuki Morishita,79458,Unknown,low,"There is no publicly available information regarding Yoshiyuki Morishita's sexuality, and he has not made any explicit statements about it."
Tetsuro Shimaguchi,1594799,Unknown,low,"There is no publicly available information regarding Tetsuro Shimaguchi's sexuality, and he has not made any explicit statements on the matter."
Amy Poehler,56322,Straight,high,"Amy Poehler has been publicly known to be in relationships with men, including her marriage to Will Arnett, and has not publicly identified as anything other than straight."
Phyllis Smith,169200,Unknown,low,"Phyllis Smith has not publicly disclosed her sexuality, and there is limited information available regarding her personal relationships."
Richard Kind,21125,Straight,high,"Richard Kind is married to a woman, which aligns with the definition of being straight. He has not publicly identified as anything other than straight."
Bill Hader,19278,Straight,high,"Bill Hader has been publicly known to be in relationships with women and was previously married to a woman, which aligns with the classification of 'Straight'."
Lewis Black,59258,Straight,high,Lewis Black has been publicly known to be in relationships with women and has not publicly identified as anything other than straight.
Mindy Kaling,125167,Unknown,medium,"Mindy Kaling has not publicly disclosed her sexuality in a clear manner. While she has been in relationships with men, she has not explicitly identified her sexual orientation."
Kaitlyn Dias,1371894,Unknown,low,"Kaitlyn Dias has not publicly disclosed her sexuality, and there is no clear information regarding her relationships."
Diane Lane,2882,Straight,high,Diane Lane has been publicly known to be in relationships with men and was previously married to actor Josh Brolin. There is no public disclosure of her identifying as anything other than straight.
Kyle MacLachlan,6677,Straight,high,"Kyle MacLachlan is married to a woman, and there is no public information indicating he has identified as anything other than straight."
Paula Poundstone,196502,Unknown,medium,"Paula Poundstone has not publicly disclosed her sexuality in a clear manner. While she has discussed her personal life, there is no definitive statement regarding her sexual orientation."
Bobby Moynihan,452205,Straight,high,"Bobby Moynihan is married to a woman, and there is no public information indicating he identifies as anything other than straight."
Paula Pell,1226294,Unknown,low,"Paula Pell has not publicly disclosed her sexuality, and there is limited information available regarding her relationships."
Dave Goelz,64181,Unknown,low,"There is no publicly available information regarding Dave Goelz's sexuality, and he has not made any explicit statements about it."
Frank Oz,7908,Straight,high,"Frank Oz has been married to a woman, which indicates a heterosexual relationship. There is no public information suggesting he identifies as anything other than straight."
Josh Cooley,84496,Unknown,low,"There is no publicly available information regarding Josh Cooley's sexuality, and he has not made any explicit statements about it."
Flea,1237,Unknown,low,"Flea has not publicly disclosed his sexuality, and there is limited information available regarding his relationships."
John Ratzenberger,7907,Straight,high,John Ratzenberger has been married to a woman and has not publicly identified as anything other than straight.
Carlos Alazraqui,59784,Straight,high,Carlos Alazraqui is known to be married to a woman and has not publicly disclosed any information that suggests otherwise.
Peter Sagal,1531657,Straight,high,"Peter Sagal is known to be married to a woman, and there is no public information indicating he has identified as anything other than straight."
Rashida Jones,80591,Straight,high,Rashida Jones has been in a long-term relationship with a man and has not publicly identified as anything other than straight.
Caleb McLaughlin,1474123,Unknown,low,"Caleb McLaughlin has not publicly disclosed his sexuality, and there is no clear information regarding his relationships that would indicate a specific category."
Gabrielle Union,17773,Straight,high,"Gabrielle Union is married to Dwyane Wade, and she has not publicly identified as anything other than straight."
Stephen Curry,1718307,Straight,high,"Stephen Curry is married to Ayesha Curry, and there is no public information indicating he has identified as anything other than straight."
Aaron Pierre,1763709,Unknown,low,"Aaron Pierre has not publicly disclosed his sexuality, and there is no clear information regarding his relationships that would allow for a definitive categorization."
Nicola Coughlan,1267240,Unknown,low,"Nicola Coughlan has not publicly disclosed her sexuality, and there is no clear information regarding her relationships that would allow for a definitive categorization."
David Harbour,35029,Straight,high,"David Harbour is married to Lily Allen, which indicates a heterosexual relationship. He has not publicly identified as anything other than straight."
Nick Kroll,208519,Straight,high,"Nick Kroll is married to an opposite-sex partner, which aligns with the criteria for identifying as Straight."
Jenifer Lewis,15899,Unknown,low,"Jenifer Lewis has not publicly disclosed her sexuality in a clear manner, and there is limited information available regarding her relationships."
Patton Oswalt,10872,Straight,high,"Patton Oswalt is known to be married to a woman, and he has not publicly identified as anything other than straight."
Jelly Roll,2974019,Straight,high,Jelly Roll is known to be married to an opposite-sex partner and has not publicly disclosed any information that suggests otherwise.
Jennifer Hudson,15565,Straight,high,Jennifer Hudson has been in a long-term relationship with a man and has not publicly identified as anything other than straight.
Sherry Cola,2088734,Unknown,low,"Sherry Cola has not publicly disclosed her sexuality, and there is no clear information regarding her relationships that would allow for a definitive categorization."
Eduardo Franco,1653235,Unknown,low,"Eduardo Franco has not publicly disclosed his sexuality, and there is no clear information regarding his relationships."
Andrew Santino,1181310,Straight,high,Andrew Santino is known to be in a public relationship with a woman and has not publicly identified as anything other than straight.
Bobby Lee,198149,Straight,high,Bobby Lee has been in a public relationship with a woman and has not publicly identified as anything other than straight.
Wayne Knight,4201,Straight,high,"Wayne Knight is known to be married to a woman, which aligns with the criteria for identifying as Straight."
Ayesha Curry,2122137,Straight,high,"Ayesha Curry is married to NBA player Stephen Curry, and she has not publicly identified as anything other than straight."
Van Van,5303617,Unknown,low,"There is no publicly available information regarding Van Van's sexuality, and they have not made any statements about it."
Rayaan Kamal Khan,5127007,Unknown,low,"There is no publicly available information regarding Rayaan Kamal Khan's sexuality, and he has not made any explicit statements about it."
Adam Pally,115974,Straight,high,Adam Pally is married to an opposite-sex partner and has not publicly disclosed any other sexual orientation.
Dakota Fanning,501,Unknown,low,"Dakota Fanning has not publicly disclosed her sexuality, and there is no clear information regarding her relationships that would allow for a definitive categorization."
Teri Hatcher,10742,Straight,high,Teri Hatcher has been publicly known to be in relationships with men and has not publicly identified as anything other than straight.
Jennifer Saunders,12094,Straight,high,"Jennifer Saunders is known to be married to a man, and there is no public information indicating she has identified as anything other than straight."
Dawn French,5539,Straight,high,"Dawn French has been married to a man, and there is no public disclosure of her being in a same-sex relationship."
Keith David,65827,Straight,high,"Keith David is known to be married to a woman, which aligns with the classification of 'Straight'. There is no public information indicating otherwise."
John Hodgman,77344,Straight,high,John Hodgman is married to a woman and has not publicly identified as anything other than straight.
Robert Bailey Jr.,55426,Unknown,low,"There is no publicly available information regarding Robert Bailey Jr.'s sexuality, and he has not made any explicit statements on the matter."
Ian McShane,6972,Straight,high,Ian McShane has been in a long-term relationship with a woman and has not publicly identified as anything other than straight.
Aankha Neal,2011351,Unknown,low,"There is no publicly available information regarding Aankha Neal's sexuality, and they have not made any statements on the topic."
George Selick,2011353,Unknown,low,"There is no publicly available information regarding George Selick's sexuality, and he has not made any statements on the topic."
Hannah Kaiser,2011354,Unknown,low,"There is no publicly available information regarding Hannah Kaiser's sexuality, and she has not made any explicit statements about it."
Harry Selick,2011355,Unknown,low,"There is no publicly available information regarding Harry Selick's sexuality, and he has not made any explicit statements on the matter."
Marina Budovsky,2011356,Unknown,low,"There is no publicly available information regarding Marina Budovsky's sexuality, and she has not made any explicit statements about it."
Emerson Tenney,2011359,Unknown,low,"There is no publicly available information regarding Emerson Tenney's sexuality, and they have not made any explicit statements on the matter."
Jerome Ranft,7960,Unknown,low,"There is no publicly available information regarding Jerome Ranft's sexuality, and he has not made any explicit statements about it."
Christopher Murrie,983740,Unknown,low,"There is no publicly available information regarding Christopher Murrie's sexuality, and he has not made any statements about it."
Jeremy Ryder,2011360,Unknown,low,"There is limited public information available about Jeremy Ryder's sexuality, and he has not made any explicit statements regarding it."
Carolyn Crawford,2011361,Unknown,low,"There is limited public information regarding Carolyn Crawford's sexuality, and she has not made any explicit statements about it."
Yona Prost,1485172,Unknown,low,"There is no publicly available information regarding Yona Prost's sexuality, and they have not made any statements or disclosures on the topic."
John Linnell,93463,Unknown,low,"There is no publicly available information regarding John Linnell's sexuality, and he has not made any explicit statements on the topic."
Mason Thames,2803710,Unknown,low,"Mason Thames has not publicly disclosed his sexuality, and there is no clear information regarding his relationships."
Nico Parker,2064124,Unknown,low,"Nico Parker has not publicly disclosed her sexuality, and there is no clear information regarding her relationships."
Gerard Butler,17276,Straight,high,Gerard Butler has been publicly linked to several women and has not disclosed any same-sex relationships or identified as anything other than straight.
Nick Frost,11109,Straight,high,"Nick Frost is known to be married to a woman, which aligns with the classification of 'Straight'. There is no public information indicating otherwise."
Gabriel Howell,3792786,Unknown,low,"There is limited public information regarding Gabriel Howell's sexuality, and he has not made any explicit statements about it."
Julian Dennison,1139349,Unknown,low,"Julian Dennison has not publicly disclosed his sexuality, and there is no available information regarding his relationships that would indicate a specific category."
Bronwyn James,1587577,Unknown,low,"There is no publicly available information regarding Bronwyn James' sexuality, and she has not made any explicit statements about it."
Harry Trevaldwyn,2104260,Unknown,low,"There is limited public information regarding Harry Trevaldwyn's sexuality, and he has not made any explicit statements about it."
Murray McArthur,1216581,Unknown,low,"There is no publicly available information regarding Murray McArthur's sexuality, and he has not made any explicit statements about it."
Peter Serafinowicz,11115,Straight,high,Peter Serafinowicz is married to an opposite-sex partner and has not publicly identified as anything other than straight.
Naomi Wirthner,3399457,Unknown,low,"There is no publicly available information regarding Naomi Wirthner's sexuality, and she has not made any explicit statements about it."
Ruth Codd,3295331,Unknown,low,"Ruth Codd has not publicly disclosed their sexuality, and there is limited information available regarding their relationships."
Andrea Ware,1987916,Unknown,low,"There is no publicly available information regarding Andrea Ware's sexuality, and she has not made any explicit statements about it."
Anna Leong Brophy,1593227,Unknown,low,"There is no publicly available information regarding Anna Leong Brophy's sexuality, and she has not made any explicit statements about it."
Marcus Onilude,1919372,Unknown,low,"There is no publicly available information regarding Marcus Onilude's sexuality, and he has not made any statements on the topic."
Pete Selwood,5505971,Unknown,low,"There is limited public information regarding Pete Selwood's sexuality, and he has not made any explicit statements about it."
Daniel-John Williams,2774982,Unknown,low,"There is no publicly available information regarding Daniel-John Williams' sexuality, and he has not made any explicit statements on the matter."
Kate Kennedy,2486590,Unknown,low,"There is limited public information regarding Kate Kennedy's sexuality, and she has not made any explicit statements about it."
Selina Jones,5505972,Unknown,low,"There is no publicly available information regarding Selina Jones' sexuality, and she has not made any explicit statements about it."
Nick Cornwall,1516140,Unknown,low,"There is no publicly available information regarding Nick Cornwall's sexuality, and he has not made any explicit statements on the subject."
Daniel Craig,8784,Straight,high,"Daniel Craig is married to Rachel Weisz, and there is no public information indicating he has identified as anything other than straight."
Ana de Armas,224513,Straight,high,Ana de Armas has been publicly linked to men in relationships and has not disclosed any information suggesting she identifies as anything other than straight.
Jamie Lee Curtis,8944,Straight,high,"Jamie Lee Curtis is married to Christopher Guest, a man, and has not publicly identified as anything other than straight."
Michael Shannon,335,Straight,high,"Michael Shannon is married to a woman, and there is no public information indicating he identifies as anything other than straight."
Don Johnson,25129,Straight,high,Don Johnson has been married to women and has not publicly identified as anything other than straight.
Toni Collette,3051,Straight,high,"Toni Collette is married to a man, and there is no public information indicating she identifies as anything other than straight."
LaKeith Stanfield,1200864,Unknown,low,"LaKeith Stanfield has not publicly disclosed his sexuality, and there is limited information available regarding his relationships."
Christopher Plummer,290,Straight,high,"Christopher Plummer was married to actress Elaine Taylor from 1970 until his death in 2021, and he has not publicly identified as anything other than straight."
Katherine Langford,1636738,Unknown,low,"Katherine Langford has not publicly disclosed her sexuality, and there is no clear information regarding her relationships that would allow for a definitive categorization."
Jaeden Martell,1274508,Unknown,low,"Jaeden Martell has not publicly disclosed his sexuality, and there is no clear information regarding his relationships."
Riki Lindhome,453,Unknown,low,"Riki Lindhome has not publicly disclosed her sexuality, and there is no clear information regarding her relationships that would allow for a definitive categorization."
Edi Patterson,205213,Unknown,low,"Edi Patterson has not publicly disclosed their sexuality, and there is no clear information regarding their relationships."
K Callan,41729,Unknown,low,"K Callan has not publicly disclosed her sexuality, and there is no clear information regarding her relationships."
Noah Segan,48312,Unknown,low,"Noah Segan has not publicly disclosed his sexuality, and there is limited information available regarding his relationships."
M. Emmet Walsh,588,Unknown,low,"M. Emmet Walsh has not publicly disclosed his sexuality, and there is no clear information regarding his relationships that would indicate a specific category."
Marlene Forte,146004,Unknown,low,"There is no publicly available information regarding Marlene Forte's sexuality, and she has not made any explicit statements about it."
Raúl Castillo,557579,Unknown,low,"Raúl Castillo has not publicly disclosed his sexuality, and there is no clear information regarding his relationships that would allow for a definitive categorization."
Shyrley Rodriguez,1709452,Unknown,low,"There is limited public information regarding Shyrley Rodriguez's sexuality, and she has not made any explicit statements about it."
