title,start_year,end_year,genres,tmdb_id,media_type,actor_name,actor_tmdb_id,actor_gender_code,actor_ethnicity,actor_age_at_release,character_name,character_gender,character_ethnicity,gender_mismatch,ethnicity_mismatch,billing_order,role_type,prominence_score,sympathy_coding,arc_quality
The Super Mario Galaxy Movie,2026,2026,Family|Comedy|Adventure|Fantasy|Animation,1226863,movie,Chris Pratt,73457,2,,,Mario (voice),,,,,1,lead,,,
The Super Mario Galaxy Movie,2026,2026,Family|Comedy|Adventure|Fantasy|Animation,1226863,movie,Charlie Day,95101,2,,,Luigi (voice),,,,,2,lead,,,
The Super Mario Galaxy Movie,2026,2026,Family|Comedy|Adventure|Fantasy|Animation,1226863,movie,Anya Taylor-Joy,1397778,1,,,Princess Peach (voice),,,,,3,lead,,,
The Super Mario Galaxy Movie,2026,2026,Family|Comedy|Adventure|Fantasy|Animation,1226863,movie,Jack Black,70851,2,,,Bowser (voice),,,,,4,supporting,,,
The Super Mario Galaxy Movie,2026,2026,Family|Comedy|Adventure|Fantasy|Animation,1226863,movie,Keegan-Michael Key,298410,2,,,Toad (voice),,,,,5,supporting,,,
The Super Mario Galaxy Movie,2026,2026,Family|Comedy|Adventure|Fantasy|Animation,1226863,movie,Benny Safdie,227564,2,,,Bowser Jr. (voice),,,,,6,supporting,,,
The Super Mario Galaxy Movie,2026,2026,Family|Comedy|Adventure|Fantasy|Animation,1226863,movie,Donald Glover,119589,2,,,Yoshi (voice),,,,,7,supporting,,,
The Super Mario Galaxy Movie,2026,2026,Family|Comedy|Adventure|Fantasy|Animation,1226863,movie,Luis Guzmán,40481,2,,,Wart (voice),,,,,8,supporting,,,
The Super Mario Galaxy Movie,2026,2026,Family|Comedy|Adventure|Fantasy|Animation,1226863,movie,Issa Rae,1455336,1,,,Honey Queen (voice),,,,,9,supporting,,,
The Super Mario Galaxy Movie,2026,2026,Family|Comedy|Adventure|Fantasy|Animation,1226863,movie,Kevin Michael Richardson,24362,2,,,Kamek (voice),,,,,10,supporting,,,
The Super Mario Galaxy Movie,2026,2026,Family|Comedy|Adventure|Fantasy|Animation,1226863,movie,Brie Larson,60073,1,,,Rosalina (voice),,,,,11,minor,,,
The Super Mario Galaxy Movie,2026,2026,Family|Comedy|Adventure|Fantasy|Animation,1226863,movie,Glen Powell,83271,2,,,Fox McCloud (voice),,,,,12,minor,,,
The Super Mario Galaxy Movie,2026,2026,Family|Comedy|Adventure|Fantasy|Animation,1226863,movie,Juliet Jelenic,3976319,1,,,Lumalee (voice),,,,,13,minor,,,
The Super Mario Galaxy Movie,2026,2026,Family|Comedy|Adventure|Fantasy|Animation,1226863,movie,Ed Skudder,1208179,2,,,R.O.B. (voice),,,,,14,minor,,,
The Super Mario Galaxy Movie,2026,2026,Family|Comedy|Adventure|Fantasy|Animation,1226863,movie,Roxana Ortega,98292,1,,,Ukiki (voice),,,,,15,minor,,,
The Super Mario Galaxy Movie,2026,2026,Family|Comedy|Adventure|Fantasy|Animation,1226863,movie,Virginia Dare Jelenic,6114304,0,,,Yellow Luma (voice),,,,,16,minor,,,
The Super Mario Galaxy Movie,2026,2026,Family|Comedy|Adventure|Fantasy|Animation,1226863,movie,Eric Bauza,89599,2,,,Toad General / Pajama Toad (voice),,,,,17,minor,,,
The Super Mario Galaxy Movie,2026,2026,Family|Comedy|Adventure|Fantasy|Animation,1226863,movie,Carlos Alazraqui,59784,2,,,Additional Voices (voice),,,,,18,minor,,,
The Super Mario Galaxy Movie,2026,2026,Family|Comedy|Adventure|Fantasy|Animation,1226863,movie,Hope Levy,64450,1,,,Additional Voices (voice),,,,,19,minor,,,
The Super Mario Galaxy Movie,2026,2026,Family|Comedy|Adventure|Fantasy|Animation,1226863,movie,Monia Ayachi,3298731,1,,,Additional Voices (voice),,,,,20,minor,,,
Apex,2026,2026,Action|Thriller,1318447,movie,Charlize Theron,6885,1,,,Sasha,,,,,1,lead,,,
Apex,2026,2026,Action|Thriller,1318447,movie,Taron Egerton,1303037,2,,,Ben,,,,,2,lead,,,
Apex,2026,2026,Action|Thriller,1318447,movie,Eric Bana,8783,2,,,Tommy,,,,,3,lead,,,
Apex,2026,2026,Action|Thriller,1318447,movie,Caitlin Stasey,145245,1,,,Leah,,,,,4,supporting,,,
Apex,2026,2026,Action|Thriller,1318447,movie,Bessie Holland,2933227,1,,,Cashier,,,,,5,supporting,,,
Apex,2026,2026,Action|Thriller,1318447,movie,Zachary Garred,1245420,2,,,Sean,,,,,6,supporting,,,
Apex,2026,2026,Action|Thriller,1318447,movie,Matt Whelan,1046893,2,,,Hunter,,,,,7,supporting,,,
Apex,2026,2026,Action|Thriller,1318447,movie,Rob Carlton,1240306,2,,,2nd Hunter,,,,,8,supporting,,,
Apex,2026,2026,Action|Thriller,1318447,movie,Aaron Pedersen,126579,2,,,Park Ranger,,,,,9,supporting,,,
Apex,2026,2026,Action|Thriller,1318447,movie,Duncan Fellows,1928966,2,,,Dad,,,,,10,supporting,,,
Apex,2026,2026,Action|Thriller,1318447,movie,Julia Ohannessian,3044177,0,,,Mom,,,,,11,minor,,,
Apex,2026,2026,Action|Thriller,1318447,movie,Niam Hogan,6163716,0,,,Boy,,,,,12,minor,,,
Apex,2026,2026,Action|Thriller,1318447,movie,Willow Seager,6163717,0,,,Teenage Daughter,,,,,13,minor,,,
Swapped,2026,2026,Animation|Family|Fantasy|Adventure|Comedy,1007757,movie,Michael B. Jordan,135651,2,,,Ollie (voice),,,,,1,lead,,,
Swapped,2026,2026,Animation|Family|Fantasy|Adventure|Comedy,1007757,movie,Juno Temple,36594,1,,,Ivy (voice),,,,,2,lead,,,
Swapped,2026,2026,Animation|Family|Fantasy|Adventure|Comedy,1007757,movie,Tracy Morgan,56903,2,,,Boogle / Firewolf (voice),,,,,3,lead,,,
Swapped,2026,2026,Animation|Family|Fantasy|Adventure|Comedy,1007757,movie,Cedric the Entertainer,5726,2,,,Caloo (voice),,,,,4,supporting,,,
Swapped,2026,2026,Animation|Family|Fantasy|Adventure|Comedy,1007757,movie,Justina Machado,95517,1,,,Calli (voice),,,,,5,supporting,,,
Swapped,2026,2026,Animation|Family|Fantasy|Adventure|Comedy,1007757,movie,Nate Torrence,41565,2,,,Lodd (voice),,,,,6,supporting,,,
Swapped,2026,2026,Animation|Family|Fantasy|Adventure|Comedy,1007757,movie,Camden Brooks,4663666,2,,,Young Ollie (voice),,,,,7,supporting,,,
Swapped,2026,2026,Animation|Family|Fantasy|Adventure|Comedy,1007757,movie,Tata Vega,1934645,1,,,Grandma / Mrs. Dung Beetle (voice),,,,,8,supporting,,,
Swapped,2026,2026,Animation|Family|Fantasy|Adventure|Comedy,1007757,movie,Ambika Mod,3411764,1,,,Violet (voice),,,,,9,supporting,,,
Swapped,2026,2026,Animation|Family|Fantasy|Adventure|Comedy,1007757,movie,Lolly Adefope,1627501,1,,,Lily (voice),,,,,10,supporting,,,
Swapped,2026,2026,Animation|Family|Fantasy|Adventure|Comedy,1007757,movie,John Ratzenberger,7907,2,,,Elder Javan (voice),,,,,11,minor,,,
Swapped,2026,2026,Animation|Family|Fantasy|Adventure|Comedy,1007757,movie,Kari Wahlgren,116315,1,,,Female Pookoo / Nurse Javan (voice),,,,,12,minor,,,
Swapped,2026,2026,Animation|Family|Fantasy|Adventure|Comedy,1007757,movie,Fred Tatasciore,60279,2,,,Elder Javan 2 / Rock Bear (voice),,,,,13,minor,,,
Swapped,2026,2026,Animation|Family|Fantasy|Adventure|Comedy,1007757,movie,Zemo Tatasciore,6181145,0,,,Wolf Pup (voice),,,,,14,minor,,,
Swapped,2026,2026,Animation|Family|Fantasy|Adventure|Comedy,1007757,movie,David Lodge,571220,2,,,Wolf Father (voice),,,,,15,minor,,,
Swapped,2026,2026,Animation|Family|Fantasy|Adventure|Comedy,1007757,movie,Johnny Williams,53401,2,,,Mr. Dung Beetle (voice),,,,,16,minor,,,
Swapped,2026,2026,Animation|Family|Fantasy|Adventure|Comedy,1007757,movie,Maven Morgan,2639875,1,,,Pinecone Hedgehog (voice),,,,,17,minor,,,
Swapped,2026,2026,Animation|Family|Fantasy|Adventure|Comedy,1007757,movie,Nathan Greno,121830,2,,,Snake 1 (voice),,,,,18,minor,,,
Swapped,2026,2026,Animation|Family|Fantasy|Adventure|Comedy,1007757,movie,Tim Mertens,61958,2,,,Snake 2 (voice),,,,,19,minor,,,
Send Help,2026,2026,Horror|Thriller|Comedy,1198994,movie,Rachel McAdams,53714,1,,,Linda Liddle,,,,,1,lead,,,
Send Help,2026,2026,Horror|Thriller|Comedy,1198994,movie,Dylan O'Brien,527393,2,,,Bradley Preston,,,,,2,lead,,,
Send Help,2026,2026,Horror|Thriller|Comedy,1198994,movie,Edyll Ismail,4477127,1,,,Zuri,,,,,3,lead,,,
Send Help,2026,2026,Horror|Thriller|Comedy,1198994,movie,Dennis Haysbert,352,2,,,Franklin,,,,,4,supporting,,,
Send Help,2026,2026,Horror|Thriller|Comedy,1198994,movie,Xavier Samuel,109438,2,,,Donovan,,,,,5,supporting,,,
Send Help,2026,2026,Horror|Thriller|Comedy,1198994,movie,Chris Pang,145248,2,,,Chase,,,,,6,supporting,,,
Send Help,2026,2026,Horror|Thriller|Comedy,1198994,movie,Thaneth Warakulnukroh,1743358,2,,,Boat Captain,,,,,7,supporting,,,
Send Help,2026,2026,Horror|Thriller|Comedy,1198994,movie,Emma Raimi,1446431,1,,,River,,,,,8,supporting,,,
Send Help,2026,2026,Horror|Thriller|Comedy,1198994,movie,Kristy Best,1485593,1,,,Polly Perera,,,,,9,supporting,,,
Send Help,2026,2026,Horror|Thriller|Comedy,1198994,movie,Francesca Waters,2300917,1,,,Barbara,,,,,10,supporting,,,
Send Help,2026,2026,Horror|Thriller|Comedy,1198994,movie,Olivia Sawyer,5981610,1,,,Applicant,,,,,11,minor,,,
Send Help,2026,2026,Horror|Thriller|Comedy,1198994,movie,Brad Flett,5406321,2,,,Trainer,,,,,12,minor,,,
Send Help,2026,2026,Horror|Thriller|Comedy,1198994,movie,Nana Miya,5981609,1,,,Flight Attendant,,,,,13,minor,,,
Send Help,2026,2026,Horror|Thriller|Comedy,1198994,movie,Anuwat Pornladawong,5981605,2,,,Caretaker #1,,,,,14,minor,,,
Send Help,2026,2026,Horror|Thriller|Comedy,1198994,movie,Benjawan Teawsomboonkit,5981606,1,,,Caretaker #2,,,,,15,minor,,,
Send Help,2026,2026,Horror|Thriller|Comedy,1198994,movie,Aaron Shore,5981608,2,,,Office Bro,,,,,16,minor,,,
The Devil Wears Prada,2006,2006,Drama|Comedy,350,movie,Meryl Streep,5064,1,,,Miranda Priestly,,,,,1,lead,,,
The Devil Wears Prada,2006,2006,Drama|Comedy,350,movie,Anne Hathaway,1813,1,,,Andy Sachs,,,,,2,lead,,,
The Devil Wears Prada,2006,2006,Drama|Comedy,350,movie,Emily Blunt,5081,1,,,Emily,,,,,3,lead,,,
The Devil Wears Prada,2006,2006,Drama|Comedy,350,movie,Stanley Tucci,2283,2,,,Nigel,,,,,4,supporting,,,
The Devil Wears Prada,2006,2006,Drama|Comedy,350,movie,Simon Baker,1284159,2,,,Christian Thompson,,,,,5,supporting,,,
The Devil Wears Prada,2006,2006,Drama|Comedy,350,movie,Adrian Grenier,5090,2,,,Nate,,,,,6,supporting,,,
The Devil Wears Prada,2006,2006,Drama|Comedy,350,movie,Tracie Thoms,10580,1,,,Lily,,,,,7,supporting,,,
The Devil Wears Prada,2006,2006,Drama|Comedy,350,movie,Rich Sommer,10581,2,,,Doug,,,,,8,supporting,,,
The Devil Wears Prada,2006,2006,Drama|Comedy,350,movie,Daniel Sunjata,10582,2,,,James Holt,,,,,9,supporting,,,
The Devil Wears Prada,2006,2006,Drama|Comedy,350,movie,David Marshall Grant,24535,2,,,Richard Sachs,,,,,10,supporting,,,
The Devil Wears Prada,2006,2006,Drama|Comedy,350,movie,James Naughton,37421,2,,,Stephen,,,,,11,minor,,,
The Devil Wears Prada,2006,2006,Drama|Comedy,350,movie,Tibor Feldman,1192389,2,,,Irv Ravitz,,,,,12,minor,,,
The Devil Wears Prada,2006,2006,Drama|Comedy,350,movie,Rebecca Mader,54679,1,,,Jocelyn,,,,,13,minor,,,
The Devil Wears Prada,2006,2006,Drama|Comedy,350,movie,Jimena Hoyos,205550,1,,,Lucia,,,,,14,minor,,,
The Devil Wears Prada,2006,2006,Drama|Comedy,350,movie,Gisele Bündchen,10583,1,,,Serena,,,,,15,minor,,,
The Devil Wears Prada,2006,2006,Drama|Comedy,350,movie,George C. Wolfe,5369,2,,,Paul,,,,,16,minor,,,
The Devil Wears Prada,2006,2006,Drama|Comedy,350,movie,John Rothman,60205,2,,,Editor,,,,,17,minor,,,
The Devil Wears Prada,2006,2006,Drama|Comedy,350,movie,Stephanie Szostak,121953,1,,,Jacqueline Follet,,,,,18,minor,,,
The Devil Wears Prada,2006,2006,Drama|Comedy,350,movie,Colleen Dengel,962381,1,,,Caroline,,,,,19,minor,,,
The Devil Wears Prada,2006,2006,Drama|Comedy,350,movie,Suzanne Dengel,962382,1,,,Cassidy,,,,,20,minor,,,
Michael,2026,2026,Music|Drama,936075,movie,Jaafar Jackson,3898497,2,,,Michael Jackson,,,,,1,lead,,,
Michael,2026,2026,Music|Drama,936075,movie,Colman Domingo,91671,2,,,Joseph Jackson,,,,,2,lead,,,
Michael,2026,2026,Music|Drama,936075,movie,Nia Long,9781,1,,,Katherine Jackson,,,,,3,lead,,,
Michael,2026,2026,Music|Drama,936075,movie,Juliano Krue Valdi,4487890,2,,,Young Michael Jackson,,,,,4,supporting,,,
Michael,2026,2026,Music|Drama,936075,movie,KeiLyn Durrel Jones,1990676,2,,,Bill Bray,,,,,5,supporting,,,
Michael,2026,2026,Music|Drama,936075,movie,Miles Teller,996701,2,,,John Branca,,,,,6,supporting,,,
Michael,2026,2026,Music|Drama,936075,movie,Kendrick Sampson,1446825,2,,,Quincy Jones,,,,,7,supporting,,,
Michael,2026,2026,Music|Drama,936075,movie,Joseph David-Jones,1581190,2,,,Jackie Jackson,,,,,8,supporting,,,
Michael,2026,2026,Music|Drama,936075,movie,Jamal Henderson,4805996,2,,,Jermaine Jackson,,,,,9,supporting,,,
Michael,2026,2026,Music|Drama,936075,movie,Rhyan Hill,2754193,2,,,Tito Jackson,,,,,10,supporting,,,
Michael,2026,2026,Music|Drama,936075,movie,Trey Horton,2979365,2,,,Marlon Jackson,,,,,11,minor,,,
Michael,2026,2026,Music|Drama,936075,movie,Jessica Sula,1221085,1,,,LaToya Jackson,,,,,12,minor,,,
Michael,2026,2026,Music|Drama,936075,movie,Larenz Tate,18291,2,,,Berry Gordy,,,,,13,minor,,,
Michael,2026,2026,Music|Drama,936075,movie,Laura Harrier,1606394,1,,,Suzanne de Passe,,,,,14,minor,,,
Michael,2026,2026,Music|Drama,936075,movie,Mike Myers,12073,2,,,Walter Yetnikoff,,,,,15,minor,,,
Michael,2026,2026,Music|Drama,936075,movie,Nathaniel Logan McIntyre,2367652,2,,,Young Jackie Jackson,,,,,16,minor,,,
Michael,2026,2026,Music|Drama,936075,movie,Judah Edwards,4504138,2,,,Young Tito Jackson,,,,,17,minor,,,
Michael,2026,2026,Music|Drama,936075,movie,Jayden Harville,4568650,2,,,Young Jermaine Jackson,,,,,18,minor,,,
Michael,2026,2026,Music|Drama,936075,movie,Jaylen Hunter,4568652,2,,,Young Marlon Jackson,,,,,19,minor,,,
Michael,2026,2026,Music|Drama,936075,movie,Deon Cole,216140,2,,,Don King,,,,,20,minor,,,
The Devil Wears Prada 2,2026,2026,Comedy|Drama,1314481,movie,Meryl Streep,5064,1,,,Miranda Priestly,,,,,1,lead,,,
The Devil Wears Prada 2,2026,2026,Comedy|Drama,1314481,movie,Anne Hathaway,1813,1,,,Andy Sachs,,,,,2,lead,,,
The Devil Wears Prada 2,2026,2026,Comedy|Drama,1314481,movie,Emily Blunt,5081,1,,,Emily Charlton,,,,,3,lead,,,
The Devil Wears Prada 2,2026,2026,Comedy|Drama,1314481,movie,Stanley Tucci,2283,2,,,Nigel Kipling,,,,,4,supporting,,,
The Devil Wears Prada 2,2026,2026,Comedy|Drama,1314481,movie,Justin Theroux,15009,2,,,Benji Barnes,,,,,5,supporting,,,
The Devil Wears Prada 2,2026,2026,Comedy|Drama,1314481,movie,Kenneth Branagh,11181,2,,,Stuart,,,,,6,supporting,,,
The Devil Wears Prada 2,2026,2026,Comedy|Drama,1314481,movie,Simone Ashley,2223752,1,,,Amari,,,,,7,supporting,,,
The Devil Wears Prada 2,2026,2026,Comedy|Drama,1314481,movie,Lucy Liu,140,1,,,Sasha Barnes,,,,,8,supporting,,,
The Devil Wears Prada 2,2026,2026,Comedy|Drama,1314481,movie,Tibor Feldman,1192389,2,,,Irv Ravitz,,,,,9,supporting,,,
The Devil Wears Prada 2,2026,2026,Comedy|Drama,1314481,movie,B.J. Novak,107770,2,,,Jay Ravitz,,,,,10,supporting,,,
The Devil Wears Prada 2,2026,2026,Comedy|Drama,1314481,movie,Patrick Brammall,221032,2,,,Peter,,,,,11,minor,,,
The Devil Wears Prada 2,2026,2026,Comedy|Drama,1314481,movie,Tracie Thoms,10580,1,,,Lily,,,,,12,minor,,,
The Devil Wears Prada 2,2026,2026,Comedy|Drama,1314481,movie,Caleb Hearon,2817558,2,,,Charlie,,,,,13,minor,,,
The Devil Wears Prada 2,2026,2026,Comedy|Drama,1314481,movie,Helen J. Shen,5284719,1,,,Jin,,,,,14,minor,,,
The Devil Wears Prada 2,2026,2026,Comedy|Drama,1314481,movie,Rachel Bloom,1453801,1,,,Talia,,,,,15,minor,,,
The Devil Wears Prada 2,2026,2026,Comedy|Drama,1314481,movie,Larry Mitchell,1224404,2,,,Mack,,,,,16,minor,,,
The Devil Wears Prada 2,2026,2026,Comedy|Drama,1314481,movie,George C. Wolfe,5369,2,,,Paul,,,,,17,minor,,,
The Devil Wears Prada 2,2026,2026,Comedy|Drama,1314481,movie,Daniel Liu,4761860,2,,,Dirk,,,,,18,minor,,,
The Devil Wears Prada 2,2026,2026,Comedy|Drama,1314481,movie,Pauline Chalamet,2458820,1,,,Ilana,,,,,19,minor,,,
The Devil Wears Prada 2,2026,2026,Comedy|Drama,1314481,movie,Bria Condon,2408001,1,,,Marta,,,,,20,minor,,,
They Will Kill You,2026,2026,Action|Comedy|Horror,1292695,movie,Zazie Beetz,1545693,1,,,Asia Reaves,,,,,1,lead,,,
They Will Kill You,2026,2026,Action|Comedy|Horror,1292695,movie,Myha'la,2673750,1,,,Maria Reaves,,,,,2,lead,,,
They Will Kill You,2026,2026,Action|Comedy|Horror,1292695,movie,Patricia Arquette,4687,1,,,Lily Woodhouse,,,,,3,lead,,,
They Will Kill You,2026,2026,Action|Comedy|Horror,1292695,movie,Paterson Joseph,19868,2,,,Ray Woodhouse,,,,,4,supporting,,,
They Will Kill You,2026,2026,Action|Comedy|Horror,1292695,movie,Heather Graham,69122,1,,,Sharon,,,,,5,supporting,,,
They Will Kill You,2026,2026,Action|Comedy|Horror,1292695,movie,Tom Felton,10993,2,,,Kevin,,,,,6,supporting,,,
They Will Kill You,2026,2026,Action|Comedy|Horror,1292695,movie,Willie Ludik,1747945,0,,,Bob,,,,,7,supporting,,,
They Will Kill You,2026,2026,Action|Comedy|Horror,1292695,movie,David Viviers,2057054,0,,,Tall Steve,,,,,8,supporting,,,
They Will Kill You,2026,2026,Action|Comedy|Horror,1292695,movie,Gabe Gabriel,3091751,2,,,Short Steve,,,,,9,supporting,,,
They Will Kill You,2026,2026,Action|Comedy|Horror,1292695,movie,Viktoria Korotkova,1427407,1,,,Sophia,,,,,10,supporting,,,
They Will Kill You,2026,2026,Action|Comedy|Horror,1292695,movie,James Remar,1736,2,,,Pig's Head (voice),,,,,11,minor,,,
They Will Kill You,2026,2026,Action|Comedy|Horror,1292695,movie,Dorothy Ann Gould,1639773,1,,,Anne Sheapman,,,,,12,minor,,,
They Will Kill You,2026,2026,Action|Comedy|Horror,1292695,movie,Mike Huff,5507768,0,,,Dr. Sheapman,,,,,13,minor,,,
They Will Kill You,2026,2026,Action|Comedy|Horror,1292695,movie,Darron Meyer,146752,2,,,Ritchie,,,,,14,minor,,,
They Will Kill You,2026,2026,Action|Comedy|Horror,1292695,movie,Orefile Moloi,6128077,1,,,Young Maria,,,,,15,minor,,,
They Will Kill You,2026,2026,Action|Comedy|Horror,1292695,movie,Brandon Auret,1029029,2,,,Teardrop Man,,,,,16,minor,,,
They Will Kill You,2026,2026,Action|Comedy|Horror,1292695,movie,Angus Sampson,59117,2,,,The P.I.,,,,,17,minor,,,
They Will Kill You,2026,2026,Action|Comedy|Horror,1292695,movie,Chris van Rensburg,93915,2,,,The Manager,,,,,18,minor,,,
They Will Kill You,2026,2026,Action|Comedy|Horror,1292695,movie,Neels Clasen Jnr,5377805,2,,,Damian,,,,,19,minor,,,
They Will Kill You,2026,2026,Action|Comedy|Horror,1292695,movie,Megan Alexander,5467538,1,,,Angry Inmate,,,,,20,minor,,,
Hoppers,2026,2026,Adventure|Animation|Comedy|Family|Science Fiction,1327819,movie,Piper Curda,1308818,1,,,Mabel (voice),,,,,1,lead,,,
Hoppers,2026,2026,Adventure|Animation|Comedy|Family|Science Fiction,1327819,movie,Bobby Moynihan,452205,2,,,King George (voice),,,,,2,lead,,,
Hoppers,2026,2026,Adventure|Animation|Comedy|Family|Science Fiction,1327819,movie,Jon Hamm,65717,2,,,Mayor Jerry Generazzo (voice),,,,,3,lead,,,
Hoppers,2026,2026,Adventure|Animation|Comedy|Family|Science Fiction,1327819,movie,Kathy Najimy,11074,1,,,Dr. Sam (voice),,,,,4,supporting,,,
Hoppers,2026,2026,Adventure|Animation|Comedy|Family|Science Fiction,1327819,movie,Dave Franco,54697,2,,,Insect King (voice),,,,,5,supporting,,,
Hoppers,2026,2026,Adventure|Animation|Comedy|Family|Science Fiction,1327819,movie,Eduardo Franco,1653235,2,,,Loaf (voice),,,,,6,supporting,,,
Hoppers,2026,2026,Adventure|Animation|Comedy|Family|Science Fiction,1327819,movie,Aparna Nancherla,1625231,1,,,Nisha (voice),,,,,7,supporting,,,
Hoppers,2026,2026,Adventure|Animation|Comedy|Family|Science Fiction,1327819,movie,Tom Law,1798896,2,,,Tom Lizard (voice),,,,,8,supporting,,,
Hoppers,2026,2026,Adventure|Animation|Comedy|Family|Science Fiction,1327819,movie,Sam Richardson,1429453,2,,,Conner (voice),,,,,9,supporting,,,
Hoppers,2026,2026,Adventure|Animation|Comedy|Family|Science Fiction,1327819,movie,Melissa Villaseñor,1695631,1,,,Ellen (voice),,,,,10,supporting,,,
Hoppers,2026,2026,Adventure|Animation|Comedy|Family|Science Fiction,1327819,movie,Isiah Whitlock Jr.,17490,2,,,Bird King (voice),,,,,11,minor,,,
Hoppers,2026,2026,Adventure|Animation|Comedy|Family|Science Fiction,1327819,movie,Steve Purcell,137262,2,,,Amphibian King (voice),,,,,12,minor,,,
Hoppers,2026,2026,Adventure|Animation|Comedy|Family|Science Fiction,1327819,movie,Ego Nwodim,1726786,1,,,Fish Queen (voice),,,,,13,minor,,,
Hoppers,2026,2026,Adventure|Animation|Comedy|Family|Science Fiction,1327819,movie,Nichole Sakura,996697,1,,,Reptile Queens (voice),,,,,14,minor,,,
Hoppers,2026,2026,Adventure|Animation|Comedy|Family|Science Fiction,1327819,movie,Meryl Streep,5064,1,,,Insect Queen (voice),,,,,15,minor,,,
Hoppers,2026,2026,Adventure|Animation|Comedy|Family|Science Fiction,1327819,movie,Karen Huie,1451088,1,,,Grandma Tanaka (voice),,,,,16,minor,,,
Hoppers,2026,2026,Adventure|Animation|Comedy|Family|Science Fiction,1327819,movie,Lila Liu,6041418,1,,,Young Mabel (voice),,,,,17,minor,,,
Hoppers,2026,2026,Adventure|Animation|Comedy|Family|Science Fiction,1327819,movie,Eman Abdul-Razzak,2930783,1,,,Insect Prince (voice),,,,,18,minor,,,
Hoppers,2026,2026,Adventure|Animation|Comedy|Family|Science Fiction,1327819,movie,Vanessa Bayer,503103,1,,,Diane (voice),,,,,19,minor,,,
Hoppers,2026,2026,Adventure|Animation|Comedy|Family|Science Fiction,1327819,movie,Joe Spano,8192,2,,,Ancient Beavertonian (voice),,,,,20,minor,,,
Avatar: Fire and Ash,2025,2025,Science Fiction|Adventure|Fantasy,83533,movie,Sam Worthington,65731,2,,,Jake,,,,,1,lead,,,
Avatar: Fire and Ash,2025,2025,Science Fiction|Adventure|Fantasy,83533,movie,Zoe Saldaña,8691,1,,,Neytiri,,,,,2,lead,,,
Avatar: Fire and Ash,2025,2025,Science Fiction|Adventure|Fantasy,83533,movie,Sigourney Weaver,10205,1,,,Kiri,,,,,3,lead,,,
Avatar: Fire and Ash,2025,2025,Science Fiction|Adventure|Fantasy,83533,movie,Stephen Lang,32747,2,,,Quaritch,,,,,4,supporting,,,
Avatar: Fire and Ash,2025,2025,Science Fiction|Adventure|Fantasy,83533,movie,Oona Chaplin,566331,1,,,Varang,,,,,5,supporting,,,
Avatar: Fire and Ash,2025,2025,Science Fiction|Adventure|Fantasy,83533,movie,Jack Champion,1895760,2,,,Spider,,,,,6,supporting,,,
Avatar: Fire and Ash,2025,2025,Science Fiction|Adventure|Fantasy,83533,movie,Kate Winslet,204,1,,,Ronal,,,,,7,supporting,,,
Avatar: Fire and Ash,2025,2025,Science Fiction|Adventure|Fantasy,83533,movie,Cliff Curtis,7248,2,,,Tonowari,,,,,8,supporting,,,
Avatar: Fire and Ash,2025,2025,Science Fiction|Adventure|Fantasy,83533,movie,Joel David Moore,59231,2,,,Norm,,,,,9,supporting,,,
Avatar: Fire and Ash,2025,2025,Science Fiction|Adventure|Fantasy,83533,movie,CCH Pounder,30485,1,,,Mo'at,,,,,10,supporting,,,
Avatar: Fire and Ash,2025,2025,Science Fiction|Adventure|Fantasy,83533,movie,Edie Falco,36190,1,,,General Ardmore,,,,,11,minor,,,
Avatar: Fire and Ash,2025,2025,Science Fiction|Adventure|Fantasy,83533,movie,Brendan Cowell,129527,2,,,Scoresby,,,,,12,minor,,,
Avatar: Fire and Ash,2025,2025,Science Fiction|Adventure|Fantasy,83533,movie,Jemaine Clement,55936,2,,,Dr. Garvin,,,,,13,minor,,,
Avatar: Fire and Ash,2025,2025,Science Fiction|Adventure|Fantasy,83533,movie,Giovanni Ribisi,1771,2,,,Selfridge,,,,,14,minor,,,
Avatar: Fire and Ash,2025,2025,Science Fiction|Adventure|Fantasy,83533,movie,David Thewlis,11207,2,,,Peylak,,,,,15,minor,,,
Avatar: Fire and Ash,2025,2025,Science Fiction|Adventure|Fantasy,83533,movie,Britain Dalton,1663672,2,,,Lo'ak,,,,,16,minor,,,
Avatar: Fire and Ash,2025,2025,Science Fiction|Adventure|Fantasy,83533,movie,Trinity Jo-Li Bliss,1895788,1,,,Tuk,,,,,17,minor,,,
Avatar: Fire and Ash,2025,2025,Science Fiction|Adventure|Fantasy,83533,movie,Jamie Flatters,1729393,2,,,Neteyam,,,,,18,minor,,,
Avatar: Fire and Ash,2025,2025,Science Fiction|Adventure|Fantasy,83533,movie,Bailey Bass,1140237,1,,,Tsireya,,,,,19,minor,,,
Avatar: Fire and Ash,2025,2025,Science Fiction|Adventure|Fantasy,83533,movie,Filip Geljo,1632658,2,,,Aonung,,,,,20,minor,,,
Avatar Aang: The Last Airbender,2026,2026,Animation|Action|Adventure|Fantasy,980431,movie,Eric Nam,1610783,2,,,Aang (voice),,,,,1,lead,,,
Avatar Aang: The Last Airbender,2026,2026,Animation|Action|Adventure|Fantasy,980431,movie,Dave Bautista,543530,2,,,Tagah (voice),,,,,2,lead,,,
Avatar Aang: The Last Airbender,2026,2026,Animation|Action|Adventure|Fantasy,980431,movie,Jessica Matten,1703912,1,,,Katara (voice),,,,,3,lead,,,
Avatar Aang: The Last Airbender,2026,2026,Animation|Action|Adventure|Fantasy,980431,movie,Román Zaragoza,2775164,2,,,Sokka (voice),,,,,4,supporting,,,
Avatar Aang: The Last Airbender,2026,2026,Animation|Action|Adventure|Fantasy,980431,movie,Steven Yeun,215055,2,,,Zuko (voice),,,,,5,supporting,,,
Avatar Aang: The Last Airbender,2026,2026,Animation|Action|Adventure|Fantasy,980431,movie,Dionne Quan,86432,1,,,Toph (voice),,,,,6,supporting,,,
Avatar Aang: The Last Airbender,2026,2026,Animation|Action|Adventure|Fantasy,980431,movie,Dee Bradley Baker,23680,2,,,Appa / Momo (voice),,,,,7,supporting,,,
Avatar Aang: The Last Airbender,2026,2026,Animation|Action|Adventure|Fantasy,980431,movie,Freida Pinto,76792,1,,,Avatar Sonam (voice),,,,,8,supporting,,,
Avatar Aang: The Last Airbender,2026,2026,Animation|Action|Adventure|Fantasy,980431,movie,Ke Huy Quan,690,2,,,Avatar Xian (voice),,,,,9,supporting,,,
Avatar Aang: The Last Airbender,2026,2026,Animation|Action|Adventure|Fantasy,980431,movie,Taika Waititi,55934,2,,,Gorillavark (voice),,,,,10,supporting,,,
Avatar Aang: The Last Airbender,2026,2026,Animation|Action|Adventure|Fantasy,980431,movie,Geraldine Viswanathan,1803287,1,,,Kallik (voice),,,,,11,minor,,,
Avatar Aang: The Last Airbender,2026,2026,Animation|Action|Adventure|Fantasy,980431,movie,Peta Sergeant,220914,1,,,Jie (voice),,,,,12,minor,,,
Avatar Aang: The Last Airbender,2026,2026,Animation|Action|Adventure|Fantasy,980431,movie,Jonathan Ohye,1540120,2,,,Yuddah (voice),,,,,13,minor,,,
Avatar Aang: The Last Airbender,2026,2026,Animation|Action|Adventure|Fantasy,980431,movie,Vic Chao,109423,2,,,Hong (voice),,,,,14,minor,,,
Avatar Aang: The Last Airbender,2026,2026,Animation|Action|Adventure|Fantasy,980431,movie,François Chau,60851,2,,,Monk Gyatso (voice),,,,,15,minor,,,
Avatar Aang: The Last Airbender,2026,2026,Animation|Action|Adventure|Fantasy,980431,movie,Sander Argabrite,4134652,2,,,Young Aang (voice),,,,,16,minor,,,
Avatar Aang: The Last Airbender,2026,2026,Animation|Action|Adventure|Fantasy,980431,movie,Ronny Chieng,1319469,2,,,Fire Nation Messenger (voice),,,,,17,minor,,,
Avatar Aang: The Last Airbender,2026,2026,Animation|Action|Adventure|Fantasy,980431,movie,Keone Young,91387,2,,,Avatar Roku (voice),,,,,18,minor,,,
Avatar Aang: The Last Airbender,2026,2026,Animation|Action|Adventure|Fantasy,980431,movie,Tim Dang,1214005,2,,,Grand Chamberlain (voice),,,,,19,minor,,,
Avatar Aang: The Last Airbender,2026,2026,Animation|Action|Adventure|Fantasy,980431,movie,Ken Jeong,83586,2,,,Cabbage Merchant (voice),,,,,20,minor,,,
GOAT,2026,2026,Animation|Comedy|Family,1297842,movie,Caleb McLaughlin,1474123,2,,,Will Harris (voice),,,,,1,lead,,,
GOAT,2026,2026,Animation|Comedy|Family,1297842,movie,Gabrielle Union,17773,1,,,Jett Fillmore (voice),,,,,2,lead,,,
GOAT,2026,2026,Animation|Comedy|Family,1297842,movie,Stephen Curry,1718307,2,,,Lenny Williamson (voice),,,,,3,lead,,,
GOAT,2026,2026,Animation|Comedy|Family,1297842,movie,Aaron Pierre,1763709,2,,,Mane Attraction (voice),,,,,4,supporting,,,
GOAT,2026,2026,Animation|Comedy|Family,1297842,movie,Nicola Coughlan,1267240,1,,,Olivia Burke (voice),,,,,5,supporting,,,
GOAT,2026,2026,Animation|Comedy|Family,1297842,movie,David Harbour,35029,2,,,Archie Everhardt (voice),,,,,6,supporting,,,
GOAT,2026,2026,Animation|Comedy|Family,1297842,movie,Nick Kroll,208519,2,,,Modo Olachenko (voice),,,,,7,supporting,,,
GOAT,2026,2026,Animation|Comedy|Family,1297842,movie,Jenifer Lewis,15899,1,,,Flo Everson (voice),,,,,8,supporting,,,
GOAT,2026,2026,Animation|Comedy|Family,1297842,movie,Patton Oswalt,10872,2,,,Dennis Cooper (voice),,,,,9,supporting,,,
GOAT,2026,2026,Animation|Comedy|Family,1297842,movie,Jelly Roll,2974019,2,,,Grizz (voice),,,,,10,supporting,,,
GOAT,2026,2026,Animation|Comedy|Family,1297842,movie,Jennifer Hudson,15565,1,,,Louise Harris (voice),,,,,11,minor,,,
GOAT,2026,2026,Animation|Comedy|Family,1297842,movie,Sherry Cola,2088734,1,,,Hannah (voice),,,,,12,minor,,,
GOAT,2026,2026,Animation|Comedy|Family,1297842,movie,Eduardo Franco,1653235,2,,,Daryl (voice),,,,,13,minor,,,
GOAT,2026,2026,Animation|Comedy|Family,1297842,movie,Andrew Santino,1181310,2,,,Chuck (voice),,,,,14,minor,,,
GOAT,2026,2026,Animation|Comedy|Family,1297842,movie,Bobby Lee,198149,2,,,Rusty (voice),,,,,15,minor,,,
GOAT,2026,2026,Animation|Comedy|Family,1297842,movie,Wayne Knight,4201,2,,,Frank (voice),,,,,16,minor,,,
GOAT,2026,2026,Animation|Comedy|Family,1297842,movie,Ayesha Curry,2122137,1,,,Carol the Whiskers Diner Manager (voice),,,,,17,minor,,,
GOAT,2026,2026,Animation|Comedy|Family,1297842,movie,Van Van,5303617,1,,,Adi & Ari Everhardt (voice),,,,,18,minor,,,
GOAT,2026,2026,Animation|Comedy|Family,1297842,movie,Rayaan Kamal Khan,5127007,2,,,Theo (voice),,,,,19,minor,,,
GOAT,2026,2026,Animation|Comedy|Family,1297842,movie,Adam Pally,115974,2,,,Gerald (voice),,,,,20,minor,,,
Project Hail Mary,2026,2026,Science Fiction|Adventure,687163,movie,Ryan Gosling,30614,2,,,Ryland Grace,,,,,1,lead,,,
Project Hail Mary,2026,2026,Science Fiction|Adventure,687163,movie,Sandra Hüller,7152,1,,,Eva Stratt,,,,,2,lead,,,
Project Hail Mary,2026,2026,Science Fiction|Adventure,687163,movie,James Ortiz,2096164,2,,,Rocky (voice),,,,,3,lead,,,
Project Hail Mary,2026,2026,Science Fiction|Adventure,687163,movie,Lionel Boyce,2320708,2,,,Carl,,,,,4,supporting,,,
Project Hail Mary,2026,2026,Science Fiction|Adventure,687163,movie,Milana Vayntrub,1454946,1,,,Olesya Ilyukhina,,,,,5,supporting,,,
Project Hail Mary,2026,2026,Science Fiction|Adventure,687163,movie,Ken Leung,2131,2,,,Yao,,,,,6,supporting,,,
Project Hail Mary,2026,2026,Science Fiction|Adventure,687163,movie,Priya Kansara,3554544,1,,,Mary (voice),,,,,7,supporting,,,
Project Hail Mary,2026,2026,Science Fiction|Adventure,687163,movie,Mia Soteriou,1749206,1,,,Dr. Browne,,,,,8,supporting,,,
Project Hail Mary,2026,2026,Science Fiction|Adventure,687163,movie,Annelle Olaleye,3074054,1,,,Olivia,,,,,9,supporting,,,
Project Hail Mary,2026,2026,Science Fiction|Adventure,687163,movie,Maya Eva Hosein,6080198,0,,,Rekha,,,,,10,supporting,,,
Project Hail Mary,2026,2026,Science Fiction|Adventure,687163,movie,Bastian Antonio Fuentes,3144892,2,,,Parker,,,,,11,minor,,,
Project Hail Mary,2026,2026,Science Fiction|Adventure,687163,movie,Alice Brittain,3796265,1,,,Hardware Store Cashier,,,,,12,minor,,,
Project Hail Mary,2026,2026,Science Fiction|Adventure,687163,movie,Michael Akinsulire,1917042,2,,,Air Force Officer,,,,,13,minor,,,
Project Hail Mary,2026,2026,Science Fiction|Adventure,687163,movie,Travis Jay,3740439,2,,,Tilt-A-Whirl,,,,,14,minor,,,
Project Hail Mary,2026,2026,Science Fiction|Adventure,687163,movie,Geoffrey Lumb,1944791,0,,,Aircraft Carrier Officer,,,,,15,minor,,,
Project Hail Mary,2026,2026,Science Fiction|Adventure,687163,movie,Paul Lambert,1982162,2,,,Dr. Scyther,,,,,16,minor,,,
Project Hail Mary,2026,2026,Science Fiction|Adventure,687163,movie,Orion Lee,1333452,2,,,Dr. Li,,,,,17,minor,,,
Project Hail Mary,2026,2026,Science Fiction|Adventure,687163,movie,Aaron Neil,204802,2,,,Narender,,,,,18,minor,,,
Project Hail Mary,2026,2026,Science Fiction|Adventure,687163,movie,Michelle Greenidge,1966036,1,,,Chimamanda,,,,,19,minor,,,
Project Hail Mary,2026,2026,Science Fiction|Adventure,687163,movie,Bernhard Schütz,44516,2,,,Voigt,,,,,20,minor,,,
Shelter,2026,2026,Action|Crime|Thriller,1290821,movie,Jason Statham,976,2,,,Mason,,,,,1,lead,,,
Shelter,2026,2026,Action|Crime|Thriller,1290821,movie,Bodhi Rae Breathnach,4088089,1,,,Jesse,,,,,2,lead,,,
Shelter,2026,2026,Action|Crime|Thriller,1290821,movie,Naomi Ackie,1537686,1,,,Roberta,,,,,3,lead,,,
Shelter,2026,2026,Action|Crime|Thriller,1290821,movie,Daniel Mays,1670,2,,,Booth,,,,,4,supporting,,,
Shelter,2026,2026,Action|Crime|Thriller,1290821,movie,Harriet Walter,17477,1,,,Prime Minister Fordham,,,,,5,supporting,,,
Shelter,2026,2026,Action|Crime|Thriller,1290821,movie,Bill Nighy,2440,2,,,Manafort,,,,,6,supporting,,,
Shelter,2026,2026,Action|Crime|Thriller,1290821,movie,Michael Shaeffer,1563431,2,,,Uncle,,,,,7,supporting,,,
Shelter,2026,2026,Action|Crime|Thriller,1290821,movie,Anna Crilly,1233545,1,,,Haneron,,,,,8,supporting,,,
Shelter,2026,2026,Action|Crime|Thriller,1290821,movie,Eugenia Caruso,237087,1,,,Shop Clerk,,,,,9,supporting,,,
Shelter,2026,2026,Action|Crime|Thriller,1290821,movie,Céline Buckens,1389549,1,,,Maddison,,,,,10,supporting,,,
Shelter,2026,2026,Action|Crime|Thriller,1290821,movie,Bally Gill,2000704,2,,,Aziz,,,,,11,minor,,,
Shelter,2026,2026,Action|Crime|Thriller,1290821,movie,Bronson Webb,75076,2,,,Deakins,,,,,12,minor,,,
Shelter,2026,2026,Action|Crime|Thriller,1290821,movie,Laurent Buson,142020,2,,,Commando,,,,,13,minor,,,
Shelter,2026,2026,Action|Crime|Thriller,1290821,movie,Bryan Vigier,2705653,2,,,Workman,,,,,14,minor,,,
Shelter,2026,2026,Action|Crime|Thriller,1290821,movie,Rodaidh Findlay,5983605,2,,,Callum,,,,,15,minor,,,
Shelter,2026,2026,Action|Crime|Thriller,1290821,movie,Ryan Fletcher,138463,2,,,Farmer,,,,,16,minor,,,
Shelter,2026,2026,Action|Crime|Thriller,1290821,movie,Tomi May,1406790,2,,,Ross,,,,,17,minor,,,
Shelter,2026,2026,Action|Crime|Thriller,1290821,movie,Ansko Pitkänen,2808015,1,,,Woman,,,,,18,minor,,,
Shelter,2026,2026,Action|Crime|Thriller,1290821,movie,Sofian Francis,3229249,2,,,Doorman,,,,,19,minor,,,
Shelter,2026,2026,Action|Crime|Thriller,1290821,movie,Kai Martin,1280236,2,,,Doorman,,,,,20,minor,,,
Brothers Under Fire,2026,2026,Action|Thriller|Mystery|Drama,1414413,movie,Kiefer Sutherland,2628,2,,,Capt. Jordan Wright,,,,,1,lead,,,
Brothers Under Fire,2026,2026,Action|Thriller|Mystery|Drama,1414413,movie,Tommy Martinez,2088733,2,,,Alberto,,,,,2,lead,,,
Brothers Under Fire,2026,2026,Action|Thriller|Mystery|Drama,1414413,movie,Ashton Sanders,1152019,2,,,Carson,,,,,3,lead,,,
Brothers Under Fire,2026,2026,Action|Thriller|Mystery|Drama,1414413,movie,Solly McLeod,3060978,2,,,Danny,,,,,4,supporting,,,
Brothers Under Fire,2026,2026,Action|Thriller|Mystery|Drama,1414413,movie,Laura Osma,1652056,1,,,Isabella,,,,,5,supporting,,,
Brothers Under Fire,2026,2026,Action|Thriller|Mystery|Drama,1414413,movie,Omar Chaparro,1134885,2,,,Baker,,,,,6,supporting,,,
Brothers Under Fire,2026,2026,Action|Thriller|Mystery|Drama,1414413,movie,Orlando Pineda,3976722,0,,,Miguel,,,,,7,supporting,,,
Brothers Under Fire,2026,2026,Action|Thriller|Mystery|Drama,1414413,movie,Laird Akeo,3835727,2,,,Marco,,,,,8,supporting,,,
Brothers Under Fire,2026,2026,Action|Thriller|Mystery|Drama,1414413,movie,Flora Martínez,66913,1,,,Angelica,,,,,9,supporting,,,
Brothers Under Fire,2026,2026,Action|Thriller|Mystery|Drama,1414413,movie,Gabriel Camero,3638028,0,,,Stevie,,,,,10,supporting,,,
The Crucifix: Blood of the Exorcist,2025,2025,Horror,1352874,movie,Hannaj Bang Bendz,2843103,1,,,Sara,,,,,1,lead,,,
The Crucifix: Blood of the Exorcist,2025,2025,Horror,1352874,movie,Dean Kilbey,1524860,2,,,Mungo,,,,,2,lead,,,
The Crucifix: Blood of the Exorcist,2025,2025,Horror,1352874,movie,Nicholas Anscombe,1759040,2,,,Father Stewart,,,,,3,lead,,,
The Crucifix: Blood of the Exorcist,2025,2025,Horror,1352874,movie,Tom Carter,1128296,0,,,Doctor Byrne,,,,,4,supporting,,,
The Crucifix: Blood of the Exorcist,2025,2025,Horror,1352874,movie,Darren Le Fevre,2822929,0,,,Thorvald Ironside,,,,,5,supporting,,,
The Crucifix: Blood of the Exorcist,2025,2025,Horror,1352874,movie,Alex Walton,3824438,2,,,Fergus,,,,,6,supporting,,,
The Crucifix: Blood of the Exorcist,2025,2025,Horror,1352874,movie,Julie Martis,4002568,1,,,Elsa,,,,,7,supporting,,,
Zootopia 2,2025,2025,Adventure|Animation|Comedy|Family|Mystery,1084242,movie,Ginnifer Goodwin,417,1,,,Judy Hopps (voice),,,,,1,lead,,,
Zootopia 2,2025,2025,Adventure|Animation|Comedy|Family|Mystery,1084242,movie,Jason Bateman,23532,2,,,Nick Wilde (voice),,,,,2,lead,,,
Zootopia 2,2025,2025,Adventure|Animation|Comedy|Family|Mystery,1084242,movie,Ke Huy Quan,690,2,,,Gary De'Snake (voice),,,,,3,lead,,,
Zootopia 2,2025,2025,Adventure|Animation|Comedy|Family|Mystery,1084242,movie,Fortune Feimster,1183672,1,,,Nibbles Maplestick (voice),,,,,4,supporting,,,
Zootopia 2,2025,2025,Adventure|Animation|Comedy|Family|Mystery,1084242,movie,Andy Samberg,62861,2,,,Pawbert Lynxley (voice),,,,,5,supporting,,,
Zootopia 2,2025,2025,Adventure|Animation|Comedy|Family|Mystery,1084242,movie,David Strathairn,11064,2,,,Milton Lynxley (voice),,,,,6,supporting,,,
Zootopia 2,2025,2025,Adventure|Animation|Comedy|Family|Mystery,1084242,movie,Idris Elba,17605,2,,,Chief Bogo (voice),,,,,7,supporting,,,
Zootopia 2,2025,2025,Adventure|Animation|Comedy|Family|Mystery,1084242,movie,Shakira,446511,1,,,Gazelle (voice),,,,,8,supporting,,,
Zootopia 2,2025,2025,Adventure|Animation|Comedy|Family|Mystery,1084242,movie,Patrick Warburton,9657,2,,,Mayor Winddancer (voice),,,,,9,supporting,,,
Zootopia 2,2025,2025,Adventure|Animation|Comedy|Family|Mystery,1084242,movie,Quinta Brunson,1745988,1,,,Dr. Fuzzby (voice),,,,,10,supporting,,,
Zootopia 2,2025,2025,Adventure|Animation|Comedy|Family|Mystery,1084242,movie,Danny Trejo,11160,2,,,Jesús (voice),,,,,11,minor,,,
Zootopia 2,2025,2025,Adventure|Animation|Comedy|Family|Mystery,1084242,movie,Nate Torrence,41565,2,,,Clawhauser (voice),,,,,12,minor,,,
Zootopia 2,2025,2025,Adventure|Animation|Comedy|Family|Mystery,1084242,movie,Bonnie Hunt,5149,1,,,Bonnie Hopps (voice),,,,,13,minor,,,
Zootopia 2,2025,2025,Adventure|Animation|Comedy|Family|Mystery,1084242,movie,Don Lake,27530,2,,,Stu Hopps (voice),,,,,14,minor,,,
Zootopia 2,2025,2025,Adventure|Animation|Comedy|Family|Mystery,1084242,movie,Michelle Gomez,144250,1,,,Captain Hoggbottom (voice),,,,,15,minor,,,
Zootopia 2,2025,2025,Adventure|Animation|Comedy|Family|Mystery,1084242,movie,David Fane,55937,2,,,Truffler (voice),,,,,16,minor,,,
Zootopia 2,2025,2025,Adventure|Animation|Comedy|Family|Mystery,1084242,movie,Joe Anoa'i,1170011,2,,,Zebro Zebraxton (voice),,,,,17,minor,,,
Zootopia 2,2025,2025,Adventure|Animation|Comedy|Family|Mystery,1084242,movie,Phil Brooks,565430,2,,,Zebro Zebrowski (voice),,,,,18,minor,,,
Zootopia 2,2025,2025,Adventure|Animation|Comedy|Family|Mystery,1084242,movie,Stephanie Beatriz,968367,1,,,Bloats (voice),,,,,19,minor,,,
Zootopia 2,2025,2025,Adventure|Animation|Comedy|Family|Mystery,1084242,movie,Wilmer Valderrama,18975,2,,,Higgins (voice),,,,,20,minor,,,
After Porn Ends 2,2017,2017,Documentary,440249,movie,Ginger Lynn,44936,1,,,Self - Former Porn Star,,,,,1,lead,,,
After Porn Ends 2,2017,2017,Documentary,440249,movie,Lisa Ann,108562,1,,,Self - Former Porn Star,,,,,2,lead,,,
After Porn Ends 2,2017,2017,Documentary,440249,movie,Janine Lindemulder,75926,1,,,Self - Former Porn Star,,,,,3,lead,,,
After Porn Ends 2,2017,2017,Documentary,440249,movie,Chasey Lain,544069,1,,,Self - Former Porn Star,,,,,4,supporting,,,
After Porn Ends 2,2017,2017,Documentary,440249,movie,Tabitha Stevens,228692,1,,,Self - Former Porn Star,,,,,5,supporting,,,
After Porn Ends 2,2017,2017,Documentary,440249,movie,Georgina Spelvin,103769,1,,,Self - Former Porn Star,,,,,6,supporting,,,
After Porn Ends 2,2017,2017,Documentary,440249,movie,Brittany Andrews,929211,1,,,Self - Former Porn Star,,,,,7,supporting,,,
After Porn Ends 2,2017,2017,Documentary,440249,movie,Aubrey Gold,1668605,1,,,Self - Performer,,,,,8,supporting,,,
After Porn Ends 2,2017,2017,Documentary,440249,movie,Herschel Savage,71544,2,,,Self - Former Porn Star,,,,,9,supporting,,,
After Porn Ends 2,2017,2017,Documentary,440249,movie,Ariana Marie,1352025,1,,,Self - Performer,,,,,10,supporting,,,
After Porn Ends 2,2017,2017,Documentary,440249,movie,Venus Lux,1584678,3,,,Self - Performer,,,,,11,minor,,,
After Porn Ends 2,2017,2017,Documentary,440249,movie,Jenevieve Hexxx,1639470,1,,,Self - Performer,,,,,12,minor,,,
After Porn Ends 2,2017,2017,Documentary,440249,movie,Shyla Ryder,1660522,1,,,Self - Performer,,,,,13,minor,,,
After Porn Ends 2,2017,2017,Documentary,440249,movie,Ashley Adams,1594935,1,,,Self - Performer,,,,,14,minor,,,
After Porn Ends 2,2017,2017,Documentary,440249,movie,Johnnie Keyes,1264841,2,,,Self - Former Porn Star,,,,,15,minor,,,
After Porn Ends 2,2017,2017,Documentary,440249,movie,Darren James,96648,2,,,Self - Former Porn Star,,,,,16,minor,,,
After Porn Ends 2,2017,2017,Documentary,440249,movie,Gary Orona,236036,2,,,Self - Tabitha's Husband,,,,,17,minor,,,
After Porn Ends 2,2017,2017,Documentary,440249,movie,Bud Lee,1026341,2,,,Self - Talent Agent,,,,,18,minor,,,
After Porn Ends 2,2017,2017,Documentary,440249,movie,Danny D,1356419,2,,,Self - Performer,,,,,19,minor,,,
After Porn Ends 2,2017,2017,Documentary,440249,movie,Donny Sins,1809120,2,,,Self - Performer,,,,,20,minor,,,
Predator: Badlands,2025,2025,Action|Science Fiction|Adventure,1242898,movie,Elle Fanning,18050,1,,,Thia / Tessa,,,,,1,lead,,,
Predator: Badlands,2025,2025,Action|Science Fiction|Adventure,1242898,movie,Dimitrius Schuster-Koloamatangi,3223391,2,,,Dek / Father,,,,,2,lead,,,
Predator: Badlands,2025,2025,Action|Science Fiction|Adventure,1242898,movie,Ravi Narayan,1891826,2,,,Bud,,,,,3,lead,,,
Predator: Badlands,2025,2025,Action|Science Fiction|Adventure,1242898,movie,Michael Homick,2253146,2,,,Kwei (Suit),,,,,4,supporting,,,
Predator: Badlands,2025,2025,Action|Science Fiction|Adventure,1242898,movie,Stefan Grube,1636658,2,,,Kwei (voice),,,,,5,supporting,,,
Predator: Badlands,2025,2025,Action|Science Fiction|Adventure,1242898,movie,Reuben De Jong,1440649,2,,,Father (Suit),,,,,6,supporting,,,
Predator: Badlands,2025,2025,Action|Science Fiction|Adventure,1242898,movie,Cameron Brown,1856011,2,,,Drone Synth,,,,,7,supporting,,,
Predator: Badlands,2025,2025,Action|Science Fiction|Adventure,1242898,movie,Alison Wright,1257565,1,,,MU/TH/UR (voice),,,,,8,supporting,,,
Predator: Badlands,2025,2025,Action|Science Fiction|Adventure,1242898,movie,Matt Duffer,1179419,2,,,Kwei's Ship Computer (voice),,,,,9,supporting,,,
Predator: Badlands,2025,2025,Action|Science Fiction|Adventure,1242898,movie,Ross Duffer,1179422,2,,,Kwei's Ship Computer (voice),,,,,10,supporting,,,
Rise of the Conqueror,2026,2026,History|Action|Adventure|War,1207162,movie,Christian Mortensen,1442711,0,,,Timur,,,,,1,lead,,,
Rise of the Conqueror,2026,2026,History|Action|Adventure|War,1207162,movie,Mahesh Jadu,1386458,2,,,Hussayn,,,,,2,lead,,,
Rise of the Conqueror,2026,2026,History|Action|Adventure|War,1207162,movie,Joshua Jo,3555968,0,,,Ilias,,,,,3,lead,,,
Rise of the Conqueror,2026,2026,History|Action|Adventure|War,1207162,movie,Sayed Badreya,173810,2,,,Kay Khusrau,,,,,4,supporting,,,
Rise of the Conqueror,2026,2026,History|Action|Adventure|War,1207162,movie,Yulduz Rajabova,2858892,1,,,Aljai,,,,,5,supporting,,,
Rise of the Conqueror,2026,2026,History|Action|Adventure|War,1207162,movie,Arazou Baker,2808019,1,,,Banu,,,,,6,supporting,,,
Rise of the Conqueror,2026,2026,History|Action|Adventure|War,1207162,movie,Paul Marlon,1271507,2,,,James,,,,,7,supporting,,,
Rise of the Conqueror,2026,2026,History|Action|Adventure|War,1207162,movie,Dulguun Odkhuu,3457146,0,,,Sarai,,,,,8,supporting,,,
Rise of the Conqueror,2026,2026,History|Action|Adventure|War,1207162,movie,Sanzhar Madi,1602696,2,,,Jasur,,,,,9,supporting,,,
Rise of the Conqueror,2026,2026,History|Action|Adventure|War,1207162,movie,Umit Ulgen,1372694,2,,,Baraka,,,,,10,supporting,,,
Rise of the Conqueror,2026,2026,History|Action|Adventure|War,1207162,movie,Aziz Beyshenaliev,84733,2,,,Abu Shihab,,,,,11,minor,,,
Rise of the Conqueror,2026,2026,History|Action|Adventure|War,1207162,movie,Yerkebulan Daiyrov,1734486,2,,,Bikijuk,,,,,12,minor,,,
Rise of the Conqueror,2026,2026,History|Action|Adventure|War,1207162,movie,Zhandos Aibassov,1804086,2,,,Iskander,,,,,13,minor,,,
Rise of the Conqueror,2026,2026,History|Action|Adventure|War,1207162,movie,Maksat Kairatuly,6174206,0,,,Elchi,,,,,14,minor,,,
Rise of the Conqueror,2026,2026,History|Action|Adventure|War,1207162,movie,Maruf Otajonov,2894074,2,,,Tugluk Khan,,,,,15,minor,,,
Rise of the Conqueror,2026,2026,History|Action|Adventure|War,1207162,movie,Majit Assan,6174208,0,,,Hadji,,,,,16,minor,,,
Hot Girls Wanted,2015,2015,Documentary,318256,movie,Stella May,1473783,1,,,Self,,,,,1,lead,,,
Hot Girls Wanted,2015,2015,Documentary,318256,movie,Brian Omally,2187350,2,,,Self - Founder of Hussie Models,,,,,2,lead,,,
Hot Girls Wanted,2015,2015,Documentary,318256,movie,Ava Taylor,1373020,1,,,Self,,,,,3,lead,,,
Hot Girls Wanted,2015,2015,Documentary,318256,movie,John Anthony,1480370,2,,,Self,,,,,4,supporting,,,
Hot Girls Wanted,2015,2015,Documentary,318256,movie,Kelly Silguero,3392707,0,,,Self - Tressa's Mother,,,,,5,supporting,,,
Hot Girls Wanted,2015,2015,Documentary,318256,movie,Emeterio Silguero,3392708,0,,,Self - Tressa's Father,,,,,6,supporting,,,
Hot Girls Wanted,2015,2015,Documentary,318256,movie,Ava Kelly,2390684,1,,,Self,,,,,7,supporting,,,
Hot Girls Wanted,2015,2015,Documentary,318256,movie,Lucy Tyler,1197933,1,,,Self,,,,,8,supporting,,,
Hot Girls Wanted,2015,2015,Documentary,318256,movie,Brooklyn Daniels,2064657,1,,,Self,,,,,9,supporting,,,
Hot Girls Wanted,2015,2015,Documentary,318256,movie,Kendall Plemons,1473784,0,,,Self,,,,,10,supporting,,,
Hot Girls Wanted,2015,2015,Documentary,318256,movie,Tony D.,1967254,2,,,Self,,,,,11,minor,,,
Hot Girls Wanted,2015,2015,Documentary,318256,movie,Levi Cash,226878,2,,,Self,,,,,12,minor,,,
Hot Girls Wanted,2015,2015,Documentary,318256,movie,Alli Rae,1375726,1,,,Self,,,,,13,minor,,,
Hot Girls Wanted,2015,2015,Documentary,318256,movie,Dillion Carter,1744608,1,,,Self,,,,,14,minor,,,
Hot Girls Wanted,2015,2015,Documentary,318256,movie,Carrie Brooks,1425362,1,,,Self,,,,,15,minor,,,
Hot Girls Wanted,2015,2015,Documentary,318256,movie,Belle Knox,1473782,1,,,Self (archive footage),,,,,16,minor,,,
Hot Girls Wanted,2015,2015,Documentary,318256,movie,Alaina Kristar,1425518,1,,,Self,,,,,17,minor,,,
The Mortuary Assistant,2026,2026,Horror|Mystery,1470130,movie,Willa Holland,1223171,1,,,Rebecca Owens,,,,,1,lead,,,
The Mortuary Assistant,2026,2026,Horror|Mystery,1470130,movie,Paul Sparks,167564,2,,,Raymond Delver,,,,,2,lead,,,
The Mortuary Assistant,2026,2026,Horror|Mystery,1470130,movie,John Adams,1391986,2,,,,,,,,3,lead,,,
The Mortuary Assistant,2026,2026,Horror|Mystery,1470130,movie,Mark Steger,1052211,2,,,The Mimic,,,,,4,supporting,,,
The Mortuary Assistant,2026,2026,Horror|Mystery,1470130,movie,Shelly Gibson,1922891,1,,,Grandma,,,,,5,supporting,,,
The Mortuary Assistant,2026,2026,Horror|Mystery,1470130,movie,Emily Bennett,2536479,1,,,Vallery,,,,,6,supporting,,,
The Mortuary Assistant,2026,2026,Horror|Mystery,1470130,movie,Keena Ferguson,210346,1,,,Kelly,,,,,7,supporting,,,
Insidious Inferno,2024,2024,Horror,1173559,movie,Stephanie Leet,3692778,0,,,Monica Duvalier,,,,,1,lead,,,
Insidious Inferno,2024,2024,Horror,1173559,movie,Neil Green,3979383,0,,,Andre Duvalier,,,,,2,lead,,,
Insidious Inferno,2024,2024,Horror,1173559,movie,Chynna Rae Shurts,3503484,0,,,Mary,,,,,3,lead,,,
Insidious Inferno,2024,2024,Horror,1173559,movie,Steve Larkin,3633186,2,,,Dorian Tobin Ryan III,,,,,4,supporting,,,
Insidious Inferno,2024,2024,Horror,1173559,movie,Erik Skybak,3633195,0,,,Cameron,,,,,5,supporting,,,
Insidious Inferno,2024,2024,Horror,1173559,movie,Tim Coyle,2940685,0,,,Gregory,,,,,6,supporting,,,
Insidious Inferno,2024,2024,Horror,1173559,movie,Marcella Laasch,1046829,0,,,Donna Olson,,,,,7,supporting,,,
War of the Worlds,2025,2025,Science Fiction|Thriller,755898,movie,Ice Cube,9778,2,,,William Radford,,,,,1,lead,,,
War of the Worlds,2025,2025,Science Fiction|Thriller,755898,movie,Eva Longoria,52605,1,,,NASA Scientist Sandra Salas,,,,,2,lead,,,
War of the Worlds,2025,2025,Science Fiction|Thriller,755898,movie,Clark Gregg,9048,2,,,NSA Director Donald Briggs,,,,,3,lead,,,
War of the Worlds,2025,2025,Science Fiction|Thriller,755898,movie,Iman Benson,1632530,1,,,Faith Radford,,,,,4,supporting,,,
War of the Worlds,2025,2025,Science Fiction|Thriller,755898,movie,Henry Hunter Hall,60482,2,,,David Radford,,,,,5,supporting,,,
War of the Worlds,2025,2025,Science Fiction|Thriller,755898,movie,Devon Bostick,90498,2,,,Mark Goodman,,,,,6,supporting,,,
War of the Worlds,2025,2025,Science Fiction|Thriller,755898,movie,Andrea Savage,71402,1,,,FBI Field Agent Sheila Jeffries,,,,,7,supporting,,,
War of the Worlds,2025,2025,Science Fiction|Thriller,755898,movie,Nicole Pulliam,98811,1,,,News Reporter,,,,,8,supporting,,,
War of the Worlds,2025,2025,Science Fiction|Thriller,755898,movie,Michael O'Neill,21710,2,,,Secretary of Defense Walter Crystal,,,,,9,supporting,,,
War of the Worlds,2025,2025,Science Fiction|Thriller,755898,movie,Jim Meskimen,30697,2,,,POTUS,,,,,10,supporting,,,
The Housemaid,2025,2025,Mystery|Thriller,1368166,movie,Sydney Sweeney,115440,1,,,Millie Calloway,,,,,1,lead,,,
The Housemaid,2025,2025,Mystery|Thriller,1368166,movie,Amanda Seyfried,71070,1,,,Nina Winchester,,,,,2,lead,,,
The Housemaid,2025,2025,Mystery|Thriller,1368166,movie,Brandon Sklenar,1855143,2,,,Andrew Winchester,,,,,3,lead,,,
The Housemaid,2025,2025,Mystery|Thriller,1368166,movie,Michele Morrone,2349355,2,,,Enzo,,,,,4,supporting,,,
The Housemaid,2025,2025,Mystery|Thriller,1368166,movie,Elizabeth Perkins,20,1,,,Mrs. Winchester,,,,,5,supporting,,,
The Housemaid,2025,2025,Mystery|Thriller,1368166,movie,Indiana Elle,4342318,1,,,Cece Winchester,,,,,6,supporting,,,
The Housemaid,2025,2025,Mystery|Thriller,1368166,movie,Amanda Joy Erickson,1517553,1,,,Suzanne,,,,,7,supporting,,,
The Housemaid,2025,2025,Mystery|Thriller,1368166,movie,Sarah Cooper,2035942,1,,,Pam,,,,,8,supporting,,,
The Housemaid,2025,2025,Mystery|Thriller,1368166,movie,Megan Ferguson,1306314,1,,,Jilliane,,,,,9,supporting,,,
The Housemaid,2025,2025,Mystery|Thriller,1368166,movie,Ellen Tamaki,2013576,1,,,Patrice,,,,,10,supporting,,,
The Housemaid,2025,2025,Mystery|Thriller,1368166,movie,Peter Colandro,5941947,2,,,Cashier,,,,,11,minor,,,
The Housemaid,2025,2025,Mystery|Thriller,1368166,movie,Don DiPetta,1537755,2,,,Officer Jenkins,,,,,12,minor,,,
The Housemaid,2025,2025,Mystery|Thriller,1368166,movie,Lamar Baucom-Slaughter,4529578,2,,,Officer Stanley,,,,,13,minor,,,
The Housemaid,2025,2025,Mystery|Thriller,1368166,movie,Kathy Costa McKeown,5941950,1,,,Ballet Instructor,,,,,14,minor,,,
The Housemaid,2025,2025,Mystery|Thriller,1368166,movie,Alaina Surgener,3963321,1,,,Amanda,,,,,15,minor,,,
The Housemaid,2025,2025,Mystery|Thriller,1368166,movie,Cailen Fu,4009305,1,,,Hotel Desk Clerk,,,,,16,minor,,,
The Housemaid,2025,2025,Mystery|Thriller,1368166,movie,Alexandra Seal,2605259,1,,,Officer Jessica Connors,,,,,17,minor,,,
The Housemaid,2025,2025,Mystery|Thriller,1368166,movie,Brian D. Cohen,3501692,0,,,Detective Smythe,,,,,18,minor,,,
The Housemaid,2025,2025,Mystery|Thriller,1368166,movie,Arabella Olivia Clark,3484286,1,,,Young Nina (8yrs),,,,,19,minor,,,
The Housemaid,2025,2025,Mystery|Thriller,1368166,movie,Ken Barnett,210134,2,,,Professor,,,,,20,minor,,,
Slaughterhouse On The Hill,2024,2024,Horror,1292662,movie,Kristy Adams,4554217,0,,,Tracy,,,,,1,lead,,,
Slaughterhouse On The Hill,2024,2024,Horror,1292662,movie,Steve Hansen,4316623,2,,,Chuck,,,,,2,lead,,,
Slaughterhouse On The Hill,2024,2024,Horror,1292662,movie,Ashley Ballou,4724281,1,,,Cici,,,,,3,lead,,,
Slaughterhouse On The Hill,2024,2024,Horror,1292662,movie,Kiki Daire,592804,1,,,Becky,,,,,4,supporting,,,
Slaughterhouse On The Hill,2024,2024,Horror,1292662,movie,Chris Arredondo,3648120,0,,,Bo,,,,,5,supporting,,,
Slaughterhouse On The Hill,2024,2024,Horror,1292662,movie,Jason Wallace,2334462,2,,,Donnie,,,,,6,supporting,,,
Slaughterhouse On The Hill,2024,2024,Horror,1292662,movie,Walid Atshe,3648126,0,,,Wendell/Pig Skin,,,,,7,supporting,,,
Slaughterhouse On The Hill,2024,2024,Horror,1292662,movie,Jacob Krejei,4724285,0,,,Jacob,,,,,8,supporting,,,
Slaughterhouse On The Hill,2024,2024,Horror,1292662,movie,Ryan Freeman,5577331,0,,,Pete,,,,,9,supporting,,,
Slaughterhouse On The Hill,2024,2024,Horror,1292662,movie,Duane Whitaker,11804,2,,,Coach Krutcher,,,,,10,supporting,,,
Man in the Mirror: The Michael Jackson Story,2004,2004,Drama|TV Movie,73353,movie,Flex Alexander,109686,2,,,Michael Jackson,,,,,1,lead,,,
Man in the Mirror: The Michael Jackson Story,2004,2004,Drama|TV Movie,73353,movie,Krista Rae,175743,1,,,Lisa Marie,,,,,2,lead,,,
Man in the Mirror: The Michael Jackson Story,2004,2004,Drama|TV Movie,73353,movie,Eugene Clark,61660,2,,,Bobby,,,,,3,lead,,,
Man in the Mirror: The Michael Jackson Story,2004,2004,Drama|TV Movie,73353,movie,Peter Onorati,21490,2,,,Ziggy,,,,,4,supporting,,,
Man in the Mirror: The Michael Jackson Story,2004,2004,Drama|TV Movie,73353,movie,Lynne Cormack,123305,1,,,Elizabeth Taylor,,,,,5,supporting,,,
Man in the Mirror: The Michael Jackson Story,2004,2004,Drama|TV Movie,73353,movie,Brendan Prost,1051482,2,,,Manny,,,,,6,supporting,,,
Man in the Mirror: The Michael Jackson Story,2004,2004,Drama|TV Movie,73353,movie,Barbara Mamabolo,64306,1,,,Janet Jackson,,,,,7,supporting,,,
Man in the Mirror: The Michael Jackson Story,2004,2004,Drama|TV Movie,73353,movie,April Telek,45428,1,,,Debbie Rowe,,,,,8,supporting,,,
Man in the Mirror: The Michael Jackson Story,2004,2004,Drama|TV Movie,73353,movie,Fred Tucker,4659343,0,,,Joe Jackson,,,,,9,supporting,,,
Man in the Mirror: The Michael Jackson Story,2004,2004,Drama|TV Movie,73353,movie,Brennan Paul Gademans,4659344,0,,,Young Michael,,,,,10,supporting,,,
Man in the Mirror: The Michael Jackson Story,2004,2004,Drama|TV Movie,73353,movie,Jason Griffith,1366442,2,,,Jermaine,,,,,11,minor,,,
Man in the Mirror: The Michael Jackson Story,2004,2004,Drama|TV Movie,73353,movie,Gerrick Winston,1818147,2,,,Tito Jackson,,,,,12,minor,,,
Apocalypto,2006,2006,Action|Drama|History,1579,movie,Rudy Youngblood,17678,2,,,Jaguar Paw,,,,,1,lead,,,
Apocalypto,2006,2006,Action|Drama|History,1579,movie,Raoul Max Trujillo,17688,2,,,Zero Wolf,,,,,2,lead,,,
Apocalypto,2006,2006,Action|Drama|History,1579,movie,Gerardo Taracena,17689,2,,,Middle Eye,,,,,3,lead,,,
Apocalypto,2006,2006,Action|Drama|History,1579,movie,Iazua Larios,42009,1,,,Sky Flower,,,,,4,supporting,,,
Apocalypto,2006,2006,Action|Drama|History,1579,movie,Antonio Monroy,62477,2,,,Chilam,,,,,5,supporting,,,
Apocalypto,2006,2006,Action|Drama|History,1579,movie,María Isabel Díaz Lago,4364,1,,,Mother in Law,,,,,6,supporting,,,
Apocalypto,2006,2006,Action|Drama|History,1579,movie,Dalia Hernández,17679,1,,,Seven,,,,,7,supporting,,,
Apocalypto,2006,2006,Action|Drama|History,1579,movie,Jonathan Brewer,17680,2,,,Blunted,,,,,8,supporting,,,
Apocalypto,2006,2006,Action|Drama|History,1579,movie,Morris Birdyellowhead,17681,2,,,Flint Sky,,,,,9,supporting,,,
Apocalypto,2006,2006,Action|Drama|History,1579,movie,Carlos Emilio Báez,17682,2,,,Turtles Run,,,,,10,supporting,,,
Apocalypto,2006,2006,Action|Drama|History,1579,movie,Amilcar Ramírez,17683,0,,,Curl Nose,,,,,11,minor,,,
Apocalypto,2006,2006,Action|Drama|History,1579,movie,Israel Contreras,17684,0,,,Smoke Frog,,,,,12,minor,,,
Apocalypto,2006,2006,Action|Drama|History,1579,movie,Israel Ríos,17685,0,,,Cocoa Leaf,,,,,13,minor,,,
Apocalypto,2006,2006,Action|Drama|History,1579,movie,Espiridion Acosta Cache,17686,0,,,Old Story Teller,,,,,14,minor,,,
Apocalypto,2006,2006,Action|Drama|History,1579,movie,Mayra Sérbulo,17687,1,,,Young Woman,,,,,15,minor,,,
Apocalypto,2006,2006,Action|Drama|History,1579,movie,Rodolfo Palacios,17690,2,,,Snake Ink,,,,,16,minor,,,
Apocalypto,2006,2006,Action|Drama|History,1579,movie,Lorena Heranandez,42010,0,,,Village Girl,,,,,17,minor,,,
Apocalypto,2006,2006,Action|Drama|History,1579,movie,Itandehui Gutierrez,42011,0,,,Wife,,,,,18,minor,,,
Apocalypto,2006,2006,Action|Drama|History,1579,movie,Sayuri Gutierrez,42012,0,,,Eldest Daughter,,,,,19,minor,,,
Apocalypto,2006,2006,Action|Drama|History,1579,movie,Hiram Soto,42013,0,,,Fish Hunter,,,,,20,minor,,,
Sniper: No Nation,2026,2026,Action|Thriller,1641319,movie,Chad Michael Collins,228371,2,,,Brandon Beckett,,,,,1,lead,,,
Sniper: No Nation,2026,2026,Action|Thriller,1641319,movie,Ryan Robbins,77164,2,,,Zero,,,,,2,lead,,,
Sniper: No Nation,2026,2026,Action|Thriller,1641319,movie,Manuel Rodriguez-Saenz,1994213,2,,,Nova,,,,,3,lead,,,
Sniper: No Nation,2026,2026,Action|Thriller,1641319,movie,Josh Brener,1180979,2,,,Intel Pete,,,,,4,supporting,,,
Sniper: No Nation,2026,2026,Action|Thriller,1641319,movie,Tom Berenger,13022,2,,,Thomas Beckett,,,,,5,supporting,,,
Sniper: No Nation,2026,2026,Action|Thriller,1641319,movie,Sizo Mahlangu,2387550,2,,,Zondi,,,,,6,supporting,,,
Sniper: No Nation,2026,2026,Action|Thriller,1641319,movie,Masasa Mbangeni,2387551,1,,,Angel,,,,,7,supporting,,,
Sniper: No Nation,2026,2026,Action|Thriller,1641319,movie,Jason K. Ralph,2721701,2,,,Frost,,,,,8,supporting,,,
Sniper: No Nation,2026,2026,Action|Thriller,1641319,movie,Danica De La Rey,3791829,1,,,Skylar,,,,,9,supporting,,,
Sniper: No Nation,2026,2026,Action|Thriller,1641319,movie,Clayton Evertson,1491629,2,,,Lorenzo,,,,,10,supporting,,,
Sniper: No Nation,2026,2026,Action|Thriller,1641319,movie,Brandon Auret,1029029,2,,,Kruger,,,,,11,minor,,,
Sniper: No Nation,2026,2026,Action|Thriller,1641319,movie,Gérard Rudolf,128096,2,,,Roman Diaz,,,,,12,minor,,,
Sniper: No Nation,2026,2026,Action|Thriller,1641319,movie,Nico Panagio,1064518,2,,,Cabrera,,,,,13,minor,,,
Sniper: No Nation,2026,2026,Action|Thriller,1641319,movie,Suraya-Rose Santos,1826099,1,,,Katrina,,,,,14,minor,,,
Sniper: No Nation,2026,2026,Action|Thriller,1641319,movie,Asher Stoltz,6130652,0,,,Govan Powers,,,,,15,minor,,,
Sniper: No Nation,2026,2026,Action|Thriller,1641319,movie,Shane John Kruger,1758077,2,,,Quinn,,,,,16,minor,,,
Sniper: No Nation,2026,2026,Action|Thriller,1641319,movie,Tamer Burjaq,1838215,2,,,Vincent,,,,,17,minor,,,
Sniper: No Nation,2026,2026,Action|Thriller,1641319,movie,Llewellyn Cordier,4460642,0,,,Iko,,,,,18,minor,,,
Sniper: No Nation,2026,2026,Action|Thriller,1641319,movie,Hannah Mather,6130657,0,,,Yayan,,,,,19,minor,,,
Sniper: No Nation,2026,2026,Action|Thriller,1641319,movie,Natasha Mayet,1799059,1,,,Olivia,,,,,20,minor,,,
Scream 7,2026,2026,Horror|Mystery|Crime,1159559,movie,Neve Campbell,9206,1,,,Sidney Evans,,,,,1,lead,,,
Scream 7,2026,2026,Horror|Mystery|Crime,1159559,movie,Courteney Cox,14405,1,,,Gale Weathers,,,,,2,lead,,,
Scream 7,2026,2026,Horror|Mystery|Crime,1159559,movie,Isabel May,1972974,1,,,Tatum Evans,,,,,3,lead,,,
Scream 7,2026,2026,Horror|Mystery|Crime,1159559,movie,Jasmin Savoy Brown,1508653,1,,,Mindy Meeks-Martin,,,,,4,supporting,,,
Scream 7,2026,2026,Horror|Mystery|Crime,1159559,movie,Mason Gooding,2174509,2,,,Chad Meeks-Martin,,,,,5,supporting,,,
Scream 7,2026,2026,Horror|Mystery|Crime,1159559,movie,Roger L. Jackson,51957,2,,,'The Voice' (voice),,,,,6,supporting,,,
Scream 7,2026,2026,Horror|Mystery|Crime,1159559,movie,Anna Camp,221098,1,,,Jessica Bowden,,,,,7,supporting,,,
Scream 7,2026,2026,Horror|Mystery|Crime,1159559,movie,Joel McHale,74949,2,,,Mark Evans,,,,,8,supporting,,,
Scream 7,2026,2026,Horror|Mystery|Crime,1159559,movie,Celeste O'Connor,1972881,3,,,Chloe Parker,,,,,9,supporting,,,
Scream 7,2026,2026,Horror|Mystery|Crime,1159559,movie,Sam Rechner,3132260,2,,,Ben Brown,,,,,10,supporting,,,
Scream 7,2026,2026,Horror|Mystery|Crime,1159559,movie,Asa Germann,2659895,2,,,Lucas Bowden,,,,,11,minor,,,
Scream 7,2026,2026,Horror|Mystery|Crime,1159559,movie,Mckenna Grace,1172108,1,,,Hannah Thurman,,,,,12,minor,,,
Scream 7,2026,2026,Horror|Mystery|Crime,1159559,movie,Matthew Lillard,26457,2,,,Stu Macher,,,,,13,minor,,,
Scream 7,2026,2026,Horror|Mystery|Crime,1159559,movie,Kraig Dane,1755239,2,,,Karl Gibbs,,,,,14,minor,,,
Scream 7,2026,2026,Horror|Mystery|Crime,1159559,movie,Ethan Embry,58019,2,,,Marco,,,,,15,minor,,,
Scream 7,2026,2026,Horror|Mystery|Crime,1159559,movie,Mark Consuelos,112143,2,,,Robbie Rivers,,,,,16,minor,,,
Scream 7,2026,2026,Horror|Mystery|Crime,1159559,movie,Victor Turpin,2200314,2,,,Deputy Meadows,,,,,17,minor,,,
Scream 7,2026,2026,Horror|Mystery|Crime,1159559,movie,Amy Louise Pemberton,1134097,1,,,Deputy Cooke,,,,,18,minor,,,
Scream 7,2026,2026,Horror|Mystery|Crime,1159559,movie,Cyle Winters,4055045,2,,,Aaron,,,,,19,minor,,,
Scream 7,2026,2026,Horror|Mystery|Crime,1159559,movie,Anah Diamanty,5897266,1,,,Bella,,,,,20,minor,,,
Balls Up,2026,2026,Comedy|Action|Adventure,1084577,movie,Mark Wahlberg,13240,2,,,Brad,,,,,1,lead,,,
Balls Up,2026,2026,Comedy|Action|Adventure,1084577,movie,Paul Walter Hauser,1294982,2,,,Elijah,,,,,2,lead,,,
Balls Up,2026,2026,Comedy|Action|Adventure,1084577,movie,Sacha Baron Cohen,6730,2,,,Pavio Curto,,,,,3,lead,,,
Balls Up,2026,2026,Comedy|Action|Adventure,1084577,movie,Benjamin Bratt,4589,2,,,Santos,,,,,4,supporting,,,
Balls Up,2026,2026,Comedy|Action|Adventure,1084577,movie,Luciano Szafir,91588,2,,,Cristos,,,,,5,supporting,,,
Balls Up,2026,2026,Comedy|Action|Adventure,1084577,movie,Eva De Dominici,1240538,1,,,Emilia,,,,,6,supporting,,,
Balls Up,2026,2026,Comedy|Action|Adventure,1084577,movie,Daniela Melchior,1784612,1,,,Antonia / Isadora,,,,,7,supporting,,,
Balls Up,2026,2026,Comedy|Action|Adventure,1084577,movie,Molly Shannon,28640,1,,,Burgess,,,,,8,supporting,,,
Balls Up,2026,2026,Comedy|Action|Adventure,1084577,movie,Chelsey Crisp,105186,1,,,Eco Warrior Julie,,,,,9,supporting,,,
Balls Up,2026,2026,Comedy|Action|Adventure,1084577,movie,Eric André,934159,2,,,Eco Warrior Aaron,,,,,10,supporting,,,
Balls Up,2026,2026,Comedy|Action|Adventure,1084577,movie,Jackson Tozer,1525896,2,,,Jeremy,,,,,11,minor,,,
Balls Up,2026,2026,Comedy|Action|Adventure,1084577,movie,Henrietta Amevor,3081911,1,,,Monique,,,,,12,minor,,,
Balls Up,2026,2026,Comedy|Action|Adventure,1084577,movie,Abe Farrelly,2003317,2,,,Steve,,,,,13,minor,,,
Balls Up,2026,2026,Comedy|Action|Adventure,1084577,movie,Ryan Shelton,1544576,2,,,Raoul,,,,,14,minor,,,
Balls Up,2026,2026,Comedy|Action|Adventure,1084577,movie,Nathalie Oliveira,3241531,1,,,Travel Ministry Official,,,,,15,minor,,,
Balls Up,2026,2026,Comedy|Action|Adventure,1084577,movie,Thiago Moraes,1850645,2,,,Brazil Travel Minister,,,,,16,minor,,,
Balls Up,2026,2026,Comedy|Action|Adventure,1084577,movie,Sloan Fischer,2758701,2,,,Nightclub Waiter,,,,,17,minor,,,
Balls Up,2026,2026,Comedy|Action|Adventure,1084577,movie,Gianni Deguara,6143956,2,,,Parcel Delivery Guy,,,,,18,minor,,,
Balls Up,2026,2026,Comedy|Action|Adventure,1084577,movie,Juliana Castro,6143957,1,,,Argentina Radio Announcer (voice),,,,,19,minor,,,
Balls Up,2026,2026,Comedy|Action|Adventure,1084577,movie,Ian Adamson,6143958,2,,,Argentina Radio Announcer (voice),,,,,20,minor,,,
Money Shot: The Pornhub Story,2023,2023,Documentary,1087040,movie,Noelle Perdue,3970030,1,,,Self - Porn Industry Professional,,,,,1,lead,,,
Money Shot: The Pornhub Story,2023,2023,Documentary,1087040,movie,Michael Stabile,149066,2,,,"Self - Porn Industry Advocate / Director of Public Affairs, FSC",,,,,2,lead,,,
Money Shot: The Pornhub Story,2023,2023,Documentary,1087040,movie,Siri Dahl,1100768,1,,,Self - Porn Performer,,,,,3,lead,,,
Money Shot: The Pornhub Story,2023,2023,Documentary,1087040,movie,Wolf Hudson,222346,2,,,Self - Porn Performer,,,,,4,supporting,,,
Money Shot: The Pornhub Story,2023,2023,Documentary,1087040,movie,Martin Patriquin,3970043,0,,,"Self - Journalist, The Logic",,,,,5,supporting,,,
Money Shot: The Pornhub Story,2023,2023,Documentary,1087040,movie,Bree Mills,1647480,1,,,Self - Porn Director,,,,,6,supporting,,,
Money Shot: The Pornhub Story,2023,2023,Documentary,1087040,movie,Cherie DeVille,1041370,1,,,Self - Porn Performer,,,,,7,supporting,,,
Money Shot: The Pornhub Story,2023,2023,Documentary,1087040,movie,Asa Akira,232008,1,,,Self - Pornhub Ambassador,,,,,8,supporting,,,
Money Shot: The Pornhub Story,2023,2023,Documentary,1087040,movie,Natassia Dreams,1626140,3,,,Self - Pornhub Ambassador,,,,,9,supporting,,,
Money Shot: The Pornhub Story,2023,2023,Documentary,1087040,movie,Gwen Adora,3970051,1,,,Self - Porn Performer,,,,,10,supporting,,,
Money Shot: The Pornhub Story,2023,2023,Documentary,1087040,movie,Dani Pinter,3970061,1,,,"Self - Senior Legal Counsel, NCOSE",,,,,11,minor,,,
Money Shot: The Pornhub Story,2023,2023,Documentary,1087040,movie,Nicholas Kristof,1099447,2,,,"Self - Columnist, The New York Times",,,,,12,minor,,,
Money Shot: The Pornhub Story,2023,2023,Documentary,1087040,movie,Whitney Burgoyne,3970072,0,,,Self - Former MindGeek Employee,,,,,13,minor,,,
Money Shot: The Pornhub Story,2023,2023,Documentary,1087040,movie,Feras Antoon,3728100,0,,,"Self - CEO, MindGeek (archive footage)",,,,,14,minor,,,
Money Shot: The Pornhub Story,2023,2023,Documentary,1087040,movie,David Tassillo,3728102,0,,,"Self - COO, MindGeek (archive footage)",,,,,15,minor,,,
Money Shot: The Pornhub Story,2023,2023,Documentary,1087040,movie,Corey Urman,3970077,0,,,"Self - Vice President, MindGeek (archive footage)",,,,,16,minor,,,
Money Shot: The Pornhub Story,2023,2023,Documentary,1087040,movie,Yiota Souras,3970079,0,,,"Self - Senior VP & General Counsel, NCMEC",,,,,17,minor,,,
Money Shot: The Pornhub Story,2023,2023,Documentary,1087040,movie,Serena Fleites,3970081,0,,,Self,,,,,18,minor,,,
Money Shot: The Pornhub Story,2023,2023,Documentary,1087040,movie,Michael Bowe,3970082,0,,,"Self - Attorney, Brown Rudnick LLP",,,,,19,minor,,,
Money Shot: The Pornhub Story,2023,2023,Documentary,1087040,movie,Allie Eve Knox,1622656,1,,,Self - Porn Performer,,,,,20,minor,,,
Greenland 2: Migration,2026,2026,Adventure|Thriller|Science Fiction,840464,movie,Gerard Butler,17276,2,,,John Garrity,,,,,1,lead,,,
Greenland 2: Migration,2026,2026,Adventure|Thriller|Science Fiction,840464,movie,Morena Baccarin,54882,1,,,Allison Garrity,,,,,2,lead,,,
Greenland 2: Migration,2026,2026,Adventure|Thriller|Science Fiction,840464,movie,Roman Griffin Davis,2054851,2,,,Nathan Garrity,,,,,3,lead,,,
Greenland 2: Migration,2026,2026,Adventure|Thriller|Science Fiction,840464,movie,Tommie Earl Jenkins,1754784,2,,,General Sharpe,,,,,4,supporting,,,
Greenland 2: Migration,2026,2026,Adventure|Thriller|Science Fiction,840464,movie,Trond Fausa Aurvåg,85151,2,,,Adam Shaw,,,,,5,supporting,,,
Greenland 2: Migration,2026,2026,Adventure|Thriller|Science Fiction,840464,movie,Amber Rose Revah,574378,1,,,Dr Casey Amina,,,,,6,supporting,,,
Greenland 2: Migration,2026,2026,Adventure|Thriller|Science Fiction,840464,movie,Gina Gangar,2738818,1,,,Elizabeth Price,,,,,7,supporting,,,
Greenland 2: Migration,2026,2026,Adventure|Thriller|Science Fiction,840464,movie,Antonio De Lima,2033965,0,,,Charles Williams,,,,,8,supporting,,,
Greenland 2: Migration,2026,2026,Adventure|Thriller|Science Fiction,840464,movie,Peter Polycarpou,78019,2,,,Dr Haugen,,,,,9,supporting,,,
Greenland 2: Migration,2026,2026,Adventure|Thriller|Science Fiction,840464,movie,Beruce Khan,1977127,2,,,Mr Singh,,,,,10,supporting,,,
Greenland 2: Migration,2026,2026,Adventure|Thriller|Science Fiction,840464,movie,Megan Jacobs Shrivastava,5938906,0,,,Female Student,,,,,11,minor,,,
Greenland 2: Migration,2026,2026,Adventure|Thriller|Science Fiction,840464,movie,Mitu Panicucci,4796716,1,,,Snarky Student,,,,,12,minor,,,
Greenland 2: Migration,2026,2026,Adventure|Thriller|Science Fiction,840464,movie,Gísli Örn Garðarsson,587354,2,,,Lars,,,,,13,minor,,,
Greenland 2: Migration,2026,2026,Adventure|Thriller|Science Fiction,840464,movie,Sidsel Siem Koch,1518801,1,,,Pia,,,,,14,minor,,,
Greenland 2: Migration,2026,2026,Adventure|Thriller|Science Fiction,840464,movie,Faraz M. Khan,2116514,0,,,Officer Bradley,,,,,15,minor,,,
Greenland 2: Migration,2026,2026,Adventure|Thriller|Science Fiction,840464,movie,Nathan Wiley,1611250,2,,,Major Green,,,,,16,minor,,,
Greenland 2: Migration,2026,2026,Adventure|Thriller|Science Fiction,840464,movie,Gordon Alexander,563560,2,,,Lt. Blake,,,,,17,minor,,,
Greenland 2: Migration,2026,2026,Adventure|Thriller|Science Fiction,840464,movie,Alex Lanipekun,1326866,2,,,Riley Watson,,,,,18,minor,,,
Greenland 2: Migration,2026,2026,Adventure|Thriller|Science Fiction,840464,movie,Shayn Herndon,1393591,0,,,Steven Holt,,,,,19,minor,,,
Greenland 2: Migration,2026,2026,Adventure|Thriller|Science Fiction,840464,movie,Rachael Evelyn,1796987,1,,,Kerri Holt,,,,,20,minor,,,
Interstellar,2014,2014,Adventure|Drama|Science Fiction,157336,movie,Matthew McConaughey,10297,2,,,Cooper,,,,,1,lead,,,
Interstellar,2014,2014,Adventure|Drama|Science Fiction,157336,movie,Anne Hathaway,1813,1,,,Brand,,,,,2,lead,,,
Interstellar,2014,2014,Adventure|Drama|Science Fiction,157336,movie,Michael Caine,3895,2,,,Professor Brand,,,,,3,lead,,,
Interstellar,2014,2014,Adventure|Drama|Science Fiction,157336,movie,Jessica Chastain,83002,1,,,Murph,,,,,4,supporting,,,
Interstellar,2014,2014,Adventure|Drama|Science Fiction,157336,movie,Casey Affleck,1893,2,,,Tom,,,,,5,supporting,,,
Interstellar,2014,2014,Adventure|Drama|Science Fiction,157336,movie,Wes Bentley,8210,2,,,Doyle,,,,,6,supporting,,,
Interstellar,2014,2014,Adventure|Drama|Science Fiction,157336,movie,Topher Grace,17052,2,,,Getty,,,,,7,supporting,,,
Interstellar,2014,2014,Adventure|Drama|Science Fiction,157336,movie,Mackenzie Foy,851784,1,,,Murph (10 Yrs.),,,,,8,supporting,,,
Interstellar,2014,2014,Adventure|Drama|Science Fiction,157336,movie,Ellen Burstyn,9560,1,,,Murph (older),,,,,9,supporting,,,
Interstellar,2014,2014,Adventure|Drama|Science Fiction,157336,movie,John Lithgow,12074,2,,,Donald,,,,,10,supporting,,,
Interstellar,2014,2014,Adventure|Drama|Science Fiction,157336,movie,Bill Irwin,58549,2,,,TARS (voice),,,,,11,minor,,,
Interstellar,2014,2014,Adventure|Drama|Science Fiction,157336,movie,David Gyasi,55411,2,,,Romilly,,,,,12,minor,,,
Interstellar,2014,2014,Adventure|Drama|Science Fiction,157336,movie,Timothée Chalamet,1190668,2,,,Tom (15 Yrs.),,,,,13,minor,,,
Interstellar,2014,2014,Adventure|Drama|Science Fiction,157336,movie,Matt Damon,1892,2,,,Mann,,,,,14,minor,,,
Interstellar,2014,2014,Adventure|Drama|Science Fiction,157336,movie,Josh Stewart,40039,2,,,CASE (voice),,,,,15,minor,,,
Interstellar,2014,2014,Adventure|Drama|Science Fiction,157336,movie,Leah Cairns,32202,1,,,Lois,,,,,16,minor,,,
Interstellar,2014,2014,Adventure|Drama|Science Fiction,157336,movie,Liam Dickinson,1452481,2,,,Coop,,,,,17,minor,,,
Interstellar,2014,2014,Adventure|Drama|Science Fiction,157336,movie,Francis X. McCarthy,100650,2,,,Boots,,,,,18,minor,,,
Interstellar,2014,2014,Adventure|Drama|Science Fiction,157336,movie,William Devane,21416,2,,,Williams,,,,,19,minor,,,
Interstellar,2014,2014,Adventure|Drama|Science Fiction,157336,movie,Andrew Borba,167720,2,,,Smith,,,,,20,minor,,,
Michael Jackson: Searching for Neverland,2017,2017,Drama|TV Movie,458293,movie,Navi,1819793,2,,,Michael Jackson,,,,,1,lead,,,
Michael Jackson: Searching for Neverland,2017,2017,Drama|TV Movie,458293,movie,Chad L. Coleman,124645,2,,,Bill Whitfield,,,,,2,lead,,,
Michael Jackson: Searching for Neverland,2017,2017,Drama|TV Movie,458293,movie,Sam Adegoke,1772766,2,,,Javon Beard,,,,,3,lead,,,
Michael Jackson: Searching for Neverland,2017,2017,Drama|TV Movie,458293,movie,Aidan Hanlon Smith,1819795,2,,,Prince Jackson,,,,,4,supporting,,,
Michael Jackson: Searching for Neverland,2017,2017,Drama|TV Movie,458293,movie,Taegen Burns,1819796,1,,,Paris Jackson,,,,,5,supporting,,,
Michael Jackson: Searching for Neverland,2017,2017,Drama|TV Movie,458293,movie,Michael Mourra,1819798,2,,,Blanket Jackson,,,,,6,supporting,,,
Michael Jackson: Searching for Neverland,2017,2017,Drama|TV Movie,458293,movie,Ken Colquitt,1094471,2,,,Dr. Conrad Murray,,,,,7,supporting,,,
Michael Jackson: Searching for Neverland,2017,2017,Drama|TV Movie,458293,movie,A. Russell Andrews,1215657,2,,,Attorney Davis,,,,,8,supporting,,,
Michael Jackson: Searching for Neverland,2017,2017,Drama|TV Movie,458293,movie,Isabella Hofmann,108213,1,,,Attorney Green,,,,,9,supporting,,,
Michael Jackson: Searching for Neverland,2017,2017,Drama|TV Movie,458293,movie,Vincent M. Ward,1223877,2,,,Jeff Adams,,,,,10,supporting,,,
Michael Jackson: Searching for Neverland,2017,2017,Drama|TV Movie,458293,movie,Kyla-Drew,1371108,1,,,Aleiya Whitfield,,,,,11,minor,,,
Michael Jackson: Searching for Neverland,2017,2017,Drama|TV Movie,458293,movie,Nondumiso Tembe,1367843,1,,,Grace Rwaramba,,,,,12,minor,,,
Michael Jackson: Searching for Neverland,2017,2017,Drama|TV Movie,458293,movie,Susan Wilder,1444795,1,,,Real Estate Agent,,,,,13,minor,,,
Michael Jackson: Searching for Neverland,2017,2017,Drama|TV Movie,458293,movie,Mykel Shannon Jenkins,61856,2,,,Michael Amir Williams,,,,,14,minor,,,
xXx,2002,2002,Action|Adventure|Thriller|Crime|Drama,7451,movie,Vin Diesel,12835,2,,,Xander Cage,,,,,1,lead,,,
xXx,2002,2002,Action|Adventure|Thriller|Crime|Drama,7451,movie,Asia Argento,18514,1,,,Yelena,,,,,2,lead,,,
xXx,2002,2002,Action|Adventure|Thriller|Crime|Drama,7451,movie,Marton Csokas,20982,2,,,Yorgi,,,,,3,lead,,,
xXx,2002,2002,Action|Adventure|Thriller|Crime|Drama,7451,movie,Samuel L. Jackson,2231,2,,,Agent Augustus Gibbons,,,,,4,supporting,,,
xXx,2002,2002,Action|Adventure|Thriller|Crime|Drama,7451,movie,Michael Roof,53347,2,,,Agent Toby Lee Shavers,,,,,5,supporting,,,
xXx,2002,2002,Action|Adventure|Thriller|Crime|Drama,7451,movie,Richy Müller,2341,2,,,Milan Sova,,,,,6,supporting,,,
xXx,2002,2002,Action|Adventure|Thriller|Crime|Drama,7451,movie,Werner Daehn,39849,2,,,Kirill,,,,,7,supporting,,,
xXx,2002,2002,Action|Adventure|Thriller|Crime|Drama,7451,movie,Petr Jákl,53348,2,,,Kolya,,,,,8,supporting,,,
xXx,2002,2002,Action|Adventure|Thriller|Crime|Drama,7451,movie,Jan Filipenský,137332,2,,,Viktor,,,,,9,supporting,,,
xXx,2002,2002,Action|Adventure|Thriller|Crime|Drama,7451,movie,Tom Everett,140250,2,,,Senator Dick Hotchkiss,,,,,10,supporting,,,
xXx,2002,2002,Action|Adventure|Thriller|Crime|Drama,7451,movie,Danny Trejo,11160,2,,,El Jefe,,,,,11,minor,,,
xXx,2002,2002,Action|Adventure|Thriller|Crime|Drama,7451,movie,Thomas Ian Griffith,60705,2,,,Agent Jim McGrath,,,,,12,minor,,,
xXx,2002,2002,Action|Adventure|Thriller|Crime|Drama,7451,movie,Eve,230176,1,,,J.J.,,,,,13,minor,,,
xXx,2002,2002,Action|Adventure|Thriller|Crime|Drama,7451,movie,Leila Arcieri,65240,1,,,Jordan King,,,,,14,minor,,,
xXx,2002,2002,Action|Adventure|Thriller|Crime|Drama,7451,movie,William Hope,10207,2,,,Agent Roger Donnan,,,,,15,minor,,,
xXx,2002,2002,Action|Adventure|Thriller|Crime|Drama,7451,movie,Ted Maynard,730454,2,,,James Tannick,,,,,16,minor,,,
xXx,2002,2002,Action|Adventure|Thriller|Crime|Drama,7451,movie,Joe Bucaro III,51302,2,,,Virg,,,,,17,minor,,,
xXx,2002,2002,Action|Adventure|Thriller|Crime|Drama,7451,movie,Chris Gann,154837,2,,,T.J.,,,,,18,minor,,,
xXx,2002,2002,Action|Adventure|Thriller|Crime|Drama,7451,movie,Martin Hub,1054325,2,,,Ivan Podrov,,,,,19,minor,,,
xXx,2002,2002,Action|Adventure|Thriller|Crime|Drama,7451,movie,Radek Tomečka,4212490,2,,,Ivan Pedgrag,,,,,20,minor,,,
Anaconda,2025,2025,Adventure|Comedy|Horror,1234731,movie,Jack Black,70851,2,,,Doug McCallister,,,,,1,lead,,,
Anaconda,2025,2025,Adventure|Comedy|Horror,1234731,movie,Paul Rudd,22226,2,,,Ronald Griffin Jr.,,,,,2,lead,,,
Anaconda,2025,2025,Adventure|Comedy|Horror,1234731,movie,Steve Zahn,18324,2,,,Kenny Trent,,,,,3,lead,,,
Anaconda,2025,2025,Adventure|Comedy|Horror,1234731,movie,Thandiwe Newton,9030,1,,,Claire Simons,,,,,4,supporting,,,
Anaconda,2025,2025,Adventure|Comedy|Horror,1234731,movie,Daniela Melchior,1784612,1,,,Ana Almeida,,,,,5,supporting,,,
Anaconda,2025,2025,Adventure|Comedy|Horror,1234731,movie,Selton Mello,87341,2,,,Santiago,,,,,6,supporting,,,
Anaconda,2025,2025,Adventure|Comedy|Horror,1234731,movie,Ice Cube,9778,2,,,Ice Cube,,,,,7,supporting,,,
Anaconda,2025,2025,Adventure|Comedy|Horror,1234731,movie,Ione Skye,3126,1,,,Malie,,,,,8,supporting,,,
Anaconda,2025,2025,Adventure|Comedy|Horror,1234731,movie,Rui Ricardo Diaz,129685,2,,,João,,,,,9,supporting,,,
Anaconda,2025,2025,Adventure|Comedy|Horror,1234731,movie,John Billingsley,21722,2,,,Jerry,,,,,10,supporting,,,
Anaconda,2025,2025,Adventure|Comedy|Horror,1234731,movie,Sebastian Sero,4078880,2,,,Charlie,,,,,11,minor,,,
Anaconda,2025,2025,Adventure|Comedy|Horror,1234731,movie,Diego Arnary,5896952,0,,,Paulo,,,,,12,minor,,,
Anaconda,2025,2025,Adventure|Comedy|Horror,1234731,movie,Dan Silveira,5894376,2,,,Timo,,,,,13,minor,,,
Anaconda,2025,2025,Adventure|Comedy|Horror,1234731,movie,Anna Francesca Armenia,5896953,1,,,Bride,,,,,14,minor,,,
Anaconda,2025,2025,Adventure|Comedy|Horror,1234731,movie,Jarred Blakiston,1510004,2,,,Groom,,,,,15,minor,,,
Anaconda,2025,2025,Adventure|Comedy|Horror,1234731,movie,John Voce,1242533,2,,,Groom’s Dad,,,,,16,minor,,,
Anaconda,2025,2025,Adventure|Comedy|Horror,1234731,movie,Lisa Kay,933684,1,,,Groom’s Mom,,,,,17,minor,,,
Anaconda,2025,2025,Adventure|Comedy|Horror,1234731,movie,Ron Smyck,2896645,2,,,Director,,,,,18,minor,,,
Anaconda,2025,2025,Adventure|Comedy|Horror,1234731,movie,Ben Lawson,1232323,2,,,TV MD - Brant Markham,,,,,19,minor,,,
Anaconda,2025,2025,Adventure|Comedy|Horror,1234731,movie,Renee Herbert,3694940,1,,,Set PA,,,,,20,minor,,,
From Straight A's to XXX,2017,2017,Drama|TV Movie,441168,movie,Haley Pullos,109783,1,,,Miriam Weeks,,,,,1,lead,,,
From Straight A's to XXX,2017,2017,Drama|TV Movie,441168,movie,Sasha Clements,1723911,1,,,Jolie,,,,,2,lead,,,
From Straight A's to XXX,2017,2017,Drama|TV Movie,441168,movie,Judd Nelson,21624,2,,,Don,,,,,3,lead,,,
From Straight A's to XXX,2017,2017,Drama|TV Movie,441168,movie,Alyson Bath,1210485,1,,,Dora,,,,,4,supporting,,,
From Straight A's to XXX,2017,2017,Drama|TV Movie,441168,movie,Jacky Lai,1772357,1,,,Amy,,,,,5,supporting,,,
From Straight A's to XXX,2017,2017,Drama|TV Movie,441168,movie,Jessica Lu,1254925,1,,,Amanda,,,,,6,supporting,,,
From Straight A's to XXX,2017,2017,Drama|TV Movie,441168,movie,Rachelle Gillis,1695689,1,,,Jen,,,,,7,supporting,,,
From Straight A's to XXX,2017,2017,Drama|TV Movie,441168,movie,Sarah Porchetta,1887188,1,,,Roxy,,,,,8,supporting,,,
From Straight A's to XXX,2017,2017,Drama|TV Movie,441168,movie,Imali Perera,1759435,1,,,Mrs. Harcharan Weeks,,,,,9,supporting,,,
From Straight A's to XXX,2017,2017,Drama|TV Movie,441168,movie,Peter Graham-Gaudreau,46898,2,,,Dr. Kevin Weeks,,,,,10,supporting,,,
From Straight A's to XXX,2017,2017,Drama|TV Movie,441168,movie,Garrett Black,1508116,2,,,Paul Weeks,,,,,11,minor,,,
From Straight A's to XXX,2017,2017,Drama|TV Movie,441168,movie,Piers Morgan,1220147,2,,,Piers Morgan,,,,,12,minor,,,
From Straight A's to XXX,2017,2017,Drama|TV Movie,441168,movie,Sherri Shepherd,109561,1,,,Sherri Shepherd,,,,,13,minor,,,
From Straight A's to XXX,2017,2017,Drama|TV Movie,441168,movie,Jenna Romanin,233264,1,,,Sara,,,,,14,minor,,,
From Straight A's to XXX,2017,2017,Drama|TV Movie,441168,movie,Cardi Wong,1562498,2,,,Jeff,,,,,15,minor,,,
From Straight A's to XXX,2017,2017,Drama|TV Movie,441168,movie,Ty Wood,61166,2,,,Gavin,,,,,16,minor,,,
From Straight A's to XXX,2017,2017,Drama|TV Movie,441168,movie,Andrea Stefancikova,1192899,1,,,Natalie,,,,,17,minor,,,
From Straight A's to XXX,2017,2017,Drama|TV Movie,441168,movie,Alex Pangburn,1689340,2,,,Josh,,,,,18,minor,,,
From Straight A's to XXX,2017,2017,Drama|TV Movie,441168,movie,Liam Hall,1710661,2,,,James,,,,,19,minor,,,
From Straight A's to XXX,2017,2017,Drama|TV Movie,441168,movie,Natalie von Rotsburg,1368543,1,,,Sienna,,,,,20,minor,,,
The Super Mario Bros. Movie,2023,2023,Family|Comedy|Adventure|Fantasy|Animation,502356,movie,Chris Pratt,73457,2,,,Mario (voice),,,,,1,lead,,,
The Super Mario Bros. Movie,2023,2023,Family|Comedy|Adventure|Fantasy|Animation,502356,movie,Anya Taylor-Joy,1397778,1,,,Princess Peach (voice),,,,,2,lead,,,
The Super Mario Bros. Movie,2023,2023,Family|Comedy|Adventure|Fantasy|Animation,502356,movie,Charlie Day,95101,2,,,Luigi (voice),,,,,3,lead,,,
The Super Mario Bros. Movie,2023,2023,Family|Comedy|Adventure|Fantasy|Animation,502356,movie,Jack Black,70851,2,,,Bowser (voice),,,,,4,supporting,,,
The Super Mario Bros. Movie,2023,2023,Family|Comedy|Adventure|Fantasy|Animation,502356,movie,Keegan-Michael Key,298410,2,,,Toad (voice),,,,,5,supporting,,,
The Super Mario Bros. Movie,2023,2023,Family|Comedy|Adventure|Fantasy|Animation,502356,movie,Seth Rogen,19274,2,,,Donkey Kong (voice),,,,,6,supporting,,,
The Super Mario Bros. Movie,2023,2023,Family|Comedy|Adventure|Fantasy|Animation,502356,movie,Fred Armisen,61110,2,,,Cranky Kong (voice),,,,,7,supporting,,,
The Super Mario Bros. Movie,2023,2023,Family|Comedy|Adventure|Fantasy|Animation,502356,movie,Sebastian Maniscalco,299743,2,,,Spike (voice),,,,,8,supporting,,,
The Super Mario Bros. Movie,2023,2023,Family|Comedy|Adventure|Fantasy|Animation,502356,movie,Charles Martinet,176340,2,,,Mario's Dad / Giuseppe (voice),,,,,9,supporting,,,
The Super Mario Bros. Movie,2023,2023,Family|Comedy|Adventure|Fantasy|Animation,502356,movie,Kevin Michael Richardson,24362,2,,,Kamek (voice),,,,,10,supporting,,,
The Super Mario Bros. Movie,2023,2023,Family|Comedy|Adventure|Fantasy|Animation,502356,movie,Khary Payton,65640,2,,,Penguin King (voice),,,,,11,minor,,,
The Super Mario Bros. Movie,2023,2023,Family|Comedy|Adventure|Fantasy|Animation,502356,movie,Rino Romano,110799,2,,,Uncle Tony (voice),,,,,12,minor,,,
The Super Mario Bros. Movie,2023,2023,Family|Comedy|Adventure|Fantasy|Animation,502356,movie,John DiMaggio,31531,2,,,Uncle Arthur (voice),,,,,13,minor,,,
The Super Mario Bros. Movie,2023,2023,Family|Comedy|Adventure|Fantasy|Animation,502356,movie,Jessica DiCicco,94820,1,,,Mario's Mom (voice),,,,,14,minor,,,
The Super Mario Bros. Movie,2023,2023,Family|Comedy|Adventure|Fantasy|Animation,502356,movie,Eric Bauza,89599,2,,,Toad General (voice),,,,,15,minor,,,
The Super Mario Bros. Movie,2023,2023,Family|Comedy|Adventure|Fantasy|Animation,502356,movie,Juliet Jelenic,3976319,1,,,Lumalee (voice),,,,,16,minor,,,
The Super Mario Bros. Movie,2023,2023,Family|Comedy|Adventure|Fantasy|Animation,502356,movie,Scott Menville,113916,2,,,Koopa General (voice),,,,,17,minor,,,
The Super Mario Bros. Movie,2023,2023,Family|Comedy|Adventure|Fantasy|Animation,502356,movie,Carlos Alazraqui,59784,2,,,Additional Voices (voice),,,,,18,minor,,,
The Super Mario Bros. Movie,2023,2023,Family|Comedy|Adventure|Fantasy|Animation,502356,movie,Jason Broad,3373727,2,,,Additional Voices (voice),,,,,19,minor,,,
The Super Mario Bros. Movie,2023,2023,Family|Comedy|Adventure|Fantasy|Animation,502356,movie,Ashly Burch,1156183,1,,,Additional Voices (voice),,,,,20,minor,,,
Thrash,2026,2026,Horror|Thriller,1290417,movie,Phoebe Dynevor,1232756,1,,,Lisa Fields,,,,,1,lead,,,
Thrash,2026,2026,Horror|Thriller,1290417,movie,Whitney Peak,1842860,1,,,Dakota,,,,,2,lead,,,
Thrash,2026,2026,Horror|Thriller,1290417,movie,Djimon Hounsou,938,2,,,Dr. Dale Edwards,,,,,3,lead,,,
Thrash,2026,2026,Horror|Thriller,1290417,movie,Alyla Browne,2431565,1,,,Dee,,,,,4,supporting,,,
Thrash,2026,2026,Horror|Thriller,1290417,movie,Stacy Clausen,3291945,2,,,Ron,,,,,5,supporting,,,
Thrash,2026,2026,Horror|Thriller,1290417,movie,Dante Ubaldi,5583021,0,,,Will,,,,,6,supporting,,,
Thrash,2026,2026,Horror|Thriller,1290417,movie,Matt Nable,123879,2,,,Billy Olson,,,,,7,supporting,,,
Thrash,2026,2026,Horror|Thriller,1290417,movie,Andrew Lees,1331950,2,,,Joe Sprinkle,,,,,8,supporting,,,
Thrash,2026,2026,Horror|Thriller,1290417,movie,Sami Afuni,3043386,2,,,Doug The Camera Guy,,,,,9,supporting,,,
Thrash,2026,2026,Horror|Thriller,1290417,movie,Tyler Coppin,152548,2,,,Trent,,,,,10,supporting,,,
Thrash,2026,2026,Horror|Thriller,1290417,movie,Adam Dunn,3430988,2,,,Harbor Master Greg Wilson,,,,,11,minor,,,
Thrash,2026,2026,Horror|Thriller,1290417,movie,Chai Hansen,1255398,2,,,Brian,,,,,12,minor,,,
Thrash,2026,2026,Horror|Thriller,1290417,movie,Annabel Mullion,1220107,1,,,Claire Fields,,,,,13,minor,,,
Thrash,2026,2026,Horror|Thriller,1290417,movie,Bert LaBonté,1783789,0,,,Jimmy,,,,,14,minor,,,
Thrash,2026,2026,Horror|Thriller,1290417,movie,Sian Luxford,3719061,0,,,Diane Rialto,,,,,15,minor,,,
Thrash,2026,2026,Horror|Thriller,1290417,movie,Amy Mathews,61787,1,,,Rachel Olson,,,,,16,minor,,,
Thrash,2026,2026,Horror|Thriller,1290417,movie,Josh McConville,1281967,2,,,Bob,,,,,17,minor,,,
Thrash,2026,2026,Horror|Thriller,1290417,movie,Aaliyah Nginyo,6132815,0,,,Young Dakota,,,,,18,minor,,,
Thrash,2026,2026,Horror|Thriller,1290417,movie,Akosia Sabet,2610952,1,,,Young Dakota's Mom,,,,,19,minor,,,
Thrash,2026,2026,Horror|Thriller,1290417,movie,Elijah Ungvary,1700997,2,,,Scott,,,,,20,minor,,,
"""Wuthering Heights""",2026,2026,Romance|Drama,1316092,movie,Margot Robbie,234352,1,,,Cathy,,,,,1,lead,,,
"""Wuthering Heights""",2026,2026,Romance|Drama,1316092,movie,Jacob Elordi,2034418,2,,,Heathcliff,,,,,2,lead,,,
"""Wuthering Heights""",2026,2026,Romance|Drama,1316092,movie,Hong Chau,1360317,1,,,Nelly,,,,,3,lead,,,
"""Wuthering Heights""",2026,2026,Romance|Drama,1316092,movie,Alison Oliver,2981449,1,,,Isabella,,,,,4,supporting,,,
"""Wuthering Heights""",2026,2026,Romance|Drama,1316092,movie,Shazad Latif,1370832,2,,,Edgar,,,,,5,supporting,,,
"""Wuthering Heights""",2026,2026,Romance|Drama,1316092,movie,Martin Clunes,22159,2,,,Mr. Earnshaw,,,,,6,supporting,,,
"""Wuthering Heights""",2026,2026,Romance|Drama,1316092,movie,Ewan Mitchell,1829122,2,,,Joseph,,,,,7,supporting,,,
"""Wuthering Heights""",2026,2026,Romance|Drama,1316092,movie,Amy Morgan,1639205,1,,,Zillah,,,,,8,supporting,,,
"""Wuthering Heights""",2026,2026,Romance|Drama,1316092,movie,Jessica Knappett,1128192,1,,,Mrs Burton,,,,,9,supporting,,,
"""Wuthering Heights""",2026,2026,Romance|Drama,1316092,movie,Charlotte Mellington,5292854,1,,,Young Cathy,,,,,10,supporting,,,
"""Wuthering Heights""",2026,2026,Romance|Drama,1316092,movie,Owen Cooper,5225942,2,,,Young Heathcliff,,,,,11,minor,,,
"""Wuthering Heights""",2026,2026,Romance|Drama,1316092,movie,Vy Nguyen,1643904,1,,,Young Nelly,,,,,12,minor,,,
"""Wuthering Heights""",2026,2026,Romance|Drama,1316092,movie,Millie Kent,3732598,1,,,Jane,,,,,13,minor,,,
"""Wuthering Heights""",2026,2026,Romance|Drama,1316092,movie,Vicki Pepperdine,1248292,1,,,Sister Mercy,,,,,14,minor,,,
"""Wuthering Heights""",2026,2026,Romance|Drama,1316092,movie,Paul Rhys,80365,2,,,Heathcliff's Father,,,,,15,minor,,,
"""Wuthering Heights""",2026,2026,Romance|Drama,1316092,movie,Robert Cawsey,1782026,2,,,Gallows Master,,,,,16,minor,,,
"""Wuthering Heights""",2026,2026,Romance|Drama,1316092,movie,Gabriel Bisset-Smith,2182343,2,,,Hangman,,,,,17,minor,,,
"""Wuthering Heights""",2026,2026,Romance|Drama,1316092,movie,Louie Benjamin Potts,5983577,0,,,Urchin 1,,,,,18,minor,,,
"""Wuthering Heights""",2026,2026,Romance|Drama,1316092,movie,Treyston Braine,5221769,0,,,Urchin 2,,,,,19,minor,,,
"""Wuthering Heights""",2026,2026,Romance|Drama,1316092,movie,Jaydon Eastman,5580601,0,,,Urchin 3,,,,,20,minor,,,
Protector,2026,2026,Action|Thriller,1383731,movie,Milla Jovovich,63,1,,,Nikki Halstead,,,,,1,lead,,,
Protector,2026,2026,Action|Thriller,1383731,movie,Matthew Modine,8654,2,,,Colonel Joseph Lavelle,,,,,2,lead,,,
Protector,2026,2026,Action|Thriller,1383731,movie,Isabel Myers,1485076,1,,,Chloe Halstead,,,,,3,lead,,,
Protector,2026,2026,Action|Thriller,1383731,movie,D. B. Sweeney,61962,2,,,Captain Michaels,,,,,4,supporting,,,
Protector,2026,2026,Action|Thriller,1383731,movie,Don Harvey,1280,2,,,Sullivan,,,,,5,supporting,,,
Protector,2026,2026,Action|Thriller,1383731,movie,Michael Stahl-David,51991,2,,,Detective John Blake,,,,,6,supporting,,,
Protector,2026,2026,Action|Thriller,1383731,movie,Lydia Hull,1042684,1,,,Detective Alexa Jane,,,,,7,supporting,,,
Protector,2026,2026,Action|Thriller,1383731,movie,Chase Kim,945041,2,,,Detective Jin Woo,,,,,8,supporting,,,
Protector,2026,2026,Action|Thriller,1383731,movie,Brooklyn Sudano,101091,1,,,Detective Keyes,,,,,9,supporting,,,
Protector,2026,2026,Action|Thriller,1383731,movie,Gabriel Sloyer,1745261,2,,,The Chairman,,,,,10,supporting,,,
Protector,2026,2026,Action|Thriller,1383731,movie,Manny Montana,1182725,2,,,Victor the Butcher,,,,,11,minor,,,
Protector,2026,2026,Action|Thriller,1383731,movie,Texas Battle,53185,2,,,Swat Team Leader Savoy,,,,,12,minor,,,
Protector,2026,2026,Action|Thriller,1383731,movie,Yoko Hamamura,3282111,2,,,Kodera,,,,,13,minor,,,
Protector,2026,2026,Action|Thriller,1383731,movie,Arica Himmel,2295754,1,,,Ellie,,,,,14,minor,,,
Protector,2026,2026,Action|Thriller,1383731,movie,Shane Williams,6180286,0,,,Ben Blaine,,,,,15,minor,,,
Protector,2026,2026,Action|Thriller,1383731,movie,John D. Hickman,1788486,2,,,Petrol Head,,,,,16,minor,,,
The Strangers: Chapter 3,2026,2026,Horror|Thriller,1010755,movie,Madelaine Petsch,1592855,1,,,Maya,,,,,1,lead,,,
The Strangers: Chapter 3,2026,2026,Horror|Thriller,1010755,movie,Richard Brake,3901,2,,,Sheriff Rotter,,,,,2,lead,,,
The Strangers: Chapter 3,2026,2026,Horror|Thriller,1010755,movie,Ema Horvath,1921268,1,,,Shelly / Pinup,,,,,3,lead,,,
The Strangers: Chapter 3,2026,2026,Horror|Thriller,1010755,movie,Gabriel Basso,222122,2,,,Gregory / Scarecrow,,,,,4,supporting,,,
The Strangers: Chapter 3,2026,2026,Horror|Thriller,1010755,movie,Pedro Leandro,3188261,2,,,Deputy Walters,,,,,5,supporting,,,
The Strangers: Chapter 3,2026,2026,Horror|Thriller,1010755,movie,Rachel Shenton,1076119,1,,,Debbie,,,,,6,supporting,,,
The Strangers: Chapter 3,2026,2026,Horror|Thriller,1010755,movie,George Young,1622199,2,,,Howard,,,,,7,supporting,,,
The Strangers: Chapter 3,2026,2026,Horror|Thriller,1010755,movie,Kyle Breitkopf,1144353,2,,,Teenage Gregory / Scarecrow,,,,,8,supporting,,,
The Strangers: Chapter 3,2026,2026,Horror|Thriller,1010755,movie,Finn Cofell,5996169,1,,,Teenage Pinup,,,,,9,supporting,,,
The Strangers: Chapter 3,2026,2026,Horror|Thriller,1010755,movie,Stevee Davies,1278601,0,,,Dougie,,,,,10,supporting,,,
The Strangers: Chapter 3,2026,2026,Horror|Thriller,1010755,movie,Hannah Galway,2997200,1,,,Claire,,,,,11,minor,,,
The Strangers: Chapter 3,2026,2026,Horror|Thriller,1010755,movie,Sara Freedland,2615696,0,,,Annie,,,,,12,minor,,,
The Strangers: Chapter 3,2026,2026,Horror|Thriller,1010755,movie,Dani Klupsch,3334647,1,,,Carrie,,,,,13,minor,,,
The Strangers: Chapter 3,2026,2026,Horror|Thriller,1010755,movie,Ella Bruccoleri,3250136,1,,,Jasmine,,,,,14,minor,,,
The Strangers: Chapter 3,2026,2026,Horror|Thriller,1010755,movie,Krystal Ellsworth,1003061,1,,,Dollface,,,,,15,minor,,,
The Strangers: Chapter 3,2026,2026,Horror|Thriller,1010755,movie,Janis Ahern,1405269,1,,,Carol,,,,,16,minor,,,
The Strangers: Chapter 3,2026,2026,Horror|Thriller,1010755,movie,Pablo Sandstrom,4067300,2,,,Neil,,,,,17,minor,,,
The Strangers: Chapter 3,2026,2026,Horror|Thriller,1010755,movie,Stephanie Aubertin,3850944,0,,,Teenage Dollface,,,,,18,minor,,,
The Strangers: Chapter 3,2026,2026,Horror|Thriller,1010755,movie,Nicholas Chaif,5875408,0,,,Sleazy Guy,,,,,19,minor,,,
The Strangers: Chapter 3,2026,2026,Horror|Thriller,1010755,movie,Jake Cogman,5754813,0,,,Young Scarecrow,,,,,20,minor,,,
After We Fell,2021,2021,Drama|Romance,744275,movie,Josephine Langford,1753914,1,,,Tessa Young,,,,,1,lead,,,
After We Fell,2021,2021,Drama|Romance,744275,movie,Hero Fiennes Tiffin,1114487,2,,,Hardin Scott,,,,,2,lead,,,
After We Fell,2021,2021,Drama|Romance,744275,movie,Carter Jenkins,86653,2,,,Robert Freeman,,,,,3,lead,,,
After We Fell,2021,2021,Drama|Romance,744275,movie,Louise Lombard,20805,1,,,Trish Daniels,,,,,4,supporting,,,
After We Fell,2021,2021,Drama|Romance,744275,movie,Chance Perdomo,2035329,2,,,Landon Gibson,,,,,5,supporting,,,
After We Fell,2021,2021,Drama|Romance,744275,movie,Rob Estes,20960,2,,,Ken Scott,,,,,6,supporting,,,
After We Fell,2021,2021,Drama|Romance,744275,movie,Arielle Kebbel,20373,1,,,"Kimberly ""Kim"" Vance",,,,,7,supporting,,,
After We Fell,2021,2021,Drama|Romance,744275,movie,Stephen Moyer,32203,2,,,Christian Vance,,,,,8,supporting,,,
After We Fell,2021,2021,Drama|Romance,744275,movie,Mira Sorvino,23931,1,,,Carol Young,,,,,9,supporting,,,
After We Fell,2021,2021,Drama|Romance,744275,movie,Frances Turner,1845809,1,,,Karen Scott,,,,,10,supporting,,,
After We Fell,2021,2021,Drama|Romance,744275,movie,Kiana Madeira,142115,1,,,Nora,,,,,11,minor,,,
After We Fell,2021,2021,Drama|Romance,744275,movie,Atanas Srebrev,67247,2,,,Richard Young,,,,,12,minor,,,
After We Fell,2021,2021,Drama|Romance,744275,movie,Anton Kottas,2916706,2,,,Smith Vance,,,,,13,minor,,,
After We Fell,2021,2021,Drama|Romance,744275,movie,Emmanuel Todorov,1133682,0,,,Mike,,,,,14,minor,,,
After We Fell,2021,2021,Drama|Romance,744275,movie,Velizar Nikolaev Biney,3293373,0,,,Dr. West,,,,,15,minor,,,
After We Fell,2021,2021,Drama|Romance,744275,movie,Matthew Hall,1934098,0,,,Bartender,,,,,16,minor,,,
After We Fell,2021,2021,Drama|Romance,744275,movie,Angela Sari,3051460,1,,,Lillian,,,,,17,minor,,,
After We Fell,2021,2021,Drama|Romance,744275,movie,Simon Fick,3293377,0,,,Foreboding Guy,,,,,18,minor,,,
After We Fell,2021,2021,Drama|Romance,744275,movie,Samantha Fries,3293378,0,,,Young Tessa,,,,,19,minor,,,
After We Fell,2021,2021,Drama|Romance,744275,movie,Ana Ivanova,1910292,0,,,Emery,,,,,20,minor,,,
Mortal Kombat II,2026,2026,Action|Fantasy|Adventure,931285,movie,Karl Urban,1372,2,,,Johnny Cage,,,,,1,lead,,,
Mortal Kombat II,2026,2026,Action|Fantasy|Adventure,931285,movie,Adeline Rudolph,2168270,1,,,Kitana,,,,,2,lead,,,
Mortal Kombat II,2026,2026,Action|Fantasy|Adventure,931285,movie,Jessica McNamee,136347,1,,,Sonya Blade,,,,,3,lead,,,
Mortal Kombat II,2026,2026,Action|Fantasy|Adventure,931285,movie,Josh Lawson,189230,2,,,Revenant Kano,,,,,4,supporting,,,
Mortal Kombat II,2026,2026,Action|Fantasy|Adventure,931285,movie,Ludi Lin,1525689,2,,,Liu Kang,,,,,5,supporting,,,
Mortal Kombat II,2026,2026,Action|Fantasy|Adventure,931285,movie,Mehcad Brooks,51684,2,,,Jackson 'Jax' Briggs,,,,,6,supporting,,,
Mortal Kombat II,2026,2026,Action|Fantasy|Adventure,931285,movie,Tati Gabrielle,1859934,1,,,Jade,,,,,7,supporting,,,
Mortal Kombat II,2026,2026,Action|Fantasy|Adventure,931285,movie,Lewis Tan,1610940,2,,,Cole Young,,,,,8,supporting,,,
Mortal Kombat II,2026,2026,Action|Fantasy|Adventure,931285,movie,Damon Herriman,62752,2,,,Quan Chi,,,,,9,supporting,,,
Mortal Kombat II,2026,2026,Action|Fantasy|Adventure,931285,movie,Chin Han,101015,2,,,Shang Tsung,,,,,10,supporting,,,
Mortal Kombat II,2026,2026,Action|Fantasy|Adventure,931285,movie,Tadanobu Asano,13275,2,,,Lord Raiden,,,,,11,minor,,,
Mortal Kombat II,2026,2026,Action|Fantasy|Adventure,931285,movie,Joe Taslim,592496,2,,,Bi-Han,,,,,12,minor,,,
Mortal Kombat II,2026,2026,Action|Fantasy|Adventure,931285,movie,Hiroyuki Sanada,9195,2,,,Hanzo Hasashi / Scorpion,,,,,13,minor,,,
Mortal Kombat II,2026,2026,Action|Fantasy|Adventure,931285,movie,Max Huang,1358974,2,,,Revenant Kung Lao,,,,,14,minor,,,
Mortal Kombat II,2026,2026,Action|Fantasy|Adventure,931285,movie,Martyn Ford,1510237,2,,,Shao Kahn,,,,,15,minor,,,
Mortal Kombat II,2026,2026,Action|Fantasy|Adventure,931285,movie,Ana Thu Nguyen,4079346,0,,,Queen Sindel,,,,,16,minor,,,
Mortal Kombat II,2026,2026,Action|Fantasy|Adventure,931285,movie,Desmond Chiam,2111842,2,,,King Jerrod,,,,,17,minor,,,
Mortal Kombat II,2026,2026,Action|Fantasy|Adventure,931285,movie,CJ. Bloomfield,4377186,2,,,Baraka,,,,,18,minor,,,
Mortal Kombat II,2026,2026,Action|Fantasy|Adventure,931285,movie,Vanesa Everett,3974367,0,,,Edenian Chanting Female,,,,,19,minor,,,
Mortal Kombat II,2026,2026,Action|Fantasy|Adventure,931285,movie,Sharon Brooks,3866173,1,,,Edenian Female Upper Class,,,,,20,minor,,,
Lee Cronin's The Mummy,2026,2026,Horror|Mystery,1304313,movie,Jack Reynor,1007683,2,,,Charlie Cannon,,,,,1,lead,,,
Lee Cronin's The Mummy,2026,2026,Horror|Mystery,1304313,movie,Laia Costa,1425019,1,,,Larissa Cannon,,,,,2,lead,,,
Lee Cronin's The Mummy,2026,2026,Horror|Mystery,1304313,movie,May Calamawy,1952051,1,,,Detective Dalia Zaki,,,,,3,lead,,,
Lee Cronin's The Mummy,2026,2026,Horror|Mystery,1304313,movie,Natalie Grace,3524429,1,,,Katie Cannon,,,,,4,supporting,,,
Lee Cronin's The Mummy,2026,2026,Horror|Mystery,1304313,movie,Shylo Molina,2886183,2,,,Sebastián Cannon,,,,,5,supporting,,,
Lee Cronin's The Mummy,2026,2026,Horror|Mystery,1304313,movie,Billie Roy,3768556,0,,,Maud Cannon,,,,,6,supporting,,,
Lee Cronin's The Mummy,2026,2026,Horror|Mystery,1304313,movie,Veronica Falcón,1029593,1,,,Carmen Santiago,,,,,7,supporting,,,
Lee Cronin's The Mummy,2026,2026,Horror|Mystery,1304313,movie,Hayat Kamille,1743875,1,,,The Magician,,,,,8,supporting,,,
Lee Cronin's The Mummy,2026,2026,Horror|Mystery,1304313,movie,May Elghety,1850319,1,,,Layla Khalil,,,,,9,supporting,,,
Lee Cronin's The Mummy,2026,2026,Horror|Mystery,1304313,movie,Emily Mitchell,3543561,1,,,Young Katie Cannon,,,,,10,supporting,,,
Lee Cronin's The Mummy,2026,2026,Horror|Mystery,1304313,movie,Husam Chadat,1391786,2,,,Detective Ismail,,,,,11,minor,,,
Lee Cronin's The Mummy,2026,2026,Horror|Mystery,1304313,movie,Tim Seyfi,18734,2,,,Doctor El-Sayed,,,,,12,minor,,,
Lee Cronin's The Mummy,2026,2026,Horror|Mystery,1304313,movie,Mark Mitchinson,205427,2,,,Professor Bixler,,,,,13,minor,,,
Lee Cronin's The Mummy,2026,2026,Horror|Mystery,1304313,movie,Gideon Emery,35981,2,,,Vogel,,,,,14,minor,,,
Lee Cronin's The Mummy,2026,2026,Horror|Mystery,1304313,movie,Dean Allen Williams,4957441,0,,,Young Sebastián Cannon,,,,,15,minor,,,
Lee Cronin's The Mummy,2026,2026,Horror|Mystery,1304313,movie,Gerald Papasian,1188529,2,,,Omar Farid,,,,,16,minor,,,
Lee Cronin's The Mummy,2026,2026,Horror|Mystery,1304313,movie,Hanna Khogali,6142606,0,,,Nadia Taylor,,,,,17,minor,,,
Lee Cronin's The Mummy,2026,2026,Horror|Mystery,1304313,movie,Jamie Doyle,1377808,0,,,Pinky,,,,,18,minor,,,
Lee Cronin's The Mummy,2026,2026,Horror|Mystery,1304313,movie,Amr Atia,6142616,0,,,Officer Adel Salah,,,,,19,minor,,,
Lee Cronin's The Mummy,2026,2026,Horror|Mystery,1304313,movie,Jonny Everett,2813548,2,,,Albuquerque Newsreader,,,,,20,minor,,,
Michael Jackson: The Life of an Icon,2011,2011,Documentary|Music,78192,movie,Michael Jackson,82702,2,,,Self (archive footage),,,,,1,lead,,,
Michael Jackson: The Life of an Icon,2011,2011,Documentary|Music,78192,movie,David Gest,2452786,0,,,Self,,,,,2,lead,,,
Michael Jackson: The Life of an Icon,2011,2011,Documentary|Music,78192,movie,Tito Jackson,992668,2,,,Self,,,,,3,lead,,,
Michael Jackson: The Life of an Icon,2011,2011,Documentary|Music,78192,movie,Rebbie Jackson,1246357,0,,,Self,,,,,4,supporting,,,
Michael Jackson: The Life of an Icon,2011,2011,Documentary|Music,78192,movie,Katherine Jackson,1137185,1,,,Self,,,,,5,supporting,,,
Michael Jackson: The Life of an Icon,2011,2011,Documentary|Music,78192,movie,Frank DiLeo,11481,2,,,Self,,,,,6,supporting,,,
Michael Jackson: The Life of an Icon,2011,2011,Documentary|Music,78192,movie,J. Randy Taraborrelli,1462915,2,,,Self,,,,,7,supporting,,,
Michael Jackson: The Life of an Icon,2011,2011,Documentary|Music,78192,movie,Whitney Houston,8851,1,,,Self,,,,,8,supporting,,,
Michael Jackson: The Life of an Icon,2011,2011,Documentary|Music,78192,movie,Freda Payne,1236187,1,,,Self,,,,,9,supporting,,,
Michael Jackson: The Life of an Icon,2011,2011,Documentary|Music,78192,movie,Thomas Mesereau,2389686,0,,,Self,,,,,10,supporting,,,
Michael Jackson: The Life of an Icon,2011,2011,Documentary|Music,78192,movie,Percy Sledge,1217546,2,,,Self,,,,,11,minor,,,
Michael Jackson: The Life of an Icon,2011,2011,Documentary|Music,78192,movie,Petula Clark,129515,1,,,Self,,,,,12,minor,,,
Michael Jackson: The Life of an Icon,2011,2011,Documentary|Music,78192,movie,Eddie Floyd,1931162,2,,,Self,,,,,13,minor,,,
Michael Jackson: The Life of an Icon,2011,2011,Documentary|Music,78192,movie,Paul Anka,77260,2,,,Self,,,,,14,minor,,,
Michael Jackson: The Life of an Icon,2011,2011,Documentary|Music,78192,movie,Frank Cascio,2967348,0,,,Self,,,,,15,minor,,,
Michael Jackson: The Life of an Icon,2011,2011,Documentary|Music,78192,movie,Kenny Gamble,1668793,0,,,Self,,,,,16,minor,,,
Michael Jackson: The Life of an Icon,2011,2011,Documentary|Music,78192,movie,Leon Huff,2967349,0,,,Self,,,,,17,minor,,,
Michael Jackson: The Life of an Icon,2011,2011,Documentary|Music,78192,movie,Dionne Warwick,160573,1,,,Self,,,,,18,minor,,,
Ready or Not 2: Here I Come,2026,2026,Horror|Comedy,1266127,movie,Samara Weaving,1372369,1,,,Grace MacCaulley,,,,,1,lead,,,
Ready or Not 2: Here I Come,2026,2026,Horror|Comedy,1266127,movie,Kathryn Newton,221192,1,,,Faith MacCaulley,,,,,2,lead,,,
Ready or Not 2: Here I Come,2026,2026,Horror|Comedy,1266127,movie,Elijah Wood,109,2,,,The Lawyer,,,,,3,lead,,,
Ready or Not 2: Here I Come,2026,2026,Horror|Comedy,1266127,movie,Sarah Michelle Gellar,11863,1,,,Ursula Danforth,,,,,4,supporting,,,
Ready or Not 2: Here I Come,2026,2026,Horror|Comedy,1266127,movie,Shawn Hatosy,52647,2,,,Titus Danforth,,,,,5,supporting,,,
Ready or Not 2: Here I Come,2026,2026,Horror|Comedy,1266127,movie,Varun Saranga,1741000,2,,,Madhu Rajan,,,,,6,supporting,,,
Ready or Not 2: Here I Come,2026,2026,Horror|Comedy,1266127,movie,Masa Lizdek,1632661,1,,,Martina Rajan,,,,,7,supporting,,,
Ready or Not 2: Here I Come,2026,2026,Horror|Comedy,1266127,movie,Olivia Cheng,86764,1,,,Wan Chen Xing,,,,,8,supporting,,,
Ready or Not 2: Here I Come,2026,2026,Horror|Comedy,1266127,movie,David Cronenberg,224,2,,,Chester Danforth,,,,,9,supporting,,,
Ready or Not 2: Here I Come,2026,2026,Horror|Comedy,1266127,movie,Dan Beirne,1166834,2,,,Kip Danforth,,,,,10,supporting,,,
Ready or Not 2: Here I Come,2026,2026,Horror|Comedy,1266127,movie,Antony Hall,4073133,0,,,Wan Cheng Fu,,,,,11,minor,,,
Ready or Not 2: Here I Come,2026,2026,Horror|Comedy,1266127,movie,Nadeem Umar-Khitab,1177319,2,,,Viraj Rajan,,,,,12,minor,,,
Ready or Not 2: Here I Come,2026,2026,Horror|Comedy,1266127,movie,Nestor Carbonell,21316,2,,,Ignacio El Caido,,,,,13,minor,,,
Ready or Not 2: Here I Come,2026,2026,Horror|Comedy,1266127,movie,Maia Jae,2418130,1,,,Francesca El Caído,,,,,14,minor,,,
Ready or Not 2: Here I Come,2026,2026,Horror|Comedy,1266127,movie,Juan Pablo Romero,3543919,2,,,Felipe El Caído,,,,,15,minor,,,
Ready or Not 2: Here I Come,2026,2026,Horror|Comedy,1266127,movie,Kevin Durand,79072,2,,,Bill Wilkinson,,,,,16,minor,,,
Ready or Not 2: Here I Come,2026,2026,Horror|Comedy,1266127,movie,Kara Wooten,2372009,0,,,Pernilla,,,,,17,minor,,,
Ready or Not 2: Here I Come,2026,2026,Horror|Comedy,1266127,movie,Grant Nickalls,941286,2,,,Detective Bassett,,,,,18,minor,,,
Ready or Not 2: Here I Come,2026,2026,Horror|Comedy,1266127,movie,Kristel Fernandes,6079885,0,,,EMT #1,,,,,19,minor,,,
Ready or Not 2: Here I Come,2026,2026,Horror|Comedy,1266127,movie,Nathan Lam,2898048,0,,,EMT #2,,,,,20,minor,,,
Avengers: Infinity War,2018,2018,Adventure|Action|Science Fiction,299536,movie,Robert Downey Jr.,3223,2,,,Tony Stark / Iron Man,,,,,1,lead,,,
Avengers: Infinity War,2018,2018,Adventure|Action|Science Fiction,299536,movie,Chris Evans,16828,2,,,Steve Rogers / Captain America,,,,,2,lead,,,
Avengers: Infinity War,2018,2018,Adventure|Action|Science Fiction,299536,movie,Chris Hemsworth,74568,2,,,Thor,,,,,3,lead,,,
Avengers: Infinity War,2018,2018,Adventure|Action|Science Fiction,299536,movie,Josh Brolin,16851,2,,,Thanos,,,,,4,supporting,,,
Avengers: Infinity War,2018,2018,Adventure|Action|Science Fiction,299536,movie,Mark Ruffalo,103,2,,,Bruce Banner / Hulk,,,,,5,supporting,,,
Avengers: Infinity War,2018,2018,Adventure|Action|Science Fiction,299536,movie,Scarlett Johansson,1245,1,,,Natasha Romanoff / Black Widow,,,,,6,supporting,,,
Avengers: Infinity War,2018,2018,Adventure|Action|Science Fiction,299536,movie,Don Cheadle,1896,2,,,James Rhodes / War Machine,,,,,7,supporting,,,
Avengers: Infinity War,2018,2018,Adventure|Action|Science Fiction,299536,movie,Benedict Cumberbatch,71580,2,,,Doctor Strange,,,,,8,supporting,,,
Avengers: Infinity War,2018,2018,Adventure|Action|Science Fiction,299536,movie,Tom Holland,1136406,2,,,Peter Parker / Spider-Man,,,,,9,supporting,,,
Avengers: Infinity War,2018,2018,Adventure|Action|Science Fiction,299536,movie,Chadwick Boseman,172069,2,,,T'Challa / Black Panther,,,,,10,supporting,,,
Avengers: Infinity War,2018,2018,Adventure|Action|Science Fiction,299536,movie,Zoe Saldaña,8691,1,,,Gamora,,,,,11,minor,,,
Avengers: Infinity War,2018,2018,Adventure|Action|Science Fiction,299536,movie,Karen Gillan,543261,1,,,Nebula,,,,,12,minor,,,
Avengers: Infinity War,2018,2018,Adventure|Action|Science Fiction,299536,movie,Tom Hiddleston,91606,2,,,Loki,,,,,13,minor,,,
Avengers: Infinity War,2018,2018,Adventure|Action|Science Fiction,299536,movie,Paul Bettany,6162,2,,,Vision,,,,,14,minor,,,
Avengers: Infinity War,2018,2018,Adventure|Action|Science Fiction,299536,movie,Elizabeth Olsen,550843,1,,,Wanda Maximoff / Scarlet Witch,,,,,15,minor,,,
Avengers: Infinity War,2018,2018,Adventure|Action|Science Fiction,299536,movie,Anthony Mackie,53650,2,,,Sam Wilson / Falcon,,,,,16,minor,,,
Avengers: Infinity War,2018,2018,Adventure|Action|Science Fiction,299536,movie,Sebastian Stan,60898,2,,,Bucky Barnes / Winter Soldier,,,,,17,minor,,,
Avengers: Infinity War,2018,2018,Adventure|Action|Science Fiction,299536,movie,Idris Elba,17605,2,,,Heimdall,,,,,18,minor,,,
Avengers: Infinity War,2018,2018,Adventure|Action|Science Fiction,299536,movie,Danai Gurira,82104,1,,,Okoye,,,,,19,minor,,,
Avengers: Infinity War,2018,2018,Adventure|Action|Science Fiction,299536,movie,Peter Dinklage,22970,2,,,Eitri,,,,,20,minor,,,
Pretty Lethal,2026,2026,Music|Thriller|Action|Horror,1084187,movie,Maddie Ziegler,1483976,1,,,Bones,,,,,1,lead,,,
Pretty Lethal,2026,2026,Music|Thriller|Action|Horror,1084187,movie,Lana Condor,1452046,1,,,Princess,,,,,2,lead,,,
Pretty Lethal,2026,2026,Music|Thriller|Action|Horror,1084187,movie,Iris Apatow,963429,1,,,Zoe,,,,,3,lead,,,
Pretty Lethal,2026,2026,Music|Thriller|Action|Horror,1084187,movie,Millicent Simmonds,1815539,1,,,Chloe,,,,,4,supporting,,,
Pretty Lethal,2026,2026,Music|Thriller|Action|Horror,1084187,movie,Avantika,2749024,1,,,Grace,,,,,5,supporting,,,
Pretty Lethal,2026,2026,Music|Thriller|Action|Horror,1084187,movie,Michael Culkin,8445,2,,,Lothar Marcovic,,,,,6,supporting,,,
Pretty Lethal,2026,2026,Music|Thriller|Action|Horror,1084187,movie,Lydia Leonard,82807,1,,,Miss Thorna,,,,,7,supporting,,,
Pretty Lethal,2026,2026,Music|Thriller|Action|Horror,1084187,movie,Uma Thurman,139,1,,,Devora Kasimer,,,,,8,supporting,,,
Pretty Lethal,2026,2026,Music|Thriller|Action|Horror,1084187,movie,Tamás Hagyó,2069533,2,,,Bus Driver,,,,,9,supporting,,,
Pretty Lethal,2026,2026,Music|Thriller|Action|Horror,1084187,movie,Julian Krenn,4617051,2,,,Yuri,,,,,10,supporting,,,
Pretty Lethal,2026,2026,Music|Thriller|Action|Horror,1084187,movie,Miklós Béres,2791432,2,,,Osip,,,,,11,minor,,,
Pretty Lethal,2026,2026,Music|Thriller|Action|Horror,1084187,movie,Péter Végh,2543432,2,,,Amir,,,,,12,minor,,,
Pretty Lethal,2026,2026,Music|Thriller|Action|Horror,1084187,movie,Adam Boncz,1116027,2,,,Zolly,,,,,13,minor,,,
Pretty Lethal,2026,2026,Music|Thriller|Action|Horror,1084187,movie,Krisztián Csákvári,2503035,2,,,Artyom,,,,,14,minor,,,
Pretty Lethal,2026,2026,Music|Thriller|Action|Horror,1084187,movie,Kate Freund,1293988,1,,,Sona,,,,,15,minor,,,
Pretty Lethal,2026,2026,Music|Thriller|Action|Horror,1084187,movie,Tamás Szabó Sipos,2067129,2,,,Pasha,,,,,16,minor,,,
Pretty Lethal,2026,2026,Music|Thriller|Action|Horror,1084187,movie,Béla Orsányi,1844194,2,,,Vlad,,,,,17,minor,,,
Pretty Lethal,2026,2026,Music|Thriller|Action|Horror,1084187,movie,David Benko,6099781,2,,,Piano Player,,,,,18,minor,,,
Pretty Lethal,2026,2026,Music|Thriller|Action|Horror,1084187,movie,Balázs Megyeri,2254898,2,,,Saber,,,,,19,minor,,,
Pretty Lethal,2026,2026,Music|Thriller|Action|Horror,1084187,movie,Gary Cothenet,1855944,2,,,Enzo,,,,,20,minor,,,
The Avengers,2012,2012,Science Fiction|Action|Adventure,24428,movie,Robert Downey Jr.,3223,2,,,Tony Stark / Iron Man,,,,,1,lead,,,
The Avengers,2012,2012,Science Fiction|Action|Adventure,24428,movie,Chris Evans,16828,2,,,Steve Rogers / Captain America,,,,,2,lead,,,
The Avengers,2012,2012,Science Fiction|Action|Adventure,24428,movie,Mark Ruffalo,103,2,,,Bruce Banner / The Hulk,,,,,3,lead,,,
The Avengers,2012,2012,Science Fiction|Action|Adventure,24428,movie,Chris Hemsworth,74568,2,,,Thor,,,,,4,supporting,,,
The Avengers,2012,2012,Science Fiction|Action|Adventure,24428,movie,Scarlett Johansson,1245,1,,,Natasha Romanoff / Black Widow,,,,,5,supporting,,,
The Avengers,2012,2012,Science Fiction|Action|Adventure,24428,movie,Jeremy Renner,17604,2,,,Clint Barton / Hawkeye,,,,,6,supporting,,,
The Avengers,2012,2012,Science Fiction|Action|Adventure,24428,movie,Tom Hiddleston,91606,2,,,Loki,,,,,7,supporting,,,
The Avengers,2012,2012,Science Fiction|Action|Adventure,24428,movie,Clark Gregg,9048,2,,,Agent Phil Coulson,,,,,8,supporting,,,
The Avengers,2012,2012,Science Fiction|Action|Adventure,24428,movie,Cobie Smulders,71189,1,,,Agent Maria Hill,,,,,9,supporting,,,
The Avengers,2012,2012,Science Fiction|Action|Adventure,24428,movie,Stellan Skarsgård,1640,2,,,Selvig,,,,,10,supporting,,,
The Avengers,2012,2012,Science Fiction|Action|Adventure,24428,movie,Samuel L. Jackson,2231,2,,,Nick Fury,,,,,11,minor,,,
The Avengers,2012,2012,Science Fiction|Action|Adventure,24428,movie,Gwyneth Paltrow,12052,1,,,Pepper Potts,,,,,12,minor,,,
The Avengers,2012,2012,Science Fiction|Action|Adventure,24428,movie,Paul Bettany,6162,2,,,Jarvis (voice),,,,,13,minor,,,
The Avengers,2012,2012,Science Fiction|Action|Adventure,24428,movie,Alexis Denisof,1214673,2,,,The Other,,,,,14,minor,,,
The Avengers,2012,2012,Science Fiction|Action|Adventure,24428,movie,Tina Benko,60120,1,,,NASA Scientist,,,,,15,minor,,,
The Avengers,2012,2012,Science Fiction|Action|Adventure,24428,movie,Jerzy Skolimowski,43553,2,,,Georgi Luchkov,,,,,16,minor,,,
The Avengers,2012,2012,Science Fiction|Action|Adventure,24428,movie,Kirill Nikiforov,1479945,2,,,Weaselly Thug,,,,,17,minor,,,
The Avengers,2012,2012,Science Fiction|Action|Adventure,24428,movie,Jeff Wolfe,51303,2,,,Tall Thug,,,,,18,minor,,,
The Avengers,2012,2012,Science Fiction|Action|Adventure,24428,movie,M'laah Kaur Singh,1479946,1,,,Young Girl,,,,,19,minor,,,
The Avengers,2012,2012,Science Fiction|Action|Adventure,24428,movie,Rashmi Rustagi,86157,1,,,Calcutta Woman,,,,,20,minor,,,
Whistle,2026,2026,Horror|Mystery,1193501,movie,Dafne Keen,1464650,1,,,Chrys Willet,,,,,1,lead,,,
Whistle,2026,2026,Horror|Mystery,1193501,movie,Sophie Nélisse,1008607,1,,,Ellie Gains,,,,,2,lead,,,
Whistle,2026,2026,Horror|Mystery,1193501,movie,Sky Yang,2388828,2,,,Rel Taylor,,,,,3,lead,,,
Whistle,2026,2026,Horror|Mystery,1193501,movie,Jhaleil Swaby,1993743,2,,,Dean,,,,,4,supporting,,,
Whistle,2026,2026,Horror|Mystery,1193501,movie,Alissa Skovbye,117995,1,,,Grace Friedkin,,,,,5,supporting,,,
Whistle,2026,2026,Horror|Mystery,1193501,movie,Percy Hynes White,1477961,2,,,Noah Haggerty,,,,,6,supporting,,,
Whistle,2026,2026,Horror|Mystery,1193501,movie,Mika Amonsen,2184164,2,,,Tanner,,,,,7,supporting,,,
Whistle,2026,2026,Horror|Mystery,1193501,movie,Michelle Fairley,20057,1,,,Ivy Raymore,,,,,8,supporting,,,
Whistle,2026,2026,Horror|Mystery,1193501,movie,Stephen Kalyn,2573266,2,,,Mason Horse Raymore,,,,,9,supporting,,,
Whistle,2026,2026,Horror|Mystery,1193501,movie,Nick Frost,11109,2,,,Mr. Craven,,,,,10,supporting,,,
Whistle,2026,2026,Horror|Mystery,1193501,movie,Conrad Coates,43263,2,,,Clayton Jackson,,,,,11,minor,,,
Whistle,2026,2026,Horror|Mystery,1193501,movie,Lanette Ware,164433,1,,,Maya Jackson,,,,,12,minor,,,
Whistle,2026,2026,Horror|Mystery,1193501,movie,Christine Sahely,1849356,0,,,Principal Flynn,,,,,13,minor,,,
Whistle,2026,2026,Horror|Mystery,1193501,movie,Dina Pino,4221287,0,,,Esme Raymore,,,,,14,minor,,,
Whistle,2026,2026,Horror|Mystery,1193501,movie,Izaak Smith,1354722,2,,,Pellington Coach,,,,,15,minor,,,
Whistle,2026,2026,Horror|Mystery,1193501,movie,Vicki Kim,1844475,1,,,The Recruiter,,,,,16,minor,,,
Whistle,2026,2026,Horror|Mystery,1193501,movie,Cameron Norris,5448049,0,,,Timmy,,,,,17,minor,,,
Whistle,2026,2026,Horror|Mystery,1193501,movie,Carson Durven,1128320,2,,,Charlie,,,,,18,minor,,,
Whistle,2026,2026,Horror|Mystery,1193501,movie,Mikayla Kong,5115627,0,,,Asha,,,,,19,minor,,,
Whistle,2026,2026,Horror|Mystery,1193501,movie,Michael Koras,2304296,2,,,Tommy,,,,,20,minor,,,
Hokum,2026,2026,Horror,1430077,movie,Adam Scott,36801,2,,,Ohm Bauman,,,,,1,lead,,,
Hokum,2026,2026,Horror,1430077,movie,Peter Coonan,523748,2,,,Mal,,,,,2,lead,,,
Hokum,2026,2026,Horror,1430077,movie,David Wilmot,73287,2,,,Jerry,,,,,3,lead,,,
Hokum,2026,2026,Horror,1430077,movie,Florence Ordesh,3249431,1,,,Fiona,,,,,4,supporting,,,
Hokum,2026,2026,Horror,1430077,movie,Will O'Connell,1865592,2,,,Alby,,,,,5,supporting,,,
Hokum,2026,2026,Horror,1430077,movie,Michael Patric,1368268,2,,,Fergal,,,,,6,supporting,,,
Hokum,2026,2026,Horror,1430077,movie,Brendan Conroy,26865,2,,,Mr. Cobb,,,,,7,supporting,,,
Hokum,2026,2026,Horror,1430077,movie,Austin Amelio,1552436,2,,,Conquistador,,,,,8,supporting,,,
Hokum,2026,2026,Horror,1430077,movie,Ezra Carlisle,4947443,2,,,Boy,,,,,9,supporting,,,
Hokum,2026,2026,Horror,1430077,movie,Mallory Adams,2369470,0,,,Delia Bauman,,,,,10,supporting,,,
Hokum,2026,2026,Horror,1430077,movie,Sioux Carroll,6158553,0,,,Witch,,,,,11,minor,,,
The Conjuring: Last Rites,2025,2025,Horror,1038392,movie,Patrick Wilson,17178,2,,,Ed Warren,,,,,1,lead,,,
The Conjuring: Last Rites,2025,2025,Horror,1038392,movie,Vera Farmiga,21657,1,,,Lorraine Warren,,,,,2,lead,,,
The Conjuring: Last Rites,2025,2025,Horror,1038392,movie,Mia Tomlinson,3011652,1,,,Judy Warren,,,,,3,lead,,,
The Conjuring: Last Rites,2025,2025,Horror,1038392,movie,Ben Hardy,1452045,2,,,Tony Spera,,,,,4,supporting,,,
The Conjuring: Last Rites,2025,2025,Horror,1038392,movie,Rebecca Calder,1355139,1,,,Janet Smurl,,,,,5,supporting,,,
The Conjuring: Last Rites,2025,2025,Horror,1038392,movie,Tilly Walker,3839198,1,,,Carin Smurl,,,,,6,supporting,,,
The Conjuring: Last Rites,2025,2025,Horror,1038392,movie,Elliot Cowan,51120,2,,,Jack Smurl,,,,,7,supporting,,,
The Conjuring: Last Rites,2025,2025,Horror,1038392,movie,Shannon Kook,979807,2,,,Drew Thomas,,,,,8,supporting,,,
The Conjuring: Last Rites,2025,2025,Horror,1038392,movie,Steve Coulter,80619,2,,,Father Gordon,,,,,9,supporting,,,
The Conjuring: Last Rites,2025,2025,Horror,1038392,movie,Kíla Lord Cassidy,3042998,1,,,Heather Smurl,,,,,10,supporting,,,
The Conjuring: Last Rites,2025,2025,Horror,1038392,movie,Beau Gadsdon,1725276,1,,,Dawn Smurl,,,,,11,minor,,,
The Conjuring: Last Rites,2025,2025,Horror,1038392,movie,Molly Cartwright,4805160,1,,,Shannon Smurl,,,,,12,minor,,,
The Conjuring: Last Rites,2025,2025,Horror,1038392,movie,Leigh Jones,1477865,2,,,Abner,,,,,13,minor,,,
The Conjuring: Last Rites,2025,2025,Horror,1038392,movie,John Brotherton,222906,2,,,Brad Hamilton,,,,,14,minor,,,
The Conjuring: Last Rites,2025,2025,Horror,1038392,movie,Peter Wight,17476,2,,,Grandpa Smurl,,,,,15,minor,,,
The Conjuring: Last Rites,2025,2025,Horror,1038392,movie,Kate Fahy,239494,1,,,Grandma Smurl,,,,,16,minor,,,
The Conjuring: Last Rites,2025,2025,Horror,1038392,movie,Orion Smith,5420885,2,,,Young Ed Warren,,,,,17,minor,,,
The Conjuring: Last Rites,2025,2025,Horror,1038392,movie,Madison Lawlor,1426494,1,,,Young Lorraine Warren,,,,,18,minor,,,
The Conjuring: Last Rites,2025,2025,Horror,1038392,movie,Emmy Nolan,3941290,1,,,Young Judy Warren,,,,,19,minor,,,
The Conjuring: Last Rites,2025,2025,Horror,1038392,movie,Guy Oliver-Watts,1503901,2,,,Doctor,,,,,20,minor,,,
A Breed Apart,2025,2025,Horror|Mystery|Action,1303055,movie,Grace Caroline Currey,54633,1,,,Violet,,,,,1,lead,,,
A Breed Apart,2025,2025,Horror|Mystery|Action,1303055,movie,Virginia Gardner,1279279,1,,,Thalia,,,,,2,lead,,,
A Breed Apart,2025,2025,Horror|Mystery|Action,1303055,movie,Riele Downs,1470305,1,,,Queen,,,,,3,lead,,,
A Breed Apart,2025,2025,Horror|Mystery|Action,1303055,movie,Zak Steiner,1903427,2,,,Collins,,,,,4,supporting,,,
A Breed Apart,2025,2025,Horror|Mystery|Action,1303055,movie,Page Kennedy,177214,2,,,Big Farmer Jay,,,,,5,supporting,,,
A Breed Apart,2025,2025,Horror|Mystery|Action,1303055,movie,Joey Bragg,1072271,2,,,Vince Ventura,,,,,6,supporting,,,
A Breed Apart,2025,2025,Horror|Mystery|Action,1303055,movie,Troy Gentile,55673,2,,,Mason Kelly,,,,,7,supporting,,,
A Breed Apart,2025,2025,Horror|Mystery|Action,1303055,movie,Hayden Panettiere,17265,1,,,Hayden Hearst,,,,,8,supporting,,,
A Breed Apart,2025,2025,Horror|Mystery|Action,1303055,movie,Griff Furst,76021,2,,,Director,,,,,9,supporting,,,
A Breed Apart,2025,2025,Horror|Mystery|Action,1303055,movie,Elle Downs,166457,1,,,Suzie,,,,,10,supporting,,,
A Breed Apart,2025,2025,Horror|Mystery|Action,1303055,movie,Lourdes Chávez,1874211,1,,,Maria,,,,,11,minor,,,
A Breed Apart,2025,2025,Horror|Mystery|Action,1303055,movie,Javier Melgar Santoveña,5448481,0,,,Hector,,,,,12,minor,,,
A Breed Apart,2025,2025,Horror|Mystery|Action,1303055,movie,Issac Flores,2327665,0,,,Marco,,,,,13,minor,,,
A Breed Apart,2025,2025,Horror|Mystery|Action,1303055,movie,Marisa Arias,2709088,0,,,Madison,,,,,14,minor,,,
The Shawshank Redemption,1994,1994,Drama|Crime,278,movie,Tim Robbins,504,2,,,Andy Dufresne,,,,,1,lead,,,
The Shawshank Redemption,1994,1994,Drama|Crime,278,movie,Morgan Freeman,192,2,,,Ellis Boyd 'Red' Redding,,,,,2,lead,,,
The Shawshank Redemption,1994,1994,Drama|Crime,278,movie,Bob Gunton,4029,2,,,Warden Norton,,,,,3,lead,,,
The Shawshank Redemption,1994,1994,Drama|Crime,278,movie,William Sadler,6573,2,,,Heywood,,,,,4,supporting,,,
The Shawshank Redemption,1994,1994,Drama|Crime,278,movie,Clancy Brown,6574,2,,,Captain Byron T. Hadley,,,,,5,supporting,,,
The Shawshank Redemption,1994,1994,Drama|Crime,278,movie,Gil Bellows,6575,2,,,Tommy,,,,,6,supporting,,,
The Shawshank Redemption,1994,1994,Drama|Crime,278,movie,James Whitmore,6577,2,,,Brooks Hatlen,,,,,7,supporting,,,
The Shawshank Redemption,1994,1994,Drama|Crime,278,movie,Mark Rolston,6576,2,,,Bogs Diamond,,,,,8,supporting,,,
The Shawshank Redemption,1994,1994,Drama|Crime,278,movie,Jeffrey DeMunn,12645,2,,,1946 D.A.,,,,,9,supporting,,,
The Shawshank Redemption,1994,1994,Drama|Crime,278,movie,Larry Brandenburg,92119,2,,,Skeet,,,,,10,supporting,,,
The Shawshank Redemption,1994,1994,Drama|Crime,278,movie,Neil Giuntoli,168323,2,,,Jigger,,,,,11,minor,,,
The Shawshank Redemption,1994,1994,Drama|Crime,278,movie,Brian Libby,6580,2,,,Floyd,,,,,12,minor,,,
The Shawshank Redemption,1994,1994,Drama|Crime,278,movie,David Proval,2555,2,,,Snooze,,,,,13,minor,,,
The Shawshank Redemption,1994,1994,Drama|Crime,278,movie,Joseph Ragno,5063,2,,,Ernie,,,,,14,minor,,,
The Shawshank Redemption,1994,1994,Drama|Crime,278,movie,Jude Ciccolella,8693,2,,,Guard Mert,,,,,15,minor,,,
The Shawshank Redemption,1994,1994,Drama|Crime,278,movie,Paul McCrane,32393,2,,,Guard Trout,,,,,16,minor,,,
The Shawshank Redemption,1994,1994,Drama|Crime,278,movie,Renee Blaine,6578,1,,,Andy Dufresne's Wife,,,,,17,minor,,,
The Shawshank Redemption,1994,1994,Drama|Crime,278,movie,Scott Mann,1624179,2,,,Glenn Quentin,,,,,18,minor,,,
The Shawshank Redemption,1994,1994,Drama|Crime,278,movie,John Horton,163979,2,,,1946 Judge,,,,,19,minor,,,
The Shawshank Redemption,1994,1994,Drama|Crime,278,movie,Gordon Greene,194459,0,,,1947 Parole Hearings Man,,,,,20,minor,,,
Starbright,2026,2026,Adventure|Action,662707,movie,John Rhys-Davies,655,2,,,Raphael,,,,,1,lead,,,
Starbright,2026,2026,Adventure|Action,662707,movie,Ted Levine,15854,2,,,Bud,,,,,2,lead,,,
Starbright,2026,2026,Adventure|Action,662707,movie,Elisabeth Röhm,126932,1,,,Zelda,,,,,3,lead,,,
Starbright,2026,2026,Adventure|Action,662707,movie,Diego Boneta,935201,2,,,Joshua,,,,,4,supporting,,,
Starbright,2026,2026,Adventure|Action,662707,movie,Alexandra Dowling,1403115,1,,,Aisling,,,,,5,supporting,,,
Starbright,2026,2026,Adventure|Action,662707,movie,Becky Ann Baker,59206,1,,,Teresa,,,,,6,supporting,,,
Starbright,2026,2026,Adventure|Action,662707,movie,Christine Ebersole,4003,1,,,Grace,,,,,7,supporting,,,
Starbright,2026,2026,Adventure|Action,662707,movie,Gbenga Akinnagbe,81683,2,,,Peter,,,,,8,supporting,,,
Starbright,2026,2026,Adventure|Action,662707,movie,Gary Grubbs,68180,2,,,Ken,,,,,9,supporting,,,
Starbright,2026,2026,Adventure|Action,662707,movie,Sandra Ellis Lafferty,427,1,,,Elegant Woman,,,,,10,supporting,,,
Starbright,2026,2026,Adventure|Action,662707,movie,Lance E. Nichols,101847,2,,,Richard,,,,,11,minor,,,
Starbright,2026,2026,Adventure|Action,662707,movie,Ginifer Ree,2505978,0,,,Hotel guest,,,,,12,minor,,,
Starbright,2026,2026,Adventure|Action,662707,movie,Tom Carey,54635,2,,,Martin,,,,,13,minor,,,
Starbright,2026,2026,Adventure|Action,662707,movie,J.J. Arends,2188025,0,,,Martin's Sister,,,,,14,minor,,,
Starbright,2026,2026,Adventure|Action,662707,movie,JR Hatchett,1622063,0,,,Restaurant Diner,,,,,15,minor,,,
Starbright,2026,2026,Adventure|Action,662707,movie,Caleb Martin,1716522,2,,,Banquet Dancer,,,,,16,minor,,,
F1,2025,2025,Action|Drama,911430,movie,Brad Pitt,287,2,,,Sonny Hayes,,,,,1,lead,,,
F1,2025,2025,Action|Drama,911430,movie,Damson Idris,1837297,2,,,Joshua Pearce,,,,,2,lead,,,
F1,2025,2025,Action|Drama,911430,movie,Javier Bardem,3810,2,,,Ruben Cervantes,,,,,3,lead,,,
F1,2025,2025,Action|Drama,911430,movie,Kerry Condon,62105,1,,,Kate McKenna,,,,,4,supporting,,,
F1,2025,2025,Action|Drama,911430,movie,Tobias Menzies,10920,2,,,Peter Banning,,,,,5,supporting,,,
F1,2025,2025,Action|Drama,911430,movie,Kim Bodnia,3398,2,,,Kaspar Smolinski,,,,,6,supporting,,,
F1,2025,2025,Action|Drama,911430,movie,Sarah Niles,65447,1,,,Bernadette,,,,,7,supporting,,,
F1,2025,2025,Action|Drama,911430,movie,Will Merrick,1221073,2,,,Nickleby,,,,,8,supporting,,,
F1,2025,2025,Action|Drama,911430,movie,Joseph Balderrama,1477143,2,,,Fazio,,,,,9,supporting,,,
F1,2025,2025,Action|Drama,911430,movie,Abdul Salis,58431,2,,,Dodge,,,,,10,supporting,,,
F1,2025,2025,Action|Drama,911430,movie,Callie Cooke,1969777,1,,,Jodie,,,,,11,minor,,,
F1,2025,2025,Action|Drama,911430,movie,Samson Kayo,1346535,2,,,Cash,,,,,12,minor,,,
F1,2025,2025,Action|Drama,911430,movie,Simon Kunz,10701,2,,,Don Cavendish,,,,,13,minor,,,
F1,2025,2025,Action|Drama,911430,movie,Liz Kingsman,1488078,1,,,Lisbeth Bampton,,,,,14,minor,,,
F1,2025,2025,Action|Drama,911430,movie,Simone Ashley,2223752,1,,,Simone Ashley,,,,,15,minor,,,
F1,2025,2025,Action|Drama,911430,movie,Ramona Von Pusch,2177320,1,,,Liesl,,,,,16,minor,,,
F1,2025,2025,Action|Drama,911430,movie,Barney Smith,5531674,0,,,Kaspar's Son,,,,,17,minor,,,
F1,2025,2025,Action|Drama,911430,movie,Poppy Smith,5531675,0,,,Kaspar's Daughter,,,,,18,minor,,,
F1,2025,2025,Action|Drama,911430,movie,Luciano Bacheta,3580287,2,,,Luca Cortez,,,,,19,minor,,,
F1,2025,2025,Action|Drama,911430,movie,Rosie Dwyer,2403825,0,,,Pippa Leguin,,,,,20,minor,,,
Reminders of Him,2026,2026,Romance|Drama,1367642,movie,Maika Monroe,1094091,1,,,Kenna Rowan,,,,,1,lead,,,
Reminders of Him,2026,2026,Romance|Drama,1367642,movie,Tyriq Withers,3052321,2,,,Ledger Ward,,,,,2,lead,,,
Reminders of Him,2026,2026,Romance|Drama,1367642,movie,Rudy Pankow,1974046,2,,,Scotty Landry,,,,,3,lead,,,
Reminders of Him,2026,2026,Romance|Drama,1367642,movie,Bradley Whitford,11367,2,,,Patrick Landry,,,,,4,supporting,,,
Reminders of Him,2026,2026,Romance|Drama,1367642,movie,Lauren Graham,16858,1,,,Grace Landry,,,,,5,supporting,,,
Reminders of Him,2026,2026,Romance|Drama,1367642,movie,Zoe Kosovic,4733756,1,,,Diem Landry,,,,,6,supporting,,,
Reminders of Him,2026,2026,Romance|Drama,1367642,movie,Nicholas Duvernay,3533641,2,,,Roman,,,,,7,supporting,,,
Reminders of Him,2026,2026,Romance|Drama,1367642,movie,Jennifer Robertson,87571,1,,,Ruth,,,,,8,supporting,,,
Reminders of Him,2026,2026,Romance|Drama,1367642,movie,Lainey Wilson,3785827,1,,,Amy,,,,,9,supporting,,,
Reminders of Him,2026,2026,Romance|Drama,1367642,movie,Monika Myers,6051141,1,,,Lady Diana,,,,,10,supporting,,,
Reminders of Him,2026,2026,Romance|Drama,1367642,movie,Sindhyar Baloch,6060846,2,,,Robust Teen,,,,,11,minor,,,
Reminders of Him,2026,2026,Romance|Drama,1367642,movie,Jillian Walchuck,1729497,1,,,Whitney,,,,,12,minor,,,
Reminders of Him,2026,2026,Romance|Drama,1367642,movie,Hilary Jardine,1456202,1,,,Mary Anne,,,,,13,minor,,,
Reminders of Him,2026,2026,Romance|Drama,1367642,movie,Skye MacDonald,2699358,1,,,Stacey,,,,,14,minor,,,
Reminders of Him,2026,2026,Romance|Drama,1367642,movie,Laird Reghenas,5472114,2,,,Gage's Manager,,,,,15,minor,,,
Reminders of Him,2026,2026,Romance|Drama,1367642,movie,Rick Koy,4042213,2,,,Public Defender,,,,,16,minor,,,
Reminders of Him,2026,2026,Romance|Drama,1367642,movie,Susan Serrao,3804280,0,,,Madelyn,,,,,17,minor,,,
Reminders of Him,2026,2026,Romance|Drama,1367642,movie,Anne Hawthorne,986372,1,,,Mother,,,,,18,minor,,,
Reminders of Him,2026,2026,Romance|Drama,1367642,movie,Kevin Corey,2498768,0,,,Kev,,,,,19,minor,,,
KPop Demon Hunters,2025,2025,Fantasy|Music|Comedy|Animation,803796,movie,Arden Cho,144279,1,,,Rumi (voice),,,,,1,lead,,,
KPop Demon Hunters,2025,2025,Fantasy|Music|Comedy|Animation,803796,movie,May Hong,1948606,1,,,Mira (voice),,,,,2,lead,,,
KPop Demon Hunters,2025,2025,Fantasy|Music|Comedy|Animation,803796,movie,Ji-young Yoo,2983147,1,,,Zoey (voice),,,,,3,lead,,,
KPop Demon Hunters,2025,2025,Fantasy|Music|Comedy|Animation,803796,movie,Ahn Hyo-seop,1571598,2,,,Jinu (voice),,,,,4,supporting,,,
KPop Demon Hunters,2025,2025,Fantasy|Music|Comedy|Animation,803796,movie,Yunjin Kim,28662,1,,,Celine (voice),,,,,5,supporting,,,
KPop Demon Hunters,2025,2025,Fantasy|Music|Comedy|Animation,803796,movie,Ken Jeong,83586,2,,,Bobby (voice),,,,,6,supporting,,,
KPop Demon Hunters,2025,2025,Fantasy|Music|Comedy|Animation,803796,movie,Lee Byung-hun,25002,2,,,Gwi-Ma (voice),,,,,7,supporting,,,
KPop Demon Hunters,2025,2025,Fantasy|Music|Comedy|Animation,803796,movie,Daniel Dae Kim,18307,2,,,Healer Han / Additional Voices (voice),,,,,8,supporting,,,
KPop Demon Hunters,2025,2025,Fantasy|Music|Comedy|Animation,803796,movie,Joel Kim Booster,2371545,2,,,Variety Show Host 1 / Idol Host / Romance Saja (voice),,,,,9,supporting,,,
KPop Demon Hunters,2025,2025,Fantasy|Music|Comedy|Animation,803796,movie,Liza Koshy,1700631,1,,,Host (voice),,,,,10,supporting,,,
KPop Demon Hunters,2025,2025,Fantasy|Music|Comedy|Animation,803796,movie,Alan Lee,3398415,2,,,Pilot Demon / Variety Show Host 2 / Mystery Saja (voice),,,,,11,minor,,,
KPop Demon Hunters,2025,2025,Fantasy|Music|Comedy|Animation,803796,movie,Rumi Oak,5512024,1,,,Young Rumi / Young Fan (voice),,,,,12,minor,,,
KPop Demon Hunters,2025,2025,Fantasy|Music|Comedy|Animation,803796,movie,SungWon Cho,1942233,2,,,Abs Saja / Bathhouse Patron / Social Media Fan (voice),,,,,13,minor,,,
KPop Demon Hunters,2025,2025,Fantasy|Music|Comedy|Animation,803796,movie,Maggie Kang,3003169,1,,,Flight Attendant Demon / Crying Demon / Newscaster (voice),,,,,14,minor,,,
KPop Demon Hunters,2025,2025,Fantasy|Music|Comedy|Animation,803796,movie,Nathan Schauf,2006795,2,,,Tattoo Fan / Security Guard(voice),,,,,15,minor,,,
KPop Demon Hunters,2025,2025,Fantasy|Music|Comedy|Animation,803796,movie,Charlene Ramos,3606724,1,,,Fan Girl (voice),,,,,16,minor,,,
KPop Demon Hunters,2025,2025,Fantasy|Music|Comedy|Animation,803796,movie,Kira Tamagawa,5512025,1,,,Fan Girl (voice),,,,,17,minor,,,
KPop Demon Hunters,2025,2025,Fantasy|Music|Comedy|Animation,803796,movie,EJAE,5519743,1,,,Rumi (Original Songs Performance) (voice),,,,,18,minor,,,
KPop Demon Hunters,2025,2025,Fantasy|Music|Comedy|Animation,803796,movie,Audrey Nuna,3319746,1,,,Mira (Original Songs Performance) (voice),,,,,19,minor,,,
KPop Demon Hunters,2025,2025,Fantasy|Music|Comedy|Animation,803796,movie,Rei Ami,5519744,1,,,Zoey (Original Songs Performance) (voice),,,,,20,minor,,,
KPop Demon Hunters,2025,2025,Fantasy|Music|Comedy|Animation,803796,movie,Arden Cho,144279,1,,,Rumi (voice),,,,,1,lead,,,
KPop Demon Hunters,2025,2025,Fantasy|Music|Comedy|Animation,803796,movie,May Hong,1948606,1,,,Mira (voice),,,,,2,lead,,,
KPop Demon Hunters,2025,2025,Fantasy|Music|Comedy|Animation,803796,movie,Ji-young Yoo,2983147,1,,,Zoey (voice),,,,,3,lead,,,
KPop Demon Hunters,2025,2025,Fantasy|Music|Comedy|Animation,803796,movie,Ahn Hyo-seop,1571598,2,,,Jinu (voice),,,,,4,supporting,,,
KPop Demon Hunters,2025,2025,Fantasy|Music|Comedy|Animation,803796,movie,Yunjin Kim,28662,1,,,Celine (voice),,,,,5,supporting,,,
KPop Demon Hunters,2025,2025,Fantasy|Music|Comedy|Animation,803796,movie,Ken Jeong,83586,2,,,Bobby (voice),,,,,6,supporting,,,
KPop Demon Hunters,2025,2025,Fantasy|Music|Comedy|Animation,803796,movie,Lee Byung-hun,25002,2,,,Gwi-Ma (voice),,,,,7,supporting,,,
KPop Demon Hunters,2025,2025,Fantasy|Music|Comedy|Animation,803796,movie,Daniel Dae Kim,18307,2,,,Healer Han / Additional Voices (voice),,,,,8,supporting,,,
KPop Demon Hunters,2025,2025,Fantasy|Music|Comedy|Animation,803796,movie,Joel Kim Booster,2371545,2,,,Variety Show Host 1 / Idol Host / Romance Saja (voice),,,,,9,supporting,,,
KPop Demon Hunters,2025,2025,Fantasy|Music|Comedy|Animation,803796,movie,Liza Koshy,1700631,1,,,Host (voice),,,,,10,supporting,,,
KPop Demon Hunters,2025,2025,Fantasy|Music|Comedy|Animation,803796,movie,Alan Lee,3398415,2,,,Pilot Demon / Variety Show Host 2 / Mystery Saja (voice),,,,,11,minor,,,
KPop Demon Hunters,2025,2025,Fantasy|Music|Comedy|Animation,803796,movie,Rumi Oak,5512024,1,,,Young Rumi / Young Fan (voice),,,,,12,minor,,,
KPop Demon Hunters,2025,2025,Fantasy|Music|Comedy|Animation,803796,movie,SungWon Cho,1942233,2,,,Abs Saja / Bathhouse Patron / Social Media Fan (voice),,,,,13,minor,,,
KPop Demon Hunters,2025,2025,Fantasy|Music|Comedy|Animation,803796,movie,Maggie Kang,3003169,1,,,Flight Attendant Demon / Crying Demon / Newscaster (voice),,,,,14,minor,,,
KPop Demon Hunters,2025,2025,Fantasy|Music|Comedy|Animation,803796,movie,Nathan Schauf,2006795,2,,,Tattoo Fan / Security Guard(voice),,,,,15,minor,,,
KPop Demon Hunters,2025,2025,Fantasy|Music|Comedy|Animation,803796,movie,Charlene Ramos,3606724,1,,,Fan Girl (voice),,,,,16,minor,,,
KPop Demon Hunters,2025,2025,Fantasy|Music|Comedy|Animation,803796,movie,Kira Tamagawa,5512025,1,,,Fan Girl (voice),,,,,17,minor,,,
KPop Demon Hunters,2025,2025,Fantasy|Music|Comedy|Animation,803796,movie,EJAE,5519743,1,,,Rumi (Original Songs Performance) (voice),,,,,18,minor,,,
KPop Demon Hunters,2025,2025,Fantasy|Music|Comedy|Animation,803796,movie,Audrey Nuna,3319746,1,,,Mira (Original Songs Performance) (voice),,,,,19,minor,,,
KPop Demon Hunters,2025,2025,Fantasy|Music|Comedy|Animation,803796,movie,Rei Ami,5519744,1,,,Zoey (Original Songs Performance) (voice),,,,,20,minor,,,
Hokum,2026,2026,Horror,1430077,movie,Adam Scott,36801,2,,,Ohm Bauman,,,,,1,lead,,,
Hokum,2026,2026,Horror,1430077,movie,Peter Coonan,523748,2,,,Mal,,,,,2,lead,,,
Hokum,2026,2026,Horror,1430077,movie,David Wilmot,73287,2,,,Jerry,,,,,3,lead,,,
Hokum,2026,2026,Horror,1430077,movie,Florence Ordesh,3249431,1,,,Fiona,,,,,4,supporting,,,
Hokum,2026,2026,Horror,1430077,movie,Will O'Connell,1865592,2,,,Alby,,,,,5,supporting,,,
Hokum,2026,2026,Horror,1430077,movie,Michael Patric,1368268,2,,,Fergal,,,,,6,supporting,,,
Hokum,2026,2026,Horror,1430077,movie,Brendan Conroy,26865,2,,,Mr. Cobb,,,,,7,supporting,,,
Hokum,2026,2026,Horror,1430077,movie,Austin Amelio,1552436,2,,,Conquistador,,,,,8,supporting,,,
Hokum,2026,2026,Horror,1430077,movie,Ezra Carlisle,4947443,2,,,Boy,,,,,9,supporting,,,
Hokum,2026,2026,Horror,1430077,movie,Mallory Adams,2369470,0,,,Delia Bauman,,,,,10,supporting,,,
Hokum,2026,2026,Horror,1430077,movie,Sioux Carroll,6158553,0,,,Witch,,,,,11,minor,,,
Now You See Me: Now You Don't,2025,2025,Crime|Thriller,425274,movie,Jesse Eisenberg,44735,2,,,J. Daniel Atlas,,,,,1,lead,,,
Now You See Me: Now You Don't,2025,2025,Crime|Thriller,425274,movie,Dominic Sessa,3918497,2,,,Bosco,,,,,2,lead,,,
Now You See Me: Now You Don't,2025,2025,Crime|Thriller,425274,movie,Ariana Greenblatt,1767250,1,,,June,,,,,3,lead,,,
Now You See Me: Now You Don't,2025,2025,Crime|Thriller,425274,movie,Justice Smith,1029934,2,,,Charlie,,,,,4,supporting,,,
Now You See Me: Now You Don't,2025,2025,Crime|Thriller,425274,movie,Rosamund Pike,10882,1,,,Veronika Vanderberg,,,,,5,supporting,,,
Now You See Me: Now You Don't,2025,2025,Crime|Thriller,425274,movie,Woody Harrelson,57755,2,,,Merritt McKinney,,,,,6,supporting,,,
Now You See Me: Now You Don't,2025,2025,Crime|Thriller,425274,movie,Dave Franco,54697,2,,,Jack Wilder,,,,,7,supporting,,,
Now You See Me: Now You Don't,2025,2025,Crime|Thriller,425274,movie,Isla Fisher,52848,1,,,Henley Reeves,,,,,8,supporting,,,
Now You See Me: Now You Don't,2025,2025,Crime|Thriller,425274,movie,Lizzy Caplan,51988,1,,,Lula,,,,,9,supporting,,,
Now You See Me: Now You Don't,2025,2025,Crime|Thriller,425274,movie,Morgan Freeman,192,2,,,Thaddeus Bradley,,,,,10,supporting,,,
Now You See Me: Now You Don't,2025,2025,Crime|Thriller,425274,movie,Andrew Santino,1181310,2,,,Brett Finnegan,,,,,11,minor,,,
Now You See Me: Now You Don't,2025,2025,Crime|Thriller,425274,movie,Henry Fisher,5384750,2,,,Brett's Buddy,,,,,12,minor,,,
Now You See Me: Now You Don't,2025,2025,Crime|Thriller,425274,movie,Ben Seidman,2166968,2,,,Max Thompson,,,,,13,minor,,,
Now You See Me: Now You Don't,2025,2025,Crime|Thriller,425274,movie,Lyssandra Skye Arias,5019253,1,,,Ace of Spades Audience Member,,,,,14,minor,,,
Now You See Me: Now You Don't,2025,2025,Crime|Thriller,425274,movie,Angela Paula Stander,4230747,1,,,"$50,000 Bucks Audience Member",,,,,15,minor,,,
Now You See Me: Now You Don't,2025,2025,Crime|Thriller,425274,movie,Thabang Molaba,2635813,2,,,Lethabo Khoza,,,,,16,minor,,,
Now You See Me: Now You Don't,2025,2025,Crime|Thriller,425274,movie,William Gaminara,190407,2,,,William,,,,,17,minor,,,
Now You See Me: Now You Don't,2025,2025,Crime|Thriller,425274,movie,Scott Alexander Young,1365662,2,,,Senior Board Member,,,,,18,minor,,,
Now You See Me: Now You Don't,2025,2025,Crime|Thriller,425274,movie,John Lovick,5835186,0,,,Handsome Chauffeur,,,,,19,minor,,,
Now You See Me: Now You Don't,2025,2025,Crime|Thriller,425274,movie,Amber Kemp,4068059,1,,,Danni,,,,,20,minor,,,
F1,2025,2025,Action|Drama,911430,movie,Brad Pitt,287,2,,,Sonny Hayes,,,,,1,lead,,,
F1,2025,2025,Action|Drama,911430,movie,Damson Idris,1837297,2,,,Joshua Pearce,,,,,2,lead,,,
F1,2025,2025,Action|Drama,911430,movie,Javier Bardem,3810,2,,,Ruben Cervantes,,,,,3,lead,,,
F1,2025,2025,Action|Drama,911430,movie,Kerry Condon,62105,1,,,Kate McKenna,,,,,4,supporting,,,
F1,2025,2025,Action|Drama,911430,movie,Tobias Menzies,10920,2,,,Peter Banning,,,,,5,supporting,,,
F1,2025,2025,Action|Drama,911430,movie,Kim Bodnia,3398,2,,,Kaspar Smolinski,,,,,6,supporting,,,
F1,2025,2025,Action|Drama,911430,movie,Sarah Niles,65447,1,,,Bernadette,,,,,7,supporting,,,
F1,2025,2025,Action|Drama,911430,movie,Will Merrick,1221073,2,,,Nickleby,,,,,8,supporting,,,
F1,2025,2025,Action|Drama,911430,movie,Joseph Balderrama,1477143,2,,,Fazio,,,,,9,supporting,,,
F1,2025,2025,Action|Drama,911430,movie,Abdul Salis,58431,2,,,Dodge,,,,,10,supporting,,,
F1,2025,2025,Action|Drama,911430,movie,Callie Cooke,1969777,1,,,Jodie,,,,,11,minor,,,
F1,2025,2025,Action|Drama,911430,movie,Samson Kayo,1346535,2,,,Cash,,,,,12,minor,,,
F1,2025,2025,Action|Drama,911430,movie,Simon Kunz,10701,2,,,Don Cavendish,,,,,13,minor,,,
F1,2025,2025,Action|Drama,911430,movie,Liz Kingsman,1488078,1,,,Lisbeth Bampton,,,,,14,minor,,,
F1,2025,2025,Action|Drama,911430,movie,Simone Ashley,2223752,1,,,Simone Ashley,,,,,15,minor,,,
F1,2025,2025,Action|Drama,911430,movie,Ramona Von Pusch,2177320,1,,,Liesl,,,,,16,minor,,,
F1,2025,2025,Action|Drama,911430,movie,Barney Smith,5531674,0,,,Kaspar's Son,,,,,17,minor,,,
F1,2025,2025,Action|Drama,911430,movie,Poppy Smith,5531675,0,,,Kaspar's Daughter,,,,,18,minor,,,
F1,2025,2025,Action|Drama,911430,movie,Luciano Bacheta,3580287,2,,,Luca Cortez,,,,,19,minor,,,
F1,2025,2025,Action|Drama,911430,movie,Rosie Dwyer,2403825,0,,,Pippa Leguin,,,,,20,minor,,,
The Amateur,2025,2025,Thriller|Action,1087891,movie,Rami Malek,17838,2,,,Heller,,,,,1,lead,,,
The Amateur,2025,2025,Thriller|Action,1087891,movie,Holt McCallany,7497,2,,,Director Moore,,,,,2,lead,,,
The Amateur,2025,2025,Thriller|Action,1087891,movie,Danny Sapani,165424,2,,,Caleb,,,,,3,lead,,,
The Amateur,2025,2025,Thriller|Action,1087891,movie,Rachel Brosnahan,993774,1,,,Sarah,,,,,4,supporting,,,
The Amateur,2025,2025,Thriller|Action,1087891,movie,Michael Stuhlbarg,72873,2,,,Schiller,,,,,5,supporting,,,
The Amateur,2025,2025,Thriller|Action,1087891,movie,Laurence Fishburne,2975,2,,,Henderson,,,,,6,supporting,,,
The Amateur,2025,2025,Thriller|Action,1087891,movie,Julianne Nicholson,86034,1,,,Director O'Brien,,,,,7,supporting,,,
The Amateur,2025,2025,Thriller|Action,1087891,movie,Caitríona Balfe,147056,1,,,Inquiline,,,,,8,supporting,,,
The Amateur,2025,2025,Thriller|Action,1087891,movie,Jon Bernthal,19498,2,,,The Bear,,,,,9,supporting,,,
The Amateur,2025,2025,Thriller|Action,1087891,movie,Adrian Martinez,94432,2,,,Carlos,,,,,10,supporting,,,
The Amateur,2025,2025,Thriller|Action,1087891,movie,Evan Milton,2435479,2,,,Slater,,,,,11,minor,,,
The Amateur,2025,2025,Thriller|Action,1087891,movie,Nick Mills,1474503,2,,,Finn,,,,,12,minor,,,
The Amateur,2025,2025,Thriller|Action,1087891,movie,Tiffany Gray,5332647,1,,,Esther,,,,,13,minor,,,
The Amateur,2025,2025,Thriller|Action,1087891,movie,Kate Sumpter,2145614,1,,,Channel 6 Anchor,,,,,14,minor,,,
The Amateur,2025,2025,Thriller|Action,1087891,movie,David Mills,1679369,2,,,NBNC Anchor,,,,,15,minor,,,
The Amateur,2025,2025,Thriller|Action,1087891,movie,Anita Anand,1246162,1,,,CNC Anchor,,,,,16,minor,,,
The Amateur,2025,2025,Thriller|Action,1087891,movie,Ryan Chilcote,5332648,2,,,CNC Reporter,,,,,17,minor,,,
The Amateur,2025,2025,Thriller|Action,1087891,movie,Barbara Probst,587183,1,,,Gretchen Frank,,,,,18,minor,,,
The Amateur,2025,2025,Thriller|Action,1087891,movie,Joseph Millson,1190069,2,,,Ellish,,,,,19,minor,,,
The Amateur,2025,2025,Thriller|Action,1087891,movie,Marc Rissmann,1819397,2,,,Mishka Blazhic,,,,,20,minor,,,
Worldbreaker,2025,2025,Science Fiction|Action|Horror,1196067,movie,Milla Jovovich,63,1,,,Mom,,,,,1,lead,,,
Worldbreaker,2025,2025,Science Fiction|Action|Horror,1196067,movie,Luke Evans,114019,2,,,Dad,,,,,2,lead,,,
Worldbreaker,2025,2025,Science Fiction|Action|Horror,1196067,movie,Billie Boullet,2667928,1,,,Willa,,,,,3,lead,,,
Worldbreaker,2025,2025,Science Fiction|Action|Horror,1196067,movie,Meadow Williams,956385,1,,,Soldier #1,,,,,4,supporting,,,
Worldbreaker,2025,2025,Science Fiction|Action|Horror,1196067,movie,Mila Harris,3214361,1,,,Rosie,,,,,5,supporting,,,
Worldbreaker,2025,2025,Science Fiction|Action|Horror,1196067,movie,Kevin Glynn,5287221,2,,,The Man,,,,,6,supporting,,,
Worldbreaker,2025,2025,Science Fiction|Action|Horror,1196067,movie,Chris Finlayson,2412148,0,,,Kodiak,,,,,7,supporting,,,
Worldbreaker,2025,2025,Science Fiction|Action|Horror,1196067,movie,Charis Agbonlahor,3623343,1,,,Evac Soldier,,,,,8,supporting,,,
Worldbreaker,2025,2025,Science Fiction|Action|Horror,1196067,movie,Laura Dee,4896386,1,,,Evacuee,,,,,9,supporting,,,
Worldbreaker,2025,2025,Science Fiction|Action|Horror,1196067,movie,Steven Calvert,3744336,0,,,Infected Soldier,,,,,10,supporting,,,
Worldbreaker,2025,2025,Science Fiction|Action|Horror,1196067,movie,Nathan Ward,5891624,0,,,Hybrid,,,,,11,minor,,,
The Wrecking Crew,2026,2026,Action|Comedy|Crime|Mystery,1168190,movie,Dave Bautista,543530,2,,,James Hale,,,,,1,lead,,,
The Wrecking Crew,2026,2026,Action|Comedy|Crime|Mystery,1168190,movie,Jason Momoa,117642,2,,,Jonny Hale,,,,,2,lead,,,
The Wrecking Crew,2026,2026,Action|Comedy|Crime|Mystery,1168190,movie,Temuera Morrison,7242,2,,,Governor Peter Mahoe,,,,,3,lead,,,
The Wrecking Crew,2026,2026,Action|Comedy|Crime|Mystery,1168190,movie,Morena Baccarin,54882,1,,,Valentina,,,,,4,supporting,,,
The Wrecking Crew,2026,2026,Action|Comedy|Crime|Mystery,1168190,movie,Roimata Fox,1298669,1,,,Leila Hale,,,,,5,supporting,,,
The Wrecking Crew,2026,2026,Action|Comedy|Crime|Mystery,1168190,movie,Frankie Adams,1753341,1,,,Haunani Palakiko,,,,,6,supporting,,,
The Wrecking Crew,2026,2026,Action|Comedy|Crime|Mystery,1168190,movie,Claes Bang,150802,2,,,Marcus Robichaux,,,,,7,supporting,,,
The Wrecking Crew,2026,2026,Action|Comedy|Crime|Mystery,1168190,movie,Jacob Batalon,1649152,2,,,Pika,,,,,8,supporting,,,
The Wrecking Crew,2026,2026,Action|Comedy|Crime|Mystery,1168190,movie,Maia Kealoha,3988423,1,,,Lani,,,,,9,supporting,,,
The Wrecking Crew,2026,2026,Action|Comedy|Crime|Mystery,1168190,movie,Stephen Root,17401,2,,,Detective Rennert,,,,,10,supporting,,,
The Wrecking Crew,2026,2026,Action|Comedy|Crime|Mystery,1168190,movie,Josua Tuivaralagi,5655546,2,,,Kai,,,,,11,minor,,,
The Wrecking Crew,2026,2026,Action|Comedy|Crime|Mystery,1168190,movie,MIYAVI,1391420,2,,,Nakamura,,,,,12,minor,,,
The Wrecking Crew,2026,2026,Action|Comedy|Crime|Mystery,1168190,movie,David Hekili Kenui Bell,2139812,2,,,Alekai,,,,,13,minor,,,
The Wrecking Crew,2026,2026,Action|Comedy|Crime|Mystery,1168190,movie,Mark R Black,4450933,2,,,Monty,,,,,14,minor,,,
The Wrecking Crew,2026,2026,Action|Comedy|Crime|Mystery,1168190,movie,Lydia Peckham,2435321,1,,,Monica Robichaux,,,,,15,minor,,,
The Wrecking Crew,2026,2026,Action|Comedy|Crime|Mystery,1168190,movie,Branscombe Richmond,106730,2,,,Mr. K,,,,,16,minor,,,
The Wrecking Crew,2026,2026,Action|Comedy|Crime|Mystery,1168190,movie,Brian Keaulana,4327,2,,,Walter Hale,,,,,17,minor,,,
The Wrecking Crew,2026,2026,Action|Comedy|Crime|Mystery,1168190,movie,Stephen Oyoung,1451123,2,,,Akihiko,,,,,18,minor,,,
The Wrecking Crew,2026,2026,Action|Comedy|Crime|Mystery,1168190,movie,Takuma Anzai,2359156,2,,,Touma,,,,,19,minor,,,
The Wrecking Crew,2026,2026,Action|Comedy|Crime|Mystery,1168190,movie,Mainei Kinimaka,2448800,1,,,Mainei,,,,,20,minor,,,
The Godfather,1972,1972,Drama|Crime,238,movie,Marlon Brando,3084,2,,,Don Vito Corleone,,,,,1,lead,,,
The Godfather,1972,1972,Drama|Crime,238,movie,Al Pacino,1158,2,,,Michael Corleone,,,,,2,lead,,,
The Godfather,1972,1972,Drama|Crime,238,movie,James Caan,3085,2,,,Sonny Corleone,,,,,3,lead,,,
The Godfather,1972,1972,Drama|Crime,238,movie,Robert Duvall,3087,2,,,Tom Hagen,,,,,4,supporting,,,
The Godfather,1972,1972,Drama|Crime,238,movie,Richard S. Castellano,3086,2,,,Clemenza,,,,,5,supporting,,,
The Godfather,1972,1972,Drama|Crime,238,movie,Diane Keaton,3092,1,,,Kay Adams,,,,,6,supporting,,,
The Godfather,1972,1972,Drama|Crime,238,movie,Talia Shire,3094,1,,,Connie Corleone Rizzi,,,,,7,supporting,,,
The Godfather,1972,1972,Drama|Crime,238,movie,Gianni Russo,3095,2,,,Carlo Rizzi,,,,,8,supporting,,,
The Godfather,1972,1972,Drama|Crime,238,movie,Sterling Hayden,3088,2,,,Captain McCluskey,,,,,9,supporting,,,
The Godfather,1972,1972,Drama|Crime,238,movie,John Marley,3142,2,,,Jack Woltz,,,,,10,supporting,,,
The Godfather,1972,1972,Drama|Crime,238,movie,Richard Conte,3090,2,,,Barzini,,,,,11,minor,,,
The Godfather,1972,1972,Drama|Crime,238,movie,Al Lettieri,3091,2,,,Sollozzo,,,,,12,minor,,,
The Godfather,1972,1972,Drama|Crime,238,movie,Abe Vigoda,3093,2,,,Sal Tessio,,,,,13,minor,,,
The Godfather,1972,1972,Drama|Crime,238,movie,John Cazale,3096,2,,,Fredo Corleone,,,,,14,minor,,,
The Godfather,1972,1972,Drama|Crime,238,movie,Rudy Bond,3143,2,,,Cuneo,,,,,15,minor,,,
The Godfather,1972,1972,Drama|Crime,238,movie,Al Martino,3144,2,,,Johnny Fontane,,,,,16,minor,,,
The Godfather,1972,1972,Drama|Crime,238,movie,Morgana King,933716,1,,,Mama Corleone,,,,,17,minor,,,
The Godfather,1972,1972,Drama|Crime,238,movie,Lenny Montana,106811,2,,,Luca Brasi,,,,,18,minor,,,
The Godfather,1972,1972,Drama|Crime,238,movie,John Martino,99724,2,,,Paulie Gatto,,,,,19,minor,,,
The Godfather,1972,1972,Drama|Crime,238,movie,Salvatore Corsitto,1195877,2,,,Bonasera,,,,,20,minor,,,
The Rip,2026,2026,Action|Thriller|Crime,1306368,movie,Matt Damon,1892,2,,,Lieutenant Dane Dumars,,,,,1,lead,,,
The Rip,2026,2026,Action|Thriller|Crime,1306368,movie,Ben Affleck,880,2,,,Detective Sergeant J.D. Byrne,,,,,2,lead,,,
The Rip,2026,2026,Action|Thriller|Crime,1306368,movie,Teyana Taylor,964679,1,,,Detective Numa Baptistie,,,,,3,lead,,,
The Rip,2026,2026,Action|Thriller|Crime,1306368,movie,Steven Yeun,215055,2,,,Detective Mike Ro,,,,,4,supporting,,,
The Rip,2026,2026,Action|Thriller|Crime,1306368,movie,Catalina Sandino Moreno,5887,1,,,Detective Lolo Salazar,,,,,5,supporting,,,
The Rip,2026,2026,Action|Thriller|Crime,1306368,movie,Sasha Calle,2542319,1,,,Desiree 'Desi' Lopez Molina,,,,,6,supporting,,,
The Rip,2026,2026,Action|Thriller|Crime,1306368,movie,Kyle Chandler,3497,2,,,DEA Agent Mateo 'Matty' Nix,,,,,7,supporting,,,
The Rip,2026,2026,Action|Thriller|Crime,1306368,movie,Scott Adkins,78110,2,,,FBI Agent Del Byrne,,,,,8,supporting,,,
The Rip,2026,2026,Action|Thriller|Crime,1306368,movie,Daisuke Tsuji,2271371,2,,,FBI Agent Logan Casiano,,,,,9,supporting,,,
The Rip,2026,2026,Action|Thriller|Crime,1306368,movie,Nestor Carbonell,21316,2,,,Major Thom Vallejo,,,,,10,supporting,,,
The Rip,2026,2026,Action|Thriller|Crime,1306368,movie,Lina Esco,52850,1,,,Captain Jackie Velez,,,,,11,minor,,,
The Rip,2026,2026,Action|Thriller|Crime,1306368,movie,Alex Hernandez,1472892,2,,,Hialeah Patrolman Warwick,,,,,12,minor,,,
The Rip,2026,2026,Action|Thriller|Crime,1306368,movie,Cliff Chamberlain,1383989,2,,,Hialeah Patrolman Junger,,,,,13,minor,,,
The Rip,2026,2026,Action|Thriller|Crime,1306368,movie,Jose Pablo Cantillo,20191,2,,,DEA Agent Dayo Reyes,,,,,14,minor,,,
The Rip,2026,2026,Action|Thriller|Crime,1306368,movie,Marco Morales,1893964,2,,,Cartel Lookout,,,,,15,minor,,,
The Rip,2026,2026,Action|Thriller|Crime,1306368,movie,Sal Lopez,8666,2,,,Mr. Zeltzin,,,,,16,minor,,,
The Rip,2026,2026,Action|Thriller|Crime,1306368,movie,Angel Rosario Jr.,3192942,2,,,Grizzled Carter Man,,,,,17,minor,,,
The Rip,2026,2026,Action|Thriller|Crime,1306368,movie,David Anthony Buglione,1845012,2,,,FBI Tactical Sniper,,,,,18,minor,,,
The Rip,2026,2026,Action|Thriller|Crime,1306368,movie,Lourdes Hernández,3578725,1,,,TNT Detective Hernandez,,,,,19,minor,,,
The Rip,2026,2026,Action|Thriller|Crime,1306368,movie,Joe Carnahan,40223,2,,,Threatening Phone Voice,,,,,20,minor,,,
Jurassic World Rebirth,2025,2025,Science Fiction|Adventure|Action,1234821,movie,Scarlett Johansson,1245,1,,,Zora Bennett,,,,,1,lead,,,
Jurassic World Rebirth,2025,2025,Science Fiction|Adventure|Action,1234821,movie,Mahershala Ali,932967,2,,,Duncan Kincaid,,,,,2,lead,,,
Jurassic World Rebirth,2025,2025,Science Fiction|Adventure|Action,1234821,movie,Jonathan Bailey,80860,2,,,Dr. Henry Loomis,,,,,3,lead,,,
Jurassic World Rebirth,2025,2025,Science Fiction|Adventure|Action,1234821,movie,Rupert Friend,36669,2,,,Martin Krebs,,,,,4,supporting,,,
Jurassic World Rebirth,2025,2025,Science Fiction|Adventure|Action,1234821,movie,Manuel Garcia-Rulfo,1168097,2,,,Reuben Delgado,,,,,5,supporting,,,
Jurassic World Rebirth,2025,2025,Science Fiction|Adventure|Action,1234821,movie,Luna Blaise,1362844,1,,,Teresa Delgado,,,,,6,supporting,,,
Jurassic World Rebirth,2025,2025,Science Fiction|Adventure|Action,1234821,movie,David Iacono,2525701,2,,,Xavier Dobbs,,,,,7,supporting,,,
Jurassic World Rebirth,2025,2025,Science Fiction|Adventure|Action,1234821,movie,Audrina Miranda,3673493,1,,,Isabella Delgado,,,,,8,supporting,,,
Jurassic World Rebirth,2025,2025,Science Fiction|Adventure|Action,1234821,movie,Philippine Velge,2496534,1,,,Nina,,,,,9,supporting,,,
Jurassic World Rebirth,2025,2025,Science Fiction|Adventure|Action,1234821,movie,Bechir Sylvain,1517537,2,,,LeClerc,,,,,10,supporting,,,
Jurassic World Rebirth,2025,2025,Science Fiction|Adventure|Action,1234821,movie,Ed Skrein,1047649,2,,,Bobby Atwater,,,,,11,minor,,,
Jurassic World Rebirth,2025,2025,Science Fiction|Adventure|Action,1234821,movie,Adam Loxley,1413423,2,,,Williams,,,,,12,minor,,,
Jurassic World Rebirth,2025,2025,Science Fiction|Adventure|Action,1234821,movie,Niamh Finlay,3723950,1,,,Desanto,,,,,13,minor,,,
Jurassic World Rebirth,2025,2025,Science Fiction|Adventure|Action,1234821,movie,Julian Edgar,5563465,2,,,Van Dijk's Barman,,,,,14,minor,,,
Jurassic World Rebirth,2025,2025,Science Fiction|Adventure|Action,1234821,movie,Lucy Thackeray,1747175,1,,,Helicopter Pilot,,,,,15,minor,,,
Jurassic World Rebirth,2025,2025,Science Fiction|Adventure|Action,1234821,movie,Billy Smith,1218180,2,,,Cop,,,,,16,minor,,,
Jurassic World Rebirth,2025,2025,Science Fiction|Adventure|Action,1234821,movie,Jonny Lavelle,2211302,2,,,Helicopter Co-Pilot,,,,,17,minor,,,
Avengers: Endgame,2019,2019,Adventure|Science Fiction|Action,299534,movie,Robert Downey Jr.,3223,2,,,Tony Stark / Iron Man,,,,,1,lead,,,
Avengers: Endgame,2019,2019,Adventure|Science Fiction|Action,299534,movie,Chris Evans,16828,2,,,Steve Rogers / Captain America,,,,,2,lead,,,
Avengers: Endgame,2019,2019,Adventure|Science Fiction|Action,299534,movie,Mark Ruffalo,103,2,,,Bruce Banner / Hulk,,,,,3,lead,,,
Avengers: Endgame,2019,2019,Adventure|Science Fiction|Action,299534,movie,Chris Hemsworth,74568,2,,,Thor,,,,,4,supporting,,,
Avengers: Endgame,2019,2019,Adventure|Science Fiction|Action,299534,movie,Scarlett Johansson,1245,1,,,Natasha Romanoff / Black Widow,,,,,5,supporting,,,
Avengers: Endgame,2019,2019,Adventure|Science Fiction|Action,299534,movie,Jeremy Renner,17604,2,,,Clint Barton / Hawkeye,,,,,6,supporting,,,
Avengers: Endgame,2019,2019,Adventure|Science Fiction|Action,299534,movie,Josh Brolin,16851,2,,,Thanos,,,,,7,supporting,,,
Avengers: Endgame,2019,2019,Adventure|Science Fiction|Action,299534,movie,Don Cheadle,1896,2,,,James Rhodes / War Machine,,,,,8,supporting,,,
Avengers: Endgame,2019,2019,Adventure|Science Fiction|Action,299534,movie,Paul Rudd,22226,2,,,Scott Lang / Ant-Man,,,,,9,supporting,,,
Avengers: Endgame,2019,2019,Adventure|Science Fiction|Action,299534,movie,Benedict Cumberbatch,71580,2,,,Doctor Strange,,,,,10,supporting,,,
Avengers: Endgame,2019,2019,Adventure|Science Fiction|Action,299534,movie,Chadwick Boseman,172069,2,,,T'Challa / Black Panther,,,,,11,minor,,,
Avengers: Endgame,2019,2019,Adventure|Science Fiction|Action,299534,movie,Brie Larson,60073,1,,,Carol Danvers / Captain Marvel,,,,,12,minor,,,
Avengers: Endgame,2019,2019,Adventure|Science Fiction|Action,299534,movie,Tom Holland,1136406,2,,,Peter Parker / Spider-Man,,,,,13,minor,,,
Avengers: Endgame,2019,2019,Adventure|Science Fiction|Action,299534,movie,Karen Gillan,543261,1,,,Nebula,,,,,14,minor,,,
Avengers: Endgame,2019,2019,Adventure|Science Fiction|Action,299534,movie,Zoe Saldaña,8691,1,,,Gamora,,,,,15,minor,,,
Avengers: Endgame,2019,2019,Adventure|Science Fiction|Action,299534,movie,Evangeline Lilly,19034,1,,,Hope Van Dyne / Wasp,,,,,16,minor,,,
Avengers: Endgame,2019,2019,Adventure|Science Fiction|Action,299534,movie,Tessa Thompson,62561,1,,,Valkyrie,,,,,17,minor,,,
Avengers: Endgame,2019,2019,Adventure|Science Fiction|Action,299534,movie,Rene Russo,14343,1,,,Frigga,,,,,18,minor,,,
Avengers: Endgame,2019,2019,Adventure|Science Fiction|Action,299534,movie,Elizabeth Olsen,550843,1,,,Wanda Maximoff / Scarlet Witch,,,,,19,minor,,,
Avengers: Endgame,2019,2019,Adventure|Science Fiction|Action,299534,movie,Anthony Mackie,53650,2,,,Sam Wilson / Falcon,,,,,20,minor,,,
The Dark Knight,2008,2008,Action|Crime|Thriller,155,movie,Christian Bale,3894,2,,,Bruce Wayne,,,,,1,lead,,,
The Dark Knight,2008,2008,Action|Crime|Thriller,155,movie,Heath Ledger,1810,2,,,Joker,,,,,2,lead,,,
The Dark Knight,2008,2008,Action|Crime|Thriller,155,movie,Aaron Eckhart,6383,2,,,Harvey Dent,,,,,3,lead,,,
The Dark Knight,2008,2008,Action|Crime|Thriller,155,movie,Michael Caine,3895,2,,,Alfred,,,,,4,supporting,,,
The Dark Knight,2008,2008,Action|Crime|Thriller,155,movie,Maggie Gyllenhaal,1579,1,,,Rachel,,,,,5,supporting,,,
The Dark Knight,2008,2008,Action|Crime|Thriller,155,movie,Gary Oldman,64,2,,,Gordon,,,,,6,supporting,,,
The Dark Knight,2008,2008,Action|Crime|Thriller,155,movie,Morgan Freeman,192,2,,,Lucius Fox,,,,,7,supporting,,,
The Dark Knight,2008,2008,Action|Crime|Thriller,155,movie,Monique Gabriela Curnen,53651,1,,,Ramirez,,,,,8,supporting,,,
The Dark Knight,2008,2008,Action|Crime|Thriller,155,movie,Ron Dean,57597,2,,,Wuertz,,,,,9,supporting,,,
The Dark Knight,2008,2008,Action|Crime|Thriller,155,movie,Cillian Murphy,2037,2,,,Scarecrow,,,,,10,supporting,,,
The Dark Knight,2008,2008,Action|Crime|Thriller,155,movie,Chin Han,101015,2,,,Lau,,,,,11,minor,,,
The Dark Knight,2008,2008,Action|Crime|Thriller,155,movie,Nestor Carbonell,21316,2,,,Mayor,,,,,12,minor,,,
The Dark Knight,2008,2008,Action|Crime|Thriller,155,movie,Eric Roberts,21315,2,,,Maroni,,,,,13,minor,,,
The Dark Knight,2008,2008,Action|Crime|Thriller,155,movie,Ritchie Coster,13939,2,,,Chechen,,,,,14,minor,,,
The Dark Knight,2008,2008,Action|Crime|Thriller,155,movie,Anthony Michael Hall,1904,2,,,Engel,,,,,15,minor,,,
The Dark Knight,2008,2008,Action|Crime|Thriller,155,movie,Keith Szarabajka,87957,2,,,Stephens,,,,,16,minor,,,
The Dark Knight,2008,2008,Action|Crime|Thriller,155,movie,Colin McFarlane,128386,2,,,Loeb,,,,,17,minor,,,
The Dark Knight,2008,2008,Action|Crime|Thriller,155,movie,Joshua Harto,34544,2,,,Reese,,,,,18,minor,,,
The Dark Knight,2008,2008,Action|Crime|Thriller,155,movie,Melinda McGraw,58692,1,,,Barbara Gordon,,,,,19,minor,,,
The Dark Knight,2008,2008,Action|Crime|Thriller,155,movie,Nathan Gamble,18052,2,,,James Gordon,,,,,20,minor,,,
Mercy,2026,2026,Science Fiction|Action|Thriller|Crime,1236153,movie,Chris Pratt,73457,2,,,Chris Raven,,,,,1,lead,,,
Mercy,2026,2026,Science Fiction|Action|Thriller|Crime,1236153,movie,Rebecca Ferguson,933238,1,,,Judge Maddox,,,,,2,lead,,,
Mercy,2026,2026,Science Fiction|Action|Thriller|Crime,1236153,movie,Kali Reis,3119545,1,,,Jacqueline 'Jaq' Diallo,,,,,3,lead,,,
Mercy,2026,2026,Science Fiction|Action|Thriller|Crime,1236153,movie,Kylie Rogers,1164259,1,,,Britt Raven,,,,,4,supporting,,,
Mercy,2026,2026,Science Fiction|Action|Thriller|Crime,1236153,movie,Chris Sullivan,1293892,2,,,Rob Nelson,,,,,5,supporting,,,
Mercy,2026,2026,Science Fiction|Action|Thriller|Crime,1236153,movie,Jeff Pierre,1583044,2,,,Patrick Burke,,,,,6,supporting,,,
Mercy,2026,2026,Science Fiction|Action|Thriller|Crime,1236153,movie,Annabelle Wallis,82809,1,,,Nicole Raven,,,,,7,supporting,,,
Mercy,2026,2026,Science Fiction|Action|Thriller|Crime,1236153,movie,Rafi Gavron,21660,2,,,Holt Charles,,,,,8,supporting,,,
Mercy,2026,2026,Science Fiction|Action|Thriller|Crime,1236153,movie,Kenneth Choi,41561,2,,,Ray Vale,,,,,9,supporting,,,
Mercy,2026,2026,Science Fiction|Action|Thriller|Crime,1236153,movie,Jamie McBride,18053,2,,,Dan Vogel,,,,,10,supporting,,,
Mercy,2026,2026,Science Fiction|Action|Thriller|Crime,1236153,movie,Ross Gosla,5951627,2,,,David Webb,,,,,11,minor,,,
Mercy,2026,2026,Science Fiction|Action|Thriller|Crime,1236153,movie,Mark Daneri,32654,2,,,Jeff Martin,,,,,12,minor,,,
Mercy,2026,2026,Science Fiction|Action|Thriller|Crime,1236153,movie,Haydn Dalton,2753503,2,,,Bill Peterson,,,,,13,minor,,,
Mercy,2026,2026,Science Fiction|Action|Thriller|Crime,1236153,movie,Michael C. Mahon,1392535,2,,,Booking Sergeant,,,,,14,minor,,,
Mercy,2026,2026,Science Fiction|Action|Thriller|Crime,1236153,movie,Noah Fearnley,3210444,2,,,Tattoed Sleazebag,,,,,15,minor,,,
Mercy,2026,2026,Science Fiction|Action|Thriller|Crime,1236153,movie,Konstantin Podprugin,3492602,2,,,Alexander Varga,,,,,16,minor,,,
Mercy,2026,2026,Science Fiction|Action|Thriller|Crime,1236153,movie,Cully Pratt,5951630,0,,,Mercy Court Security Guard,,,,,17,minor,,,
Mercy,2026,2026,Science Fiction|Action|Thriller|Crime,1236153,movie,Philicia Saunders,1709053,1,,,Molly,,,,,18,minor,,,
Mercy,2026,2026,Science Fiction|Action|Thriller|Crime,1236153,movie,Renata Ribeiro,2970897,1,,,Journalist,,,,,19,minor,,,
Mercy,2026,2026,Science Fiction|Action|Thriller|Crime,1236153,movie,Mahmoud Mahmoud,3376107,2,,,Police Officer,,,,,20,minor,,,
Deadpool & Wolverine,2024,2024,Action|Comedy|Science Fiction,533535,movie,Ryan Reynolds,10859,2,,,Wade Wilson / Deadpool / Nicepool,,,,,1,lead,,,
Deadpool & Wolverine,2024,2024,Action|Comedy|Science Fiction,533535,movie,Hugh Jackman,6968,2,,,Logan / Wolverine,,,,,2,lead,,,
Deadpool & Wolverine,2024,2024,Action|Comedy|Science Fiction,533535,movie,Emma Corrin,2324569,3,,,Cassandra Nova,,,,,3,lead,,,
Deadpool & Wolverine,2024,2024,Action|Comedy|Science Fiction,533535,movie,Matthew Macfadyen,15576,2,,,Mr. Paradox,,,,,4,supporting,,,
Deadpool & Wolverine,2024,2024,Action|Comedy|Science Fiction,533535,movie,Dafne Keen,1464650,1,,,Laura / X-23,,,,,5,supporting,,,
Deadpool & Wolverine,2024,2024,Action|Comedy|Science Fiction,533535,movie,Jon Favreau,15277,2,,,Happy Hogan,,,,,6,supporting,,,
Deadpool & Wolverine,2024,2024,Action|Comedy|Science Fiction,533535,movie,Morena Baccarin,54882,1,,,Vanessa,,,,,7,supporting,,,
Deadpool & Wolverine,2024,2024,Action|Comedy|Science Fiction,533535,movie,Rob Delaney,1091324,2,,,Peter,,,,,8,supporting,,,
Deadpool & Wolverine,2024,2024,Action|Comedy|Science Fiction,533535,movie,Leslie Uggams,122750,1,,,Blind Al,,,,,9,supporting,,,
Deadpool & Wolverine,2024,2024,Action|Comedy|Science Fiction,533535,movie,Jennifer Garner,9278,1,,,Elektra,,,,,10,supporting,,,
Deadpool & Wolverine,2024,2024,Action|Comedy|Science Fiction,533535,movie,Wesley Snipes,10814,2,,,Blade,,,,,11,minor,,,
Deadpool & Wolverine,2024,2024,Action|Comedy|Science Fiction,533535,movie,Channing Tatum,38673,2,,,Gambit,,,,,12,minor,,,
Deadpool & Wolverine,2024,2024,Action|Comedy|Science Fiction,533535,movie,Chris Evans,16828,2,,,Johnny Storm,,,,,13,minor,,,
Deadpool & Wolverine,2024,2024,Action|Comedy|Science Fiction,533535,movie,Henry Cavill,73968,2,,,The Cavillrine,,,,,14,minor,,,
Deadpool & Wolverine,2024,2024,Action|Comedy|Science Fiction,533535,movie,Wunmi Mosaku,134774,1,,,B-15,,,,,15,minor,,,
Deadpool & Wolverine,2024,2024,Action|Comedy|Science Fiction,533535,movie,Aaron Stanford,11022,2,,,Pyro,,,,,16,minor,,,
Deadpool & Wolverine,2024,2024,Action|Comedy|Science Fiction,533535,movie,Tyler Mane,9832,2,,,Sabretooth,,,,,17,minor,,,
Deadpool & Wolverine,2024,2024,Action|Comedy|Science Fiction,533535,movie,Karan Soni,1109702,2,,,Dopinder,,,,,18,minor,,,
Deadpool & Wolverine,2024,2024,Action|Comedy|Science Fiction,533535,movie,Brianna Hildebrand,1492326,1,,,Negasonic Teenage Warhead,,,,,19,minor,,,
Deadpool & Wolverine,2024,2024,Action|Comedy|Science Fiction,533535,movie,Shioli Kutsuna,230660,1,,,Yukio,,,,,20,minor,,,
Ted 2,2015,2015,Comedy|Fantasy,214756,movie,Mark Wahlberg,13240,2,,,John,,,,,1,lead,,,
Ted 2,2015,2015,Comedy|Fantasy,214756,movie,Seth MacFarlane,52139,2,,,Ted (voice),,,,,2,lead,,,
Ted 2,2015,2015,Comedy|Fantasy,214756,movie,Amanda Seyfried,71070,1,,,Samantha,,,,,3,lead,,,
Ted 2,2015,2015,Comedy|Fantasy,214756,movie,Jessica Barth,207150,1,,,Tami-Lynn,,,,,4,supporting,,,
Ted 2,2015,2015,Comedy|Fantasy,214756,movie,Giovanni Ribisi,1771,2,,,Donny,,,,,5,supporting,,,
Ted 2,2015,2015,Comedy|Fantasy,214756,movie,Morgan Freeman,192,2,,,Patrick Meighan,,,,,6,supporting,,,
Ted 2,2015,2015,Comedy|Fantasy,214756,movie,Sam J. Jones,33321,2,,,Sam J. Jones,,,,,7,supporting,,,
Ted 2,2015,2015,Comedy|Fantasy,214756,movie,Patrick Warburton,9657,2,,,Guy,,,,,8,supporting,,,
Ted 2,2015,2015,Comedy|Fantasy,214756,movie,Michael Dorn,2391,2,,,Rick,,,,,9,supporting,,,
Ted 2,2015,2015,Comedy|Fantasy,214756,movie,Bill Smitrovich,17200,2,,,Frank,,,,,10,supporting,,,
Ted 2,2015,2015,Comedy|Fantasy,214756,movie,John Slattery,21134,2,,,Shep Wild,,,,,11,minor,,,
Ted 2,2015,2015,Comedy|Fantasy,214756,movie,Cocoa Brown,999320,1,,,Joy,,,,,12,minor,,,
Ted 2,2015,2015,Comedy|Fantasy,214756,movie,John Carroll Lynch,3911,2,,,Tom Jessup,,,,,13,minor,,,
Ted 2,2015,2015,Comedy|Fantasy,214756,movie,Ron Canada,85170,2,,,Judge,,,,,14,minor,,,
Ted 2,2015,2015,Comedy|Fantasy,214756,movie,Liam Neeson,3896,2,,,Customer,,,,,15,minor,,,
Ted 2,2015,2015,Comedy|Fantasy,214756,movie,Dennis Haysbert,352,2,,,Fertility Doctor,,,,,16,minor,,,
Ted 2,2015,2015,Comedy|Fantasy,214756,movie,Patrick Stewart,2387,2,,,Narrator (voice),,,,,17,minor,,,
Ted 2,2015,2015,Comedy|Fantasy,214756,movie,Tom Brady,1223657,2,,,Tom Brady,,,,,18,minor,,,
Ted 2,2015,2015,Comedy|Fantasy,214756,movie,Jay Leno,14991,2,,,Jay Leno,,,,,19,minor,,,
Ted 2,2015,2015,Comedy|Fantasy,214756,movie,Jimmy Kimmel,78303,2,,,Jimmy Kimmel,,,,,20,minor,,,
The Lord of the Rings: The Return of the King,2003,2003,Adventure|Fantasy|Action,122,movie,Elijah Wood,109,2,,,Frodo,,,,,1,lead,,,
The Lord of the Rings: The Return of the King,2003,2003,Adventure|Fantasy|Action,122,movie,Ian McKellen,1327,2,,,Gandalf,,,,,2,lead,,,
The Lord of the Rings: The Return of the King,2003,2003,Adventure|Fantasy|Action,122,movie,Viggo Mortensen,110,2,,,Aragorn,,,,,3,lead,,,
The Lord of the Rings: The Return of the King,2003,2003,Adventure|Fantasy|Action,122,movie,Sean Astin,1328,2,,,Sam,,,,,4,supporting,,,
The Lord of the Rings: The Return of the King,2003,2003,Adventure|Fantasy|Action,122,movie,Andy Serkis,1333,2,,,Gollum / Smeagol,,,,,5,supporting,,,
The Lord of the Rings: The Return of the King,2003,2003,Adventure|Fantasy|Action,122,movie,Dominic Monaghan,1330,2,,,Merry,,,,,6,supporting,,,
The Lord of the Rings: The Return of the King,2003,2003,Adventure|Fantasy|Action,122,movie,Billy Boyd,1329,2,,,Pippin,,,,,7,supporting,,,
The Lord of the Rings: The Return of the King,2003,2003,Adventure|Fantasy|Action,122,movie,John Noble,1381,2,,,Denethor,,,,,8,supporting,,,
The Lord of the Rings: The Return of the King,2003,2003,Adventure|Fantasy|Action,122,movie,David Wenham,1371,2,,,Faramir,,,,,9,supporting,,,
The Lord of the Rings: The Return of the King,2003,2003,Adventure|Fantasy|Action,122,movie,Miranda Otto,502,1,,,Éowyn,,,,,10,supporting,,,
The Lord of the Rings: The Return of the King,2003,2003,Adventure|Fantasy|Action,122,movie,Bernard Hill,1369,2,,,Théoden,,,,,11,minor,,,
The Lord of the Rings: The Return of the King,2003,2003,Adventure|Fantasy|Action,122,movie,John Rhys-Davies,655,2,,,Gimli,,,,,12,minor,,,
The Lord of the Rings: The Return of the King,2003,2003,Adventure|Fantasy|Action,122,movie,Orlando Bloom,114,2,,,Legolas,,,,,13,minor,,,
The Lord of the Rings: The Return of the King,2003,2003,Adventure|Fantasy|Action,122,movie,Hugo Weaving,1331,2,,,Elrond,,,,,14,minor,,,
The Lord of the Rings: The Return of the King,2003,2003,Adventure|Fantasy|Action,122,movie,Liv Tyler,882,1,,,Arwen,,,,,15,minor,,,
The Lord of the Rings: The Return of the King,2003,2003,Adventure|Fantasy|Action,122,movie,Cate Blanchett,112,1,,,Galadriel,,,,,16,minor,,,
The Lord of the Rings: The Return of the King,2003,2003,Adventure|Fantasy|Action,122,movie,Karl Urban,1372,2,,,Éomer,,,,,17,minor,,,
The Lord of the Rings: The Return of the King,2003,2003,Adventure|Fantasy|Action,122,movie,Ian Holm,65,2,,,Bilbo,,,,,18,minor,,,
The Lord of the Rings: The Return of the King,2003,2003,Adventure|Fantasy|Action,122,movie,Sean Bean,48,2,,,Boromir,,,,,19,minor,,,
The Lord of the Rings: The Return of the King,2003,2003,Adventure|Fantasy|Action,122,movie,Lawrence Makoare,1365,2,,,Witchking / Gothmog,,,,,20,minor,,,
Kung Fu Panda 4,2024,2024,Action|Adventure|Animation|Comedy|Family|Fantasy,1011985,movie,Jack Black,70851,2,,,Po (voice),,,,,1,lead,,,
Kung Fu Panda 4,2024,2024,Action|Adventure|Animation|Comedy|Family|Fantasy,1011985,movie,Awkwafina,1625558,1,,,Zhen (voice),,,,,2,lead,,,
Kung Fu Panda 4,2024,2024,Action|Adventure|Animation|Comedy|Family|Fantasy,1011985,movie,Viola Davis,19492,1,,,The Chameleon (voice),,,,,3,lead,,,
Kung Fu Panda 4,2024,2024,Action|Adventure|Animation|Comedy|Family|Fantasy,1011985,movie,Dustin Hoffman,4483,2,,,Shifu (voice),,,,,4,supporting,,,
Kung Fu Panda 4,2024,2024,Action|Adventure|Animation|Comedy|Family|Fantasy,1011985,movie,Bryan Cranston,17419,2,,,Li (voice),,,,,5,supporting,,,
Kung Fu Panda 4,2024,2024,Action|Adventure|Animation|Comedy|Family|Fantasy,1011985,movie,James Hong,20904,2,,,Mr. Ping (voice),,,,,6,supporting,,,
Kung Fu Panda 4,2024,2024,Action|Adventure|Animation|Comedy|Family|Fantasy,1011985,movie,Ian McShane,6972,2,,,Tai Lung (voice),,,,,7,supporting,,,
Kung Fu Panda 4,2024,2024,Action|Adventure|Animation|Comedy|Family|Fantasy,1011985,movie,Ke Huy Quan,690,2,,,Han (voice),,,,,8,supporting,,,
Kung Fu Panda 4,2024,2024,Action|Adventure|Animation|Comedy|Family|Fantasy,1011985,movie,Ronny Chieng,1319469,2,,,Fish (voice),,,,,9,supporting,,,
Kung Fu Panda 4,2024,2024,Action|Adventure|Animation|Comedy|Family|Fantasy,1011985,movie,Lori Tan Chinn,171743,1,,,Granny Boar (voice),,,,,10,supporting,,,
Kung Fu Panda 4,2024,2024,Action|Adventure|Animation|Comedy|Family|Fantasy,1011985,movie,Seth Rogen,19274,2,,,Mantis (voice),,,,,11,minor,,,
Kung Fu Panda 4,2024,2024,Action|Adventure|Animation|Comedy|Family|Fantasy,1011985,movie,Jimmy Donaldson,2282154,2,,,Panda Pig (voice),,,,,12,minor,,,
Kung Fu Panda 4,2024,2024,Action|Adventure|Animation|Comedy|Family|Fantasy,1011985,movie,James Murray,202446,2,,,Boastful Komodo / Frightened Ram / Goose Jail Guard / Bunny Bartender (voice),,,,,13,minor,,,
Kung Fu Panda 4,2024,2024,Action|Adventure|Animation|Comedy|Family|Fantasy,1011985,movie,James Sie,154657,2,,,Bull Officer #2 / Ram Worker / Master Villain #1 (voice),,,,,14,minor,,,
Kung Fu Panda 4,2024,2024,Action|Adventure|Animation|Comedy|Family|Fantasy,1011985,movie,Cedric Yarbrough,63235,2,,,Bull Officer #1 / Ram Foreman / Questioned Boar (voice),,,,,15,minor,,,
Kung Fu Panda 4,2024,2024,Action|Adventure|Animation|Comedy|Family|Fantasy,1011985,movie,Vic Chao,109423,2,,,Bear Crime Boss / Last Ram / Tavern Patron #2 (voice),,,,,16,minor,,,
Kung Fu Panda 4,2024,2024,Action|Adventure|Animation|Comedy|Family|Fantasy,1011985,movie,Audrey Brooke,4566278,1,,,Den Bunny #2 / Piglet #1 / Piglet #2 / Action Figure Pig Kid / Picture Bunny Kid / Restaurant Bunny #2 (voice),,,,,17,minor,,,
Kung Fu Panda 4,2024,2024,Action|Adventure|Animation|Comedy|Family|Fantasy,1011985,movie,Lincoln Nakamura,4582130,2,,,Den Bunny #3 / Action Figure Panda Kid / Restaurant Bunny #3 (voice),,,,,18,minor,,,
Kung Fu Panda 4,2024,2024,Action|Adventure|Animation|Comedy|Family|Fantasy,1011985,movie,Cece Valentina,4379987,1,,,Den Bunny #1 / Restaurant Bunny #1 (voice),,,,,19,minor,,,
Kung Fu Panda 4,2024,2024,Action|Adventure|Animation|Comedy|Family|Fantasy,1011985,movie,April Hong,1453786,1,,,Pig Patron #2 (voice),,,,,20,minor,,,
Captain Kate,1911,1911,Drama,419858,movie,Kathlyn Williams,1064961,1,,,Captain Kate,,,,,1,lead,,,
Captain Kate,1911,1911,Drama,419858,movie,Charles Clary,98020,2,,,Clancy,,,,,2,lead,,,
Captain Kate,1911,1911,Drama,419858,movie,Frank Weed,1386377,2,,,John Howell,,,,,3,lead,,,
Captain Kate,1911,1911,Drama,419858,movie,Frank Smith,1541517,2,,,Desmond,,,,,4,supporting,,,
Captain Kate,1911,1911,Drama,419858,movie,Tom Mix,1052155,2,,,Loyal Native,,,,,5,supporting,,,
Captain Kate,1911,1911,Drama,419858,movie,Tom Anderson,1690593,0,,,Ali Ben,,,,,6,supporting,,,
Captain Kate,1911,1911,Drama,419858,movie,Tom Anderson,1690594,0,,,Ali Ben,,,,,7,supporting,,,
Sinners,2025,2025,Horror|Action|Thriller,1233413,movie,Michael B. Jordan,135651,2,,,Smoke / Stack,,,,,1,lead,,,
Sinners,2025,2025,Horror|Action|Thriller,1233413,movie,Hailee Steinfeld,130640,1,,,Mary,,,,,2,lead,,,
Sinners,2025,2025,Horror|Action|Thriller,1233413,movie,Miles Caton,4688032,2,,,Sammie Moore,,,,,3,lead,,,
Sinners,2025,2025,Horror|Action|Thriller,1233413,movie,Jack O'Connell,85065,2,,,Remmick,,,,,4,supporting,,,
Sinners,2025,2025,Horror|Action|Thriller,1233413,movie,Wunmi Mosaku,134774,1,,,Annie,,,,,5,supporting,,,
Sinners,2025,2025,Horror|Action|Thriller,1233413,movie,Jayme Lawson,2455272,1,,,Pearline,,,,,6,supporting,,,
Sinners,2025,2025,Horror|Action|Thriller,1233413,movie,Omar Benson Miller,334,2,,,Cornbread,,,,,7,supporting,,,
Sinners,2025,2025,Horror|Action|Thriller,1233413,movie,Delroy Lindo,18792,2,,,Delta Slim,,,,,8,supporting,,,
Sinners,2025,2025,Horror|Action|Thriller,1233413,movie,Li Jun Li,1321015,1,,,Grace Chow,,,,,9,supporting,,,
Sinners,2025,2025,Horror|Action|Thriller,1233413,movie,Yao,3495960,2,,,Bo Chow,,,,,10,supporting,,,
Sinners,2025,2025,Horror|Action|Thriller,1233413,movie,Lola Kirke,1345418,1,,,Joan,,,,,11,minor,,,
Sinners,2025,2025,Horror|Action|Thriller,1233413,movie,Peter Dreimanis,1805225,2,,,Bert,,,,,12,minor,,,
Sinners,2025,2025,Horror|Action|Thriller,1233413,movie,Buddy Guy,53399,2,,,Old Sammie,,,,,13,minor,,,
Sinners,2025,2025,Horror|Action|Thriller,1233413,movie,Saul Williams,1985,2,,,Jedidiah,,,,,14,minor,,,
Sinners,2025,2025,Horror|Action|Thriller,1233413,movie,Andrene Ward-Hammond,1650191,1,,,Ruthie,,,,,15,minor,,,
Sinners,2025,2025,Horror|Action|Thriller,1233413,movie,Tenaj L. Jackson,1292493,1,,,Beatrice,,,,,16,minor,,,
Sinners,2025,2025,Horror|Action|Thriller,1233413,movie,Dave Maldonado,1327175,2,,,Hogwood,,,,,17,minor,,,
Sinners,2025,2025,Horror|Action|Thriller,1233413,movie,Aadyn Encalarde,4071279,1,,,Teenager,,,,,18,minor,,,
Sinners,2025,2025,Horror|Action|Thriller,1233413,movie,Helena Hu,5380369,1,,,Lisa Chow,,,,,19,minor,,,
Sinners,2025,2025,Horror|Action|Thriller,1233413,movie,Sam Malone,1411644,2,,,Terry,,,,,20,minor,,,
The Matrix,1999,1999,Action|Science Fiction,603,movie,Keanu Reeves,6384,2,,,Neo,,,,,1,lead,,,
The Matrix,1999,1999,Action|Science Fiction,603,movie,Laurence Fishburne,2975,2,,,Morpheus,,,,,2,lead,,,
The Matrix,1999,1999,Action|Science Fiction,603,movie,Carrie-Anne Moss,530,1,,,Trinity,,,,,3,lead,,,
The Matrix,1999,1999,Action|Science Fiction,603,movie,Hugo Weaving,1331,2,,,Agent Smith,,,,,4,supporting,,,
The Matrix,1999,1999,Action|Science Fiction,603,movie,Gloria Foster,9364,1,,,Oracle,,,,,5,supporting,,,
The Matrix,1999,1999,Action|Science Fiction,603,movie,Joe Pantoliano,532,2,,,Cypher,,,,,6,supporting,,,
The Matrix,1999,1999,Action|Science Fiction,603,movie,Marcus Chong,9372,2,,,Tank,,,,,7,supporting,,,
The Matrix,1999,1999,Action|Science Fiction,603,movie,Julian Arahanga,7244,2,,,Apoc,,,,,8,supporting,,,
The Matrix,1999,1999,Action|Science Fiction,603,movie,Matt Doran,9374,2,,,Mouse,,,,,9,supporting,,,
The Matrix,1999,1999,Action|Science Fiction,603,movie,Belinda McClory,9376,1,,,Switch,,,,,10,supporting,,,
The Matrix,1999,1999,Action|Science Fiction,603,movie,Anthony Ray Parker,9378,2,,,Dozer,,,,,11,minor,,,
The Matrix,1999,1999,Action|Science Fiction,603,movie,Paul Goddard,9380,2,,,Agent Brown,,,,,12,minor,,,
The Matrix,1999,1999,Action|Science Fiction,603,movie,Robert Taylor,39545,2,,,Agent Jones,,,,,13,minor,,,
The Matrix,1999,1999,Action|Science Fiction,603,movie,David Aston,9383,2,,,Rhineheart,,,,,14,minor,,,
The Matrix,1999,1999,Action|Science Fiction,603,movie,Marc Aden Gray,9384,2,,,Choi,,,,,15,minor,,,
The Matrix,1999,1999,Action|Science Fiction,603,movie,Ada Nicodemou,181214,1,,,Dujour,,,,,16,minor,,,
The Matrix,1999,1999,Action|Science Fiction,603,movie,Deni Gordon,1090466,0,,,Priestess,,,,,17,minor,,,
The Matrix,1999,1999,Action|Science Fiction,603,movie,Rowan Witt,218366,2,,,Spoon Boy,,,,,18,minor,,,
The Matrix,1999,1999,Action|Science Fiction,603,movie,Eleanor Witt,1209244,0,,,Potential,,,,,19,minor,,,
The Matrix,1999,1999,Action|Science Fiction,603,movie,Tamara Brown,1209245,1,,,Potential,,,,,20,minor,,,
Top Gun: Maverick,2022,2022,Action|Drama,361743,movie,Tom Cruise,500,2,,,Capt. Pete 'Maverick' Mitchell,,,,,1,lead,,,
Top Gun: Maverick,2022,2022,Action|Drama,361743,movie,Miles Teller,996701,2,,,Lt. Bradley 'Rooster' Bradshaw,,,,,2,lead,,,
Top Gun: Maverick,2022,2022,Action|Drama,361743,movie,Jennifer Connelly,6161,1,,,Penny Benjamin,,,,,3,lead,,,
Top Gun: Maverick,2022,2022,Action|Drama,361743,movie,Bashir Salahuddin,1241330,2,,,Wo-1. Bernie 'Hondo' Coleman,,,,,4,supporting,,,
Top Gun: Maverick,2022,2022,Action|Drama,361743,movie,Jon Hamm,65717,2,,,Adm. Beau 'Cyclone' Simpson,,,,,5,supporting,,,
Top Gun: Maverick,2022,2022,Action|Drama,361743,movie,Charles Parnell,124112,2,,,Adm. Solomon 'Warlock' Bates,,,,,6,supporting,,,
Top Gun: Maverick,2022,2022,Action|Drama,361743,movie,Monica Barbaro,1525043,1,,,Lt. Natasha 'Phoenix' Trace,,,,,7,supporting,,,
Top Gun: Maverick,2022,2022,Action|Drama,361743,movie,Lewis Pullman,1700685,2,,,Lt. Robert 'Bob' Floyd,,,,,8,supporting,,,
Top Gun: Maverick,2022,2022,Action|Drama,361743,movie,Jay Ellis,151680,2,,,Lt. Reuben 'Payback' Fitch,,,,,9,supporting,,,
Top Gun: Maverick,2022,2022,Action|Drama,361743,movie,Danny Ramirez,1773397,2,,,Lt. Mickey 'Fanboy' Garcia,,,,,10,supporting,,,
Top Gun: Maverick,2022,2022,Action|Drama,361743,movie,Glen Powell,83271,2,,,Lt. Jake 'Hangman' Seresin,,,,,11,minor,,,
Top Gun: Maverick,2022,2022,Action|Drama,361743,movie,Val Kilmer,5576,2,,,Adm. Tom 'Iceman' Kazansky,,,,,12,minor,,,
Top Gun: Maverick,2022,2022,Action|Drama,361743,movie,Jack Schumacher,3563646,2,,,Lt. Neil 'Omaha' Vikander,,,,,13,minor,,,
Top Gun: Maverick,2022,2022,Action|Drama,361743,movie,Manny Jacinto,1368795,2,,,Lt. Billy 'Fritz' Avalone,,,,,14,minor,,,
Top Gun: Maverick,2022,2022,Action|Drama,361743,movie,Kara Wang,236598,1,,,Lt. Callie 'Halo' Bassett,,,,,15,minor,,,
Top Gun: Maverick,2022,2022,Action|Drama,361743,movie,Greg Tarzan Davis,2080646,2,,,Lt. Javy 'Coyote' Machado,,,,,16,minor,,,
Top Gun: Maverick,2022,2022,Action|Drama,361743,movie,Jake Picking,1456280,2,,,Lt. Brigham 'Harvard' Lennox,,,,,17,minor,,,
Top Gun: Maverick,2022,2022,Action|Drama,361743,movie,Raymond Lee,1321411,2,,,Lt. Logan 'Yale' Lee,,,,,18,minor,,,
Top Gun: Maverick,2022,2022,Action|Drama,361743,movie,Jean Louisa Kelly,26495,1,,,Sarah Kazansky,,,,,19,minor,,,
Top Gun: Maverick,2022,2022,Action|Drama,361743,movie,Lyliana Wray,1672438,1,,,Amelia,,,,,20,minor,,,
Sinners,2025,2025,Horror|Action|Thriller,1233413,movie,Michael B. Jordan,135651,2,,,Smoke / Stack,,,,,1,lead,,,
Sinners,2025,2025,Horror|Action|Thriller,1233413,movie,Hailee Steinfeld,130640,1,,,Mary,,,,,2,lead,,,
Sinners,2025,2025,Horror|Action|Thriller,1233413,movie,Miles Caton,4688032,2,,,Sammie Moore,,,,,3,lead,,,
Sinners,2025,2025,Horror|Action|Thriller,1233413,movie,Jack O'Connell,85065,2,,,Remmick,,,,,4,supporting,,,
Sinners,2025,2025,Horror|Action|Thriller,1233413,movie,Wunmi Mosaku,134774,1,,,Annie,,,,,5,supporting,,,
Sinners,2025,2025,Horror|Action|Thriller,1233413,movie,Jayme Lawson,2455272,1,,,Pearline,,,,,6,supporting,,,
Sinners,2025,2025,Horror|Action|Thriller,1233413,movie,Omar Benson Miller,334,2,,,Cornbread,,,,,7,supporting,,,
Sinners,2025,2025,Horror|Action|Thriller,1233413,movie,Delroy Lindo,18792,2,,,Delta Slim,,,,,8,supporting,,,
Sinners,2025,2025,Horror|Action|Thriller,1233413,movie,Li Jun Li,1321015,1,,,Grace Chow,,,,,9,supporting,,,
Sinners,2025,2025,Horror|Action|Thriller,1233413,movie,Yao,3495960,2,,,Bo Chow,,,,,10,supporting,,,
Sinners,2025,2025,Horror|Action|Thriller,1233413,movie,Lola Kirke,1345418,1,,,Joan,,,,,11,minor,,,
Sinners,2025,2025,Horror|Action|Thriller,1233413,movie,Peter Dreimanis,1805225,2,,,Bert,,,,,12,minor,,,
Sinners,2025,2025,Horror|Action|Thriller,1233413,movie,Buddy Guy,53399,2,,,Old Sammie,,,,,13,minor,,,
Sinners,2025,2025,Horror|Action|Thriller,1233413,movie,Saul Williams,1985,2,,,Jedidiah,,,,,14,minor,,,
Sinners,2025,2025,Horror|Action|Thriller,1233413,movie,Andrene Ward-Hammond,1650191,1,,,Ruthie,,,,,15,minor,,,
Sinners,2025,2025,Horror|Action|Thriller,1233413,movie,Tenaj L. Jackson,1292493,1,,,Beatrice,,,,,16,minor,,,
Sinners,2025,2025,Horror|Action|Thriller,1233413,movie,Dave Maldonado,1327175,2,,,Hogwood,,,,,17,minor,,,
Sinners,2025,2025,Horror|Action|Thriller,1233413,movie,Aadyn Encalarde,4071279,1,,,Teenager,,,,,18,minor,,,
Sinners,2025,2025,Horror|Action|Thriller,1233413,movie,Helena Hu,5380369,1,,,Lisa Chow,,,,,19,minor,,,
Sinners,2025,2025,Horror|Action|Thriller,1233413,movie,Sam Malone,1411644,2,,,Terry,,,,,20,minor,,,
The Gorge,2025,2025,Romance|Science Fiction|Thriller,950396,movie,Miles Teller,996701,2,,,Levi,,,,,1,lead,,,
The Gorge,2025,2025,Romance|Science Fiction|Thriller,950396,movie,Anya Taylor-Joy,1397778,1,,,Drasa,,,,,2,lead,,,
The Gorge,2025,2025,Romance|Science Fiction|Thriller,950396,movie,Sigourney Weaver,10205,1,,,Bartholomew,,,,,3,lead,,,
The Gorge,2025,2025,Romance|Science Fiction|Thriller,950396,movie,Ṣọpẹ́ Dìrísù,1479869,2,,,J.D.,,,,,4,supporting,,,
The Gorge,2025,2025,Romance|Science Fiction|Thriller,950396,movie,William Houston,84865,2,,,Erikas,,,,,5,supporting,,,
The Gorge,2025,2025,Romance|Science Fiction|Thriller,950396,movie,Kobna Holdbrook-Smith,202775,2,,,Black Ops Commander,,,,,6,supporting,,,
The Gorge,2025,2025,Romance|Science Fiction|Thriller,950396,movie,James Marlowe,1797174,2,,,Bradford Shaw,,,,,7,supporting,,,
The Gorge,2025,2025,Romance|Science Fiction|Thriller,950396,movie,Julianna Kurokawa,3353402,1,,,Airman,,,,,8,supporting,,,
The Gorge,2025,2025,Romance|Science Fiction|Thriller,950396,movie,Ruta Gedmintas,141892,1,,,WWII Scientist,,,,,9,supporting,,,
The Gorge,2025,2025,Romance|Science Fiction|Thriller,950396,movie,Oliver Trevena,1395206,2,,,Crewman,,,,,10,supporting,,,
The Running Man,2025,2025,Action|Thriller|Science Fiction,798645,movie,Glen Powell,83271,2,,,Ben Richards,,,,,1,lead,,,
The Running Man,2025,2025,Action|Thriller|Science Fiction,798645,movie,William H. Macy,3905,2,,,Molie Jernigan,,,,,2,lead,,,
The Running Man,2025,2025,Action|Thriller|Science Fiction,798645,movie,Lee Pace,72095,2,,,Evan McCone,,,,,3,lead,,,
The Running Man,2025,2025,Action|Thriller|Science Fiction,798645,movie,Michael Cera,39995,2,,,Elton Perrakis,,,,,4,supporting,,,
The Running Man,2025,2025,Action|Thriller|Science Fiction,798645,movie,Emilia Jones,1331023,1,,,Amelia Williams,,,,,5,supporting,,,
The Running Man,2025,2025,Action|Thriller|Science Fiction,798645,movie,Daniel Ezra,1339627,2,,,Bradley,,,,,6,supporting,,,
The Running Man,2025,2025,Action|Thriller|Science Fiction,798645,movie,Jayme Lawson,2455272,1,,,Sheila Richards,,,,,7,supporting,,,
The Running Man,2025,2025,Action|Thriller|Science Fiction,798645,movie,Sean Hayes,52601,2,,,Gary Greenbacks,,,,,8,supporting,,,
The Running Man,2025,2025,Action|Thriller|Science Fiction,798645,movie,Katy O'Brian,2252989,1,,,Jenni Laughlin,,,,,9,supporting,,,
The Running Man,2025,2025,Action|Thriller|Science Fiction,798645,movie,Colman Domingo,91671,2,,,Bobby T.,,,,,10,supporting,,,
The Running Man,2025,2025,Action|Thriller|Science Fiction,798645,movie,Josh Brolin,16851,2,,,Dan Killian,,,,,11,minor,,,
The Running Man,2025,2025,Action|Thriller|Science Fiction,798645,movie,Karl Glusman,1327613,2,,,'Frank',,,,,12,minor,,,
The Running Man,2025,2025,Action|Thriller|Science Fiction,798645,movie,David Zayas,22821,2,,,Richard Manuel,,,,,13,minor,,,
The Running Man,2025,2025,Action|Thriller|Science Fiction,798645,movie,Martin Herlihy,2807375,2,,,Tim Jansky,,,,,14,minor,,,
The Running Man,2025,2025,Action|Thriller|Science Fiction,798645,movie,Danny McCarthy,59145,2,,,YVA Manager,,,,,15,minor,,,
The Running Man,2025,2025,Action|Thriller|Science Fiction,798645,movie,Angelo Gray,5817510,2,,,Stacey,,,,,16,minor,,,
The Running Man,2025,2025,Action|Thriller|Science Fiction,798645,movie,Alyssa Benn,5088269,1,,,Cathy Richards,,,,,17,minor,,,
The Running Man,2025,2025,Action|Thriller|Science Fiction,798645,movie,Sienna Benn,5088272,1,,,Cathy Richards,,,,,18,minor,,,
The Running Man,2025,2025,Action|Thriller|Science Fiction,798645,movie,Greg Townley,237162,2,,,Decker,,,,,19,minor,,,
The Running Man,2025,2025,Action|Thriller|Science Fiction,798645,movie,Joey Ansah,29406,2,,,'Captain Holloway',,,,,20,minor,,,
Inception,2010,2010,Action|Science Fiction|Adventure,27205,movie,Leonardo DiCaprio,6193,2,,,Dom Cobb,,,,,1,lead,,,
Inception,2010,2010,Action|Science Fiction|Adventure,27205,movie,Joseph Gordon-Levitt,24045,2,,,Arthur,,,,,2,lead,,,
Inception,2010,2010,Action|Science Fiction|Adventure,27205,movie,Ken Watanabe,3899,2,,,Saito,,,,,3,lead,,,
Inception,2010,2010,Action|Science Fiction|Adventure,27205,movie,Tom Hardy,2524,2,,,Eames,,,,,4,supporting,,,
Inception,2010,2010,Action|Science Fiction|Adventure,27205,movie,Elliot Page,27578,3,,,Ariadne,,,,,5,supporting,,,
Inception,2010,2010,Action|Science Fiction|Adventure,27205,movie,Dileep Rao,95697,2,,,Yusuf,,,,,6,supporting,,,
Inception,2010,2010,Action|Science Fiction|Adventure,27205,movie,Cillian Murphy,2037,2,,,"Robert Fischer, Jr.",,,,,7,supporting,,,
Inception,2010,2010,Action|Science Fiction|Adventure,27205,movie,Tom Berenger,13022,2,,,Peter Browning,,,,,8,supporting,,,
Inception,2010,2010,Action|Science Fiction|Adventure,27205,movie,Marion Cotillard,8293,1,,,Mal Cobb,,,,,9,supporting,,,
Inception,2010,2010,Action|Science Fiction|Adventure,27205,movie,Pete Postlethwaite,4935,2,,,Maurice Fischer,,,,,10,supporting,,,
Inception,2010,2010,Action|Science Fiction|Adventure,27205,movie,Michael Caine,3895,2,,,Stephen Miles,,,,,11,minor,,,
Inception,2010,2010,Action|Science Fiction|Adventure,27205,movie,Lukas Haas,526,2,,,Nash,,,,,12,minor,,,
Inception,2010,2010,Action|Science Fiction|Adventure,27205,movie,Talulah Riley,66441,1,,,Blonde,,,,,13,minor,,,
Inception,2010,2010,Action|Science Fiction|Adventure,27205,movie,Tohoru Masamune,173212,2,,,Japanese Security Guard,,,,,14,minor,,,
Inception,2010,2010,Action|Science Fiction|Adventure,27205,movie,Taylor Geare,967376,1,,,Phillipa (5 years),,,,,15,minor,,,
Inception,2010,2010,Action|Science Fiction|Adventure,27205,movie,Claire Geare,973135,1,,,Phillipa (3 years),,,,,16,minor,,,
Inception,2010,2010,Action|Science Fiction|Adventure,27205,movie,Johnathan Geare,1677266,2,,,James (3 years),,,,,17,minor,,,
Inception,2010,2010,Action|Science Fiction|Adventure,27205,movie,Yuji Okumoto,56120,2,,,Saito's Attendant,,,,,18,minor,,,
Inception,2010,2010,Action|Science Fiction|Adventure,27205,movie,Earl Cameron,2246,2,,,Elderly Bald Man,,,,,19,minor,,,
Inception,2010,2010,Action|Science Fiction|Adventure,27205,movie,Ryan Hayward,1677267,2,,,Lawyer,,,,,20,minor,,,
undertone,2026,2026,Horror|Mystery,1480387,movie,Nina Kiri,1603514,1,,,Evy Babic,,,,,1,lead,,,
undertone,2026,2026,Horror|Mystery,1480387,movie,Adam DiMarco,936932,2,,,Justin (voice),,,,,2,lead,,,
undertone,2026,2026,Horror|Mystery,1480387,movie,Michèle Duquet,1239352,1,,,Mama,,,,,3,lead,,,
undertone,2026,2026,Horror|Mystery,1480387,movie,Keana Bastidas,2137834,1,,,Jessa (voice),,,,,4,supporting,,,
undertone,2026,2026,Horror|Mystery,1480387,movie,Jeff Yung,1793739,2,,,Mike (voice),,,,,5,supporting,,,
undertone,2026,2026,Horror|Mystery,1480387,movie,Ryan Turner,1807962,2,,,Darren (voice),,,,,6,supporting,,,
undertone,2026,2026,Horror|Mystery,1480387,movie,Ari Millen,1359997,2,,,Dr. Ram (voice),,,,,7,supporting,,,
undertone,2026,2026,Horror|Mystery,1480387,movie,Marisol D’Andrea,5962452,1,,,Nurse (voice),,,,,8,supporting,,,
undertone,2026,2026,Horror|Mystery,1480387,movie,Austin Tuason,5962453,2,,,Caller 1 (voice),,,,,9,supporting,,,
undertone,2026,2026,Horror|Mystery,1480387,movie,Seled Calderon,5715011,1,,,Caller 2 (voice),,,,,10,supporting,,,
undertone,2026,2026,Horror|Mystery,1480387,movie,Bianca Nugara,4321019,1,,,Caller 3 (voice),,,,,11,minor,,,
undertone,2026,2026,Horror|Mystery,1480387,movie,Jayda Woods,4281873,1,,,Caller 4 (voice),,,,,12,minor,,,
undertone,2026,2026,Horror|Mystery,1480387,movie,Sarah Beaudin,2019445,1,,,Caller 5 - Abby (voice),,,,,13,minor,,,
undertone,2026,2026,Horror|Mystery,1480387,movie,Christina Notto,1795957,1,,,Meditation Voice (voice),,,,,14,minor,,,
Star Wars,1977,1977,Adventure|Action|Science Fiction,11,movie,Mark Hamill,2,2,,,Luke Skywalker,,,,,1,lead,,,
Star Wars,1977,1977,Adventure|Action|Science Fiction,11,movie,Harrison Ford,3,2,,,Han Solo,,,,,2,lead,,,
Star Wars,1977,1977,Adventure|Action|Science Fiction,11,movie,Carrie Fisher,4,1,,,Princess Leia Organa,,,,,3,lead,,,
Star Wars,1977,1977,Adventure|Action|Science Fiction,11,movie,Peter Cushing,5,2,,,Grand Moff Tarkin,,,,,4,supporting,,,
Star Wars,1977,1977,Adventure|Action|Science Fiction,11,movie,Alec Guinness,12248,2,,,"Obi-Wan ""Ben"" Kenobi",,,,,5,supporting,,,
Star Wars,1977,1977,Adventure|Action|Science Fiction,11,movie,Anthony Daniels,6,2,,,C-3PO,,,,,6,supporting,,,
Star Wars,1977,1977,Adventure|Action|Science Fiction,11,movie,Kenny Baker,130,2,,,R2-D2,,,,,7,supporting,,,
Star Wars,1977,1977,Adventure|Action|Science Fiction,11,movie,Peter Mayhew,24343,2,,,Chewbacca,,,,,8,supporting,,,
Star Wars,1977,1977,Adventure|Action|Science Fiction,11,movie,David Prowse,24342,2,,,Darth Vader (performer),,,,,9,supporting,,,
Star Wars,1977,1977,Adventure|Action|Science Fiction,11,movie,James Earl Jones,15152,2,,,Darth Vader (voice) (uncredited),,,,,10,supporting,,,
Star Wars,1977,1977,Adventure|Action|Science Fiction,11,movie,Phil Brown,33032,2,,,Uncle Owen,,,,,11,minor,,,
Star Wars,1977,1977,Adventure|Action|Science Fiction,11,movie,Shelagh Fraser,131625,1,,,Aunt Beru,,,,,12,minor,,,
Star Wars,1977,1977,Adventure|Action|Science Fiction,11,movie,Jack Purvis,132538,2,,,Chief Jawa,,,,,13,minor,,,
Star Wars,1977,1977,Adventure|Action|Science Fiction,11,movie,Alex McCrindle,216087,2,,,General Dodonna,,,,,14,minor,,,
Star Wars,1977,1977,Adventure|Action|Science Fiction,11,movie,Eddie Byrne,69249,2,,,General Willard,,,,,15,minor,,,
Star Wars,1977,1977,Adventure|Action|Science Fiction,11,movie,Drewe Henley,47401,2,,,Red Leader,,,,,16,minor,,,
Star Wars,1977,1977,Adventure|Action|Science Fiction,11,movie,Denis Lawson,47698,2,,,Red Two (Wedge Antilles),,,,,17,minor,,,
Star Wars,1977,1977,Adventure|Action|Science Fiction,11,movie,Garrick Hagon,17356,2,,,Red Three (Biggs Darklighter),,,,,18,minor,,,
Star Wars,1977,1977,Adventure|Action|Science Fiction,11,movie,Jack Klaff,162432,2,,,"Red Four (John ""D"")",,,,,19,minor,,,
Star Wars,1977,1977,Adventure|Action|Science Fiction,11,movie,William Hootkins,663,2,,,Red Six (Porkins),,,,,20,minor,,,
Forrest Gump,1994,1994,Comedy|Drama|Romance,13,movie,Tom Hanks,31,2,,,Forrest Gump,,,,,1,lead,,,
Forrest Gump,1994,1994,Comedy|Drama|Romance,13,movie,Robin Wright,32,1,,,Jenny Curran,,,,,2,lead,,,
Forrest Gump,1994,1994,Comedy|Drama|Romance,13,movie,Gary Sinise,33,2,,,Lieutenant Dan Taylor,,,,,3,lead,,,
Forrest Gump,1994,1994,Comedy|Drama|Romance,13,movie,Sally Field,35,1,,,Mrs. Gump,,,,,4,supporting,,,
Forrest Gump,1994,1994,Comedy|Drama|Romance,13,movie,Mykelti Williamson,34,2,,,Bubba Blue,,,,,5,supporting,,,
Forrest Gump,1994,1994,Comedy|Drama|Romance,13,movie,Michael Conner Humphreys,37821,2,,,Young Forrest Gump,,,,,6,supporting,,,
Forrest Gump,1994,1994,Comedy|Drama|Romance,13,movie,Hanna Hall,204997,1,,,Young Jenny Curran,,,,,7,supporting,,,
Forrest Gump,1994,1994,Comedy|Drama|Romance,13,movie,Haley Joel Osment,9640,2,,,Forrest Junior,,,,,8,supporting,,,
Forrest Gump,1994,1994,Comedy|Drama|Romance,13,movie,Siobhan Fallon Hogan,6751,1,,,School Bus Driver,,,,,9,supporting,,,
Forrest Gump,1994,1994,Comedy|Drama|Romance,13,movie,Rebecca Williams,3817610,1,,,Nurse at Park Bench,,,,,10,supporting,,,
Forrest Gump,1994,1994,Comedy|Drama|Romance,13,movie,Bob Penny,196855,2,,,Crony,,,,,11,minor,,,
Forrest Gump,1994,1994,Comedy|Drama|Romance,13,movie,Harold G. Herthum,3052237,2,,,Doctor,,,,,12,minor,,,
Forrest Gump,1994,1994,Comedy|Drama|Romance,13,movie,George Kelly,951881,2,,,Barber,,,,,13,minor,,,
Forrest Gump,1994,1994,Comedy|Drama|Romance,13,movie,John Randall,3817629,2,,,Crony,,,,,14,minor,,,
Forrest Gump,1994,1994,Comedy|Drama|Romance,13,movie,Sam Anderson,36221,2,,,Principal Hancock,,,,,15,minor,,,
Forrest Gump,1994,1994,Comedy|Drama|Romance,13,movie,Margo Moorer,1215432,1,,,Louise,,,,,16,minor,,,
Forrest Gump,1994,1994,Comedy|Drama|Romance,13,movie,Ione M. Telech,3817635,1,,,Elderly Woman,,,,,17,minor,,,
Forrest Gump,1994,1994,Comedy|Drama|Romance,13,movie,Christine Seabrook,3817637,1,,,Elderly Woman's Daughter,,,,,18,minor,,,
Forrest Gump,1994,1994,Comedy|Drama|Romance,13,movie,John Worsham,946856,2,,,Southern Gentleman / Landowner,,,,,19,minor,,,
Forrest Gump,1994,1994,Comedy|Drama|Romance,13,movie,Peter Dobson,37822,2,,,Young Elvis Presley,,,,,20,minor,,,
Superman,2025,2025,Science Fiction|Adventure|Action,1061474,movie,David Corenswet,1785590,2,,,Superman,,,,,1,lead,,,
Superman,2025,2025,Science Fiction|Adventure|Action,1061474,movie,Rachel Brosnahan,993774,1,,,Lois Lane,,,,,2,lead,,,
Superman,2025,2025,Science Fiction|Adventure|Action,1061474,movie,Nicholas Hoult,3292,2,,,Lex Luthor,,,,,3,lead,,,
Superman,2025,2025,Science Fiction|Adventure|Action,1061474,movie,Edi Gathegi,39391,2,,,Mr. Terrific,,,,,4,supporting,,,
Superman,2025,2025,Science Fiction|Adventure|Action,1061474,movie,Nathan Fillion,51797,2,,,Guy Gardner,,,,,5,supporting,,,
Superman,2025,2025,Science Fiction|Adventure|Action,1061474,movie,Isabela Merced,1428070,1,,,Hawkgirl,,,,,6,supporting,,,
Superman,2025,2025,Science Fiction|Adventure|Action,1061474,movie,María Gabriela de Faría,1601451,1,,,The Engineer,,,,,7,supporting,,,
Superman,2025,2025,Science Fiction|Adventure|Action,1061474,movie,Skyler Gisondo,61263,2,,,Jimmy Olsen,,,,,8,supporting,,,
Superman,2025,2025,Science Fiction|Adventure|Action,1061474,movie,Alan Tudyk,21088,2,,,Gary,,,,,9,supporting,,,
Superman,2025,2025,Science Fiction|Adventure|Action,1061474,movie,Grace Chan,5441666,1,,,Superman Robot #12 (voice),,,,,10,supporting,,,
Superman,2025,2025,Science Fiction|Adventure|Action,1061474,movie,Bradley Cooper,51329,2,,,Jor-El,,,,,11,minor,,,
Superman,2025,2025,Science Fiction|Adventure|Action,1061474,movie,Angela Sarafyan,85143,1,,,Lara,,,,,12,minor,,,
Superman,2025,2025,Science Fiction|Adventure|Action,1061474,movie,Michael Rooker,12132,2,,,Superman Robot #1 (voice),,,,,13,minor,,,
Superman,2025,2025,Science Fiction|Adventure|Action,1061474,movie,Pom Klementieff,139820,1,,,Superman Robot #5 (voice),,,,,14,minor,,,
Superman,2025,2025,Science Fiction|Adventure|Action,1061474,movie,Sara Sampaio,1400745,1,,,Eve Teschmacher,,,,,15,minor,,,
Superman,2025,2025,Science Fiction|Adventure|Action,1061474,movie,Tatiana Piper,2408002,1,,,Boravian Tech,,,,,16,minor,,,
Superman,2025,2025,Science Fiction|Adventure|Action,1061474,movie,Stephen Blackehart,85096,2,,,Sydney Happersen,,,,,17,minor,,,
Superman,2025,2025,Science Fiction|Adventure|Action,1061474,movie,Giovannie Cruz,3125907,1,,,Cheryl Kimble,,,,,18,minor,,,
Superman,2025,2025,Science Fiction|Adventure|Action,1061474,movie,Bonnie Discepolo,1504236,1,,,Ms. Jessop,,,,,19,minor,,,
Superman,2025,2025,Science Fiction|Adventure|Action,1061474,movie,Terence Rosemore,1411625,2,,,Otis Berg,,,,,20,minor,,,
Hellfire,2026,2026,Action|Thriller,1088434,movie,Stephen Lang,32747,2,,,Man,,,,,1,lead,,,
Hellfire,2026,2026,Action|Thriller,1088434,movie,Harvey Keitel,1037,2,,,Jeremiah,,,,,2,lead,,,
Hellfire,2026,2026,Action|Thriller,1088434,movie,Scottie Thompson,128628,1,,,Lena,,,,,3,lead,,,
Hellfire,2026,2026,Action|Thriller,1088434,movie,Dolph Lundgren,16644,2,,,Wiley,,,,,4,supporting,,,
Hellfire,2026,2026,Action|Thriller,1088434,movie,Chris Mullinax,2170918,2,,,Owen,,,,,5,supporting,,,
Hellfire,2026,2026,Action|Thriller,1088434,movie,Michael Sirow,929065,2,,,Clyde,,,,,6,supporting,,,
Hellfire,2026,2026,Action|Thriller,1088434,movie,Johnny Yong Bosch,50096,2,,,Zeke,,,,,7,supporting,,,
Hellfire,2026,2026,Action|Thriller,1088434,movie,Maurice Compte,48530,2,,,Salvadore,,,,,8,supporting,,,
Hellfire,2026,2026,Action|Thriller,1088434,movie,Natalie Canerday,71886,1,,,Vivian,,,,,9,supporting,,,
Hellfire,2026,2026,Action|Thriller,1088434,movie,Hector Melgoza,3433042,2,,,Titus,,,,,10,supporting,,,
Hellfire,2026,2026,Action|Thriller,1088434,movie,Levon Panek,2886486,2,,,Cletus,,,,,11,minor,,,
Hellfire,2026,2026,Action|Thriller,1088434,movie,Jason Scott Morgan,3927654,0,,,Remy,,,,,12,minor,,,
Hellfire,2026,2026,Action|Thriller,1088434,movie,Algin Mendez,2573555,0,,,Kyle,,,,,13,minor,,,
Hellfire,2026,2026,Action|Thriller,1088434,movie,Justin Gant,2025827,2,,,Damon,,,,,14,minor,,,
Hellfire,2026,2026,Action|Thriller,1088434,movie,Barry Clifton,1411089,2,,,Vernon,,,,,15,minor,,,
Hellfire,2026,2026,Action|Thriller,1088434,movie,Carl Bailey,1170892,2,,,Randal,,,,,16,minor,,,
Hellfire,2026,2026,Action|Thriller,1088434,movie,Robert Babcock,2240146,0,,,Tom,,,,,17,minor,,,
Hellfire,2026,2026,Action|Thriller,1088434,movie,Miriam Gilbreth,3749666,0,,,Bonnie,,,,,18,minor,,,
Hellfire,2026,2026,Action|Thriller,1088434,movie,Robert Keith,1357381,2,,,Dr. Sam Whalen,,,,,19,minor,,,
Hellfire,2026,2026,Action|Thriller,1088434,movie,Alex Dell'Aquila,3927657,0,,,Juarez,,,,,20,minor,,,
Return to Silent Hill,2026,2026,Mystery|Drama|Horror,680493,movie,Jeremy Irvine,225692,2,,,James Sunderland,,,,,1,lead,,,
Return to Silent Hill,2026,2026,Mystery|Drama|Horror,680493,movie,Hannah Emily Anderson,1685904,1,,,Mary Crane  / Angela / Maria / Moth Mary,,,,,2,lead,,,
Return to Silent Hill,2026,2026,Mystery|Drama|Horror,680493,movie,Evie Templeton,3131371,1,,,Laura,,,,,3,lead,,,
Return to Silent Hill,2026,2026,Mystery|Drama|Horror,680493,movie,Pearse Egan,2438347,2,,,Eddie,,,,,4,supporting,,,
Return to Silent Hill,2026,2026,Mystery|Drama|Horror,680493,movie,Nicola Alexis,2486314,1,,,M,,,,,5,supporting,,,
Return to Silent Hill,2026,2026,Mystery|Drama|Horror,680493,movie,Robert Strange,1675328,2,,,Pyramid Head,,,,,6,supporting,,,
Return to Silent Hill,2026,2026,Mystery|Drama|Horror,680493,movie,Emily Carding,2021091,3,,,Dara,,,,,7,supporting,,,
Return to Silent Hill,2026,2026,Mystery|Drama|Horror,680493,movie,Eve Macklin,1092908,1,,,Kaitlyn,,,,,8,supporting,,,
Return to Silent Hill,2026,2026,Mystery|Drama|Horror,680493,movie,Lara Duru,5732923,0,,,Meyers Twin,,,,,9,supporting,,,
Return to Silent Hill,2026,2026,Mystery|Drama|Horror,680493,movie,Karya Duru,5732931,0,,,Meyers Twin,,,,,10,supporting,,,
Return to Silent Hill,2026,2026,Mystery|Drama|Horror,680493,movie,Alana Maria,86049,1,,,Mitzy,,,,,11,minor,,,
Return to Silent Hill,2026,2026,Mystery|Drama|Horror,680493,movie,Howard Saddler,2747702,2,,,Cal,,,,,12,minor,,,
Return to Silent Hill,2026,2026,Mystery|Drama|Horror,680493,movie,Martine Richards,1770260,1,,,Claudette,,,,,13,minor,,,
Return to Silent Hill,2026,2026,Mystery|Drama|Horror,680493,movie,Matteo Pasquini,3698229,2,,,The Homeless Man,,,,,14,minor,,,
Return to Silent Hill,2026,2026,Mystery|Drama|Horror,680493,movie,Melissa Graham,1786095,1,,,Attending Physician,,,,,15,minor,,,
Return to Silent Hill,2026,2026,Mystery|Drama|Horror,680493,movie,Rhiannon Moushall,5959951,1,,,Waitress,,,,,16,minor,,,
Return to Silent Hill,2026,2026,Mystery|Drama|Horror,680493,movie,Slaviša Ivanović,1054796,2,,,Bouncer,,,,,17,minor,,,
Return to Silent Hill,2026,2026,Mystery|Drama|Horror,680493,movie,Adam Basil,2437985,2,,,Joshua Crane,,,,,18,minor,,,
Return to Silent Hill,2026,2026,Mystery|Drama|Horror,680493,movie,Tamara Ristoska,2129727,1,,,Nurse,,,,,19,minor,,,
Return to Silent Hill,2026,2026,Mystery|Drama|Horror,680493,movie,Giulia Pelagatti,5732918,0,,,Armless / Spider Lady,,,,,20,minor,,,
The Beekeeper,2024,2024,Action|Crime|Thriller,866398,movie,Jason Statham,976,2,,,Adam Clay,,,,,1,lead,,,
The Beekeeper,2024,2024,Action|Crime|Thriller,866398,movie,Emmy Raver-Lampman,2026050,1,,,Agent Verona Parker,,,,,2,lead,,,
The Beekeeper,2024,2024,Action|Crime|Thriller,866398,movie,Josh Hutcherson,27972,2,,,Derek Danforth,,,,,3,lead,,,
The Beekeeper,2024,2024,Action|Crime|Thriller,866398,movie,Jeremy Irons,16940,2,,,Wallace Westwyld,,,,,4,supporting,,,
The Beekeeper,2024,2024,Action|Crime|Thriller,866398,movie,Bobby Naderi,1375501,2,,,Agent Matt Wiley,,,,,5,supporting,,,
The Beekeeper,2024,2024,Action|Crime|Thriller,866398,movie,David Witts,1227776,2,,,Mickey Garnett,,,,,6,supporting,,,
The Beekeeper,2024,2024,Action|Crime|Thriller,866398,movie,Michael Epp,1338019,2,,,Pettis,,,,,7,supporting,,,
The Beekeeper,2024,2024,Action|Crime|Thriller,866398,movie,Taylor James,1497913,2,,,Lazarus,,,,,8,supporting,,,
The Beekeeper,2024,2024,Action|Crime|Thriller,866398,movie,Phylicia Rashād,119598,1,,,Eloise Parker,,,,,9,supporting,,,
The Beekeeper,2024,2024,Action|Crime|Thriller,866398,movie,Jemma Redgrave,80145,1,,,President Danforth,,,,,10,supporting,,,
The Beekeeper,2024,2024,Action|Crime|Thriller,866398,movie,Minnie Driver,6613,1,,,Director Janet Harward,,,,,11,minor,,,
The Beekeeper,2024,2024,Action|Crime|Thriller,866398,movie,Don Gilet,1225318,2,,,Deputy Director Prigg,,,,,12,minor,,,
The Beekeeper,2024,2024,Action|Crime|Thriller,866398,movie,Sophia Feliciano,3424753,1,,,Kelly Krane,,,,,13,minor,,,
The Beekeeper,2024,2024,Action|Crime|Thriller,866398,movie,Enzo Cilenti,91494,2,,,Rico Anzalone,,,,,14,minor,,,
The Beekeeper,2024,2024,Action|Crime|Thriller,866398,movie,Megan Le,1511170,1,,,Anisette,,,,,15,minor,,,
The Beekeeper,2024,2024,Action|Crime|Thriller,866398,movie,Dan Li,1766052,2,,,Agent Kim,,,,,16,minor,,,
The Beekeeper,2024,2024,Action|Crime|Thriller,866398,movie,Georgia Goodman,1561310,1,,,Detective Marquez,,,,,17,minor,,,
The Beekeeper,2024,2024,Action|Crime|Thriller,866398,movie,Derek Siow,1647129,2,,,Detective Chen,,,,,18,minor,,,
The Beekeeper,2024,2024,Action|Crime|Thriller,866398,movie,Jay Rincon,2651811,2,,,AIC Bojorquez,,,,,19,minor,,,
The Beekeeper,2024,2024,Action|Crime|Thriller,866398,movie,Kojo Attah,3933515,2,,,Second-in-Charge Harris,,,,,20,minor,,,
Forbidden Fruits,2026,2026,Horror|Comedy,1450527,movie,Lili Reinhart,1136940,1,,,Apple,,,,,1,lead,,,
Forbidden Fruits,2026,2026,Horror|Comedy,1450527,movie,Lola Tung,3499255,1,,,Pumpkin,,,,,2,lead,,,
Forbidden Fruits,2026,2026,Horror|Comedy,1450527,movie,Victoria Pedretti,2117434,1,,,Cherry,,,,,3,lead,,,
Forbidden Fruits,2026,2026,Horror|Comedy,1450527,movie,Alexandra Shipp,1253199,1,,,Fig,,,,,4,supporting,,,
Forbidden Fruits,2026,2026,Horror|Comedy,1450527,movie,Emma Chamberlain,2741137,1,,,Pickle,,,,,5,supporting,,,
Forbidden Fruits,2026,2026,Horror|Comedy,1450527,movie,Gabrielle Union,17773,1,,,Sharon,,,,,6,supporting,,,
Forbidden Fruits,2026,2026,Horror|Comedy,1450527,movie,Hailey Summer,3254841,0,,,Arizona Latte Barista,,,,,7,supporting,,,
Forbidden Fruits,2026,2026,Horror|Comedy,1450527,movie,Jordan Duarte,1831598,2,,,Texas Dad,,,,,8,supporting,,,
Forbidden Fruits,2026,2026,Horror|Comedy,1450527,movie,David Pinard,2446074,2,,,Cookie Shop Guy,,,,,9,supporting,,,
Forbidden Fruits,2026,2026,Horror|Comedy,1450527,movie,R Austin Ball,3701921,2,,,Johnny Montgomery,,,,,10,supporting,,,
Forbidden Fruits,2026,2026,Horror|Comedy,1450527,movie,Charlie Larsen,5073542,0,,,Ashton,,,,,11,minor,,,
Forbidden Fruits,2026,2026,Horror|Comedy,1450527,movie,Siddharth Sharma,2116900,2,,,Norman,,,,,12,minor,,,
Forbidden Fruits,2026,2026,Horror|Comedy,1450527,movie,Jeff Sinasac,1104715,2,,,Diner,,,,,13,minor,,,
Forbidden Fruits,2026,2026,Horror|Comedy,1450527,movie,Kwaku Adu-Poku,3374653,0,,,Cop #1,,,,,14,minor,,,
Forbidden Fruits,2026,2026,Horror|Comedy,1450527,movie,Devery Jacobs,1197101,1,,,Bluebonnet,,,,,15,minor,,,
Forbidden Fruits,2026,2026,Horror|Comedy,1450527,movie,Zack Thompson,4602444,0,,,Fries Boy,,,,,16,minor,,,
Forbidden Fruits,2026,2026,Horror|Comedy,1450527,movie,Jacqueline Byers,1400939,1,,,Momfluencer,,,,,17,minor,,,
Forbidden Fruits,2026,2026,Horror|Comedy,1450527,movie,Harrison Byers,6102814,0,,,Momfluencer's Son,,,,,18,minor,,,
Forbidden Fruits,2026,2026,Horror|Comedy,1450527,movie,Caroline Vartanian,6061271,0,,,Susan Alexandra Employee,,,,,19,minor,,,
Forbidden Fruits,2026,2026,Horror|Comedy,1450527,movie,Aidan Almanza,6102815,0,,,Daine's Employee,,,,,20,minor,,,
Titanic,1997,1997,Drama|Romance,597,movie,Leonardo DiCaprio,6193,2,,,Jack Dawson,,,,,1,lead,,,
Titanic,1997,1997,Drama|Romance,597,movie,Kate Winslet,204,1,,,Rose DeWitt Bukater,,,,,2,lead,,,
Titanic,1997,1997,Drama|Romance,597,movie,Billy Zane,1954,2,,,Cal Hockley,,,,,3,lead,,,
Titanic,1997,1997,Drama|Romance,597,movie,Kathy Bates,8534,1,,,Molly Brown,,,,,4,supporting,,,
Titanic,1997,1997,Drama|Romance,597,movie,Frances Fisher,3713,1,,,Ruth DeWitt Bukater,,,,,5,supporting,,,
Titanic,1997,1997,Drama|Romance,597,movie,Gloria Stuart,8535,1,,,Old Rose,,,,,6,supporting,,,
Titanic,1997,1997,Drama|Romance,597,movie,Bill Paxton,2053,2,,,Brock Lovett,,,,,7,supporting,,,
Titanic,1997,1997,Drama|Romance,597,movie,Bernard Hill,1369,2,,,Captain Smith,,,,,8,supporting,,,
Titanic,1997,1997,Drama|Romance,597,movie,David Warner,2076,2,,,Spicer Lovejoy,,,,,9,supporting,,,
Titanic,1997,1997,Drama|Romance,597,movie,Victor Garber,8536,2,,,Thomas Andrews,,,,,10,supporting,,,
Titanic,1997,1997,Drama|Romance,597,movie,Jonathan Hyde,8537,2,,,Bruce Ismay,,,,,11,minor,,,
Titanic,1997,1997,Drama|Romance,597,movie,Suzy Amis,2179,1,,,Lizzy Calvert,,,,,12,minor,,,
Titanic,1997,1997,Drama|Romance,597,movie,Lewis Abernathy,8538,2,,,Lewis Bodine,,,,,13,minor,,,
Titanic,1997,1997,Drama|Romance,597,movie,Nicholas Cascone,8539,2,,,Bobby Buell,,,,,14,minor,,,
Titanic,1997,1997,Drama|Romance,597,movie,Anatoly M. Sagalevitch,93215,2,,,Anatoly Milkailavich,,,,,15,minor,,,
Titanic,1997,1997,Drama|Romance,597,movie,Danny Nucci,8540,2,,,Fabrizio,,,,,16,minor,,,
Titanic,1997,1997,Drama|Romance,597,movie,Jason Barry,8541,2,,,Tommy Ryan,,,,,17,minor,,,
Titanic,1997,1997,Drama|Romance,597,movie,Ewan Stewart,3071,2,,,1st Officer Murdoch,,,,,18,minor,,,
Titanic,1997,1997,Drama|Romance,597,movie,Ioan Gruffudd,65524,2,,,Fifth Officer Lowe,,,,,19,minor,,,
Titanic,1997,1997,Drama|Romance,597,movie,Jonny Phillips,8547,2,,,2nd Officer Lightoller,,,,,20,minor,,,
Michael Jackson: Chase the Truth,2019,2019,Documentary,623983,movie,Matt Fiddes,2389682,0,,,Self,,,,,1,lead,,,
Michael Jackson: Chase the Truth,2019,2019,Documentary,623983,movie,Mark Lester,25638,2,,,Self,,,,,2,lead,,,
Michael Jackson: Chase the Truth,2019,2019,Documentary,623983,movie,Thomas Mesereau,2389686,0,,,Self (archive footage),,,,,3,lead,,,
Michael Jackson: Chase the Truth,2019,2019,Documentary,623983,movie,Dan Reed,74626,2,,,Self,,,,,4,supporting,,,
Michael Jackson: Chase the Truth,2019,2019,Documentary,623983,movie,Mike Smallcombe,2389689,0,,,Self,,,,,5,supporting,,,
Michael Jackson: Chase the Truth,2019,2019,Documentary,623983,movie,Susan Yu,2389690,0,,,Self (archive footage),,,,,6,supporting,,,
Michael Jackson: Chase the Truth,2019,2019,Documentary,623983,movie,Janet Jackson,54421,1,,,Self (archive footage),,,,,7,supporting,,,
The Green Mile,1999,1999,Fantasy|Drama|Crime,497,movie,Tom Hanks,31,2,,,Paul Edgecomb,,,,,1,lead,,,
The Green Mile,1999,1999,Fantasy|Drama|Crime,497,movie,David Morse,52,2,,,Brutus 'Brutal' Howell,,,,,2,lead,,,
The Green Mile,1999,1999,Fantasy|Drama|Crime,497,movie,Bonnie Hunt,5149,1,,,Jan Edgecomb,,,,,3,lead,,,
The Green Mile,1999,1999,Fantasy|Drama|Crime,497,movie,Michael Clarke Duncan,61981,2,,,John Coffey,,,,,4,supporting,,,
The Green Mile,1999,1999,Fantasy|Drama|Crime,497,movie,James Cromwell,2505,2,,,Warden Hal Moores,,,,,5,supporting,,,
The Green Mile,1999,1999,Fantasy|Drama|Crime,497,movie,Michael Jeter,2169,2,,,Eduard Delacroix,,,,,6,supporting,,,
The Green Mile,1999,1999,Fantasy|Drama|Crime,497,movie,Graham Greene,6804,2,,,Arlen Bitterbuck,,,,,7,supporting,,,
The Green Mile,1999,1999,Fantasy|Drama|Crime,497,movie,Doug Hutchison,6806,2,,,Percy Wetmore,,,,,8,supporting,,,
The Green Mile,1999,1999,Fantasy|Drama|Crime,497,movie,Sam Rockwell,6807,2,,,'Wild Bill' Wharton,,,,,9,supporting,,,
The Green Mile,1999,1999,Fantasy|Drama|Crime,497,movie,Barry Pepper,12834,2,,,Dean Stanton,,,,,10,supporting,,,
The Green Mile,1999,1999,Fantasy|Drama|Crime,497,movie,Jeffrey DeMunn,12645,2,,,Harry Terwilliger,,,,,11,minor,,,
The Green Mile,1999,1999,Fantasy|Drama|Crime,497,movie,Patricia Clarkson,1276,1,,,Melinda Moores,,,,,12,minor,,,
The Green Mile,1999,1999,Fantasy|Drama|Crime,497,movie,Harry Dean Stanton,5048,2,,,Toot-Toot,,,,,13,minor,,,
The Green Mile,1999,1999,Fantasy|Drama|Crime,497,movie,Dabbs Greer,6805,2,,,Old Paul Edgecomb,,,,,14,minor,,,
The Green Mile,1999,1999,Fantasy|Drama|Crime,497,movie,Eve Brent,128201,1,,,Elaine Connelly,,,,,15,minor,,,
The Green Mile,1999,1999,Fantasy|Drama|Crime,497,movie,William Sadler,6573,2,,,Klaus Detterick,,,,,16,minor,,,
The Green Mile,1999,1999,Fantasy|Drama|Crime,497,movie,Mack Miles,139992,2,,,Orderly Hector,,,,,17,minor,,,
The Green Mile,1999,1999,Fantasy|Drama|Crime,497,movie,Rai Tasco,1502939,2,,,Man in Nursing Home,,,,,18,minor,,,
The Green Mile,1999,1999,Fantasy|Drama|Crime,497,movie,Edrie Warner,2522726,0,,,Lady in Nursing Home,,,,,19,minor,,,
The Green Mile,1999,1999,Fantasy|Drama|Crime,497,movie,Paula Malcomson,47533,1,,,Marjorie Detterick,,,,,20,minor,,,
Inside Out 2,2024,2024,Animation|Adventure|Comedy|Family,1022789,movie,Amy Poehler,56322,1,,,Joy (voice),,,,,1,lead,,,
Inside Out 2,2024,2024,Animation|Adventure|Comedy|Family,1022789,movie,Maya Hawke,1903874,1,,,Anxiety (voice),,,,,2,lead,,,
Inside Out 2,2024,2024,Animation|Adventure|Comedy|Family,1022789,movie,Kensington Tallman,3020876,1,,,Riley (voice),,,,,3,lead,,,
Inside Out 2,2024,2024,Animation|Adventure|Comedy|Family,1022789,movie,Liza Lapira,51998,1,,,Disgust (voice),,,,,4,supporting,,,
Inside Out 2,2024,2024,Animation|Adventure|Comedy|Family,1022789,movie,Tony Hale,25147,2,,,Fear (voice),,,,,5,supporting,,,
Inside Out 2,2024,2024,Animation|Adventure|Comedy|Family,1022789,movie,Lewis Black,59258,2,,,Anger (voice),,,,,6,supporting,,,
Inside Out 2,2024,2024,Animation|Adventure|Comedy|Family,1022789,movie,Phyllis Smith,169200,1,,,Sadness (voice),,,,,7,supporting,,,
Inside Out 2,2024,2024,Animation|Adventure|Comedy|Family,1022789,movie,Ayo Edebiri,2195140,1,,,Envy (voice),,,,,8,supporting,,,
Inside Out 2,2024,2024,Animation|Adventure|Comedy|Family,1022789,movie,Lilimar,1469135,1,,,Valentina (voice),,,,,9,supporting,,,
Inside Out 2,2024,2024,Animation|Adventure|Comedy|Family,1022789,movie,Grace Lu,3264370,1,,,Grace (voice),,,,,10,supporting,,,
Inside Out 2,2024,2024,Animation|Adventure|Comedy|Family,1022789,movie,Sumayyah Nuriddin-Green,4578518,1,,,Bree (voice),,,,,11,minor,,,
Inside Out 2,2024,2024,Animation|Adventure|Comedy|Family,1022789,movie,Adèle Exarchopoulos,586757,1,,,Ennui (voice),,,,,12,minor,,,
Inside Out 2,2024,2024,Animation|Adventure|Comedy|Family,1022789,movie,Diane Lane,2882,1,,,Mom (voice),,,,,13,minor,,,
Inside Out 2,2024,2024,Animation|Adventure|Comedy|Family,1022789,movie,Kyle MacLachlan,6677,2,,,Dad (voice),,,,,14,minor,,,
Inside Out 2,2024,2024,Animation|Adventure|Comedy|Family,1022789,movie,Paul Walter Hauser,1294982,2,,,Embarrassment (voice),,,,,15,minor,,,
Inside Out 2,2024,2024,Animation|Adventure|Comedy|Family,1022789,movie,Yvette Nicole Brown,111513,1,,,Coach Roberts (voice),,,,,16,minor,,,
Inside Out 2,2024,2024,Animation|Adventure|Comedy|Family,1022789,movie,Ron Funches,1260038,2,,,Bloofy (voice),,,,,17,minor,,,
Inside Out 2,2024,2024,Animation|Adventure|Comedy|Family,1022789,movie,James Austin Johnson,1756597,2,,,Pouchy (voice),,,,,18,minor,,,
Inside Out 2,2024,2024,Animation|Adventure|Comedy|Family,1022789,movie,Yong Yea,3602293,2,,,Lance Slashblade (voice),,,,,19,minor,,,
Inside Out 2,2024,2024,Animation|Adventure|Comedy|Family,1022789,movie,Steve Purcell,137262,2,,,Deep Dark Secret (voice),,,,,20,minor,,,
The Lord of the Rings: The Fellowship of the Ring,2001,2001,Adventure|Fantasy|Action,120,movie,Elijah Wood,109,2,,,Frodo,,,,,1,lead,,,
The Lord of the Rings: The Fellowship of the Ring,2001,2001,Adventure|Fantasy|Action,120,movie,Ian McKellen,1327,2,,,Gandalf,,,,,2,lead,,,
The Lord of the Rings: The Fellowship of the Ring,2001,2001,Adventure|Fantasy|Action,120,movie,Viggo Mortensen,110,2,,,Aragorn,,,,,3,lead,,,
The Lord of the Rings: The Fellowship of the Ring,2001,2001,Adventure|Fantasy|Action,120,movie,Sean Astin,1328,2,,,Sam,,,,,4,supporting,,,
The Lord of the Rings: The Fellowship of the Ring,2001,2001,Adventure|Fantasy|Action,120,movie,Ian Holm,65,2,,,Bilbo,,,,,5,supporting,,,
The Lord of the Rings: The Fellowship of the Ring,2001,2001,Adventure|Fantasy|Action,120,movie,Liv Tyler,882,1,,,Arwen,,,,,6,supporting,,,
The Lord of the Rings: The Fellowship of the Ring,2001,2001,Adventure|Fantasy|Action,120,movie,Christopher Lee,113,2,,,Saruman,,,,,7,supporting,,,
The Lord of the Rings: The Fellowship of the Ring,2001,2001,Adventure|Fantasy|Action,120,movie,Sean Bean,48,2,,,Boromir,,,,,8,supporting,,,
The Lord of the Rings: The Fellowship of the Ring,2001,2001,Adventure|Fantasy|Action,120,movie,Billy Boyd,1329,2,,,Pippin,,,,,9,supporting,,,
The Lord of the Rings: The Fellowship of the Ring,2001,2001,Adventure|Fantasy|Action,120,movie,Dominic Monaghan,1330,2,,,Merry,,,,,10,supporting,,,
The Lord of the Rings: The Fellowship of the Ring,2001,2001,Adventure|Fantasy|Action,120,movie,John Rhys-Davies,655,2,,,Gimli,,,,,11,minor,,,
The Lord of the Rings: The Fellowship of the Ring,2001,2001,Adventure|Fantasy|Action,120,movie,Orlando Bloom,114,2,,,Legolas,,,,,12,minor,,,
The Lord of the Rings: The Fellowship of the Ring,2001,2001,Adventure|Fantasy|Action,120,movie,Cate Blanchett,112,1,,,Galadriel,,,,,13,minor,,,
The Lord of the Rings: The Fellowship of the Ring,2001,2001,Adventure|Fantasy|Action,120,movie,Hugo Weaving,1331,2,,,Elrond,,,,,14,minor,,,
The Lord of the Rings: The Fellowship of the Ring,2001,2001,Adventure|Fantasy|Action,120,movie,Andy Serkis,1333,2,,,Gollum,,,,,15,minor,,,
The Lord of the Rings: The Fellowship of the Ring,2001,2001,Adventure|Fantasy|Action,120,movie,Marton Csokas,20982,2,,,Celeborn,,,,,16,minor,,,
The Lord of the Rings: The Fellowship of the Ring,2001,2001,Adventure|Fantasy|Action,120,movie,Craig Parker,1332,2,,,Haldir,,,,,17,minor,,,
The Lord of the Rings: The Fellowship of the Ring,2001,2001,Adventure|Fantasy|Action,120,movie,Lawrence Makoare,1365,2,,,Lurtz,,,,,18,minor,,,
The Lord of the Rings: The Fellowship of the Ring,2001,2001,Adventure|Fantasy|Action,120,movie,Brent McIntyre,1590835,2,,,Witch-King,,,,,19,minor,,,
The Lord of the Rings: The Fellowship of the Ring,2001,2001,Adventure|Fantasy|Action,120,movie,Sala Baker,1366,2,,,Sauron,,,,,20,minor,,,
David,2025,2025,Animation|Drama|Family|History,1167307,movie,Brandon Engman,2507851,2,,,Young David (voice),,,,,1,lead,,,
David,2025,2025,Animation|Drama|Family|History,1167307,movie,Brian Stivale,1822256,0,,,Samuel (voice),,,,,2,lead,,,
David,2025,2025,Animation|Drama|Family|History,1167307,movie,Shahar Taboch,2805492,2,,,Ozem (voice),,,,,3,lead,,,
David,2025,2025,Animation|Drama|Family|History,1167307,movie,Aaron Tavaler,1677363,0,,,Nethanel (voice),,,,,4,supporting,,,
David,2025,2025,Animation|Drama|Family|History,1167307,movie,Hector,5981973,0,,,Jesse (voice),,,,,5,supporting,,,
David,2025,2025,Animation|Drama|Family|History,1167307,movie,Miri Mesika,1259893,1,,,Nitzevet (voice),,,,,6,supporting,,,
David,2025,2025,Animation|Drama|Family|History,1167307,movie,Jack Wagman,4271307,0,,,Abinadab (voice),,,,,7,supporting,,,
David,2025,2025,Animation|Drama|Family|History,1167307,movie,Jonathan Shaboo,5981987,0,,,Eliab (voice),,,,,8,supporting,,,
David,2025,2025,Animation|Drama|Family|History,1167307,movie,Sloan Lucas Muldown,5705674,0,,,Young Zeruiah (voice),,,,,9,supporting,,,
David,2025,2025,Animation|Drama|Family|History,1167307,movie,Mike Ciporkin,3732705,0,,,Scout (voice),,,,,10,supporting,,,
David,2025,2025,Animation|Drama|Family|History,1167307,movie,Katie Bernstein,4770237,1,,,Ahinoam (voice),,,,,11,minor,,,
David,2025,2025,Animation|Drama|Family|History,1167307,movie,Lauren Daigle,2384065,1,,,Rebecca (voice),,,,,12,minor,,,
David,2025,2025,Animation|Drama|Family|History,1167307,movie,Mark Jacobson,4364574,0,,,Jonathan (voice),,,,,13,minor,,,
David,2025,2025,Animation|Drama|Family|History,1167307,movie,Nitzan Sitzer,4249465,0,,,Short Scribe,,,,,14,minor,,,
David,2025,2025,Animation|Drama|Family|History,1167307,movie,Adam Meir,104477,0,,,Tall Scribe,,,,,15,minor,,,
David,2025,2025,Animation|Drama|Family|History,1167307,movie,Adam Michael Gold,1963275,2,,,Saul (voice),,,,,16,minor,,,
David,2025,2025,Animation|Drama|Family|History,1167307,movie,Asim Chaudhry,1502438,2,,,King Achish (voice),,,,,17,minor,,,
David,2025,2025,Animation|Drama|Family|History,1167307,movie,Kamran Nikhad,3336156,2,,,Goliath (voice),,,,,18,minor,,,
David,2025,2025,Animation|Drama|Family|History,1167307,movie,Phil Wickham,3328683,2,,,Adult David (voice),,,,,19,minor,,,
David,2025,2025,Animation|Drama|Family|History,1167307,movie,David Rosenberg,3192875,0,,,Doeg (voice),,,,,20,minor,,,
The Sum of All Fears,2002,2002,Thriller|Action|Drama,4614,movie,Ben Affleck,880,2,,,Jack Ryan,,,,,1,lead,,,
The Sum of All Fears,2002,2002,Thriller|Action|Drama,4614,movie,Morgan Freeman,192,2,,,DCI William Cabot,,,,,2,lead,,,
The Sum of All Fears,2002,2002,Thriller|Action|Drama,4614,movie,James Cromwell,2505,2,,,President Fowler,,,,,3,lead,,,
The Sum of All Fears,2002,2002,Thriller|Action|Drama,4614,movie,Liev Schreiber,23626,2,,,John Clark,,,,,4,supporting,,,
The Sum of All Fears,2002,2002,Thriller|Action|Drama,4614,movie,Bridget Moynahan,18354,1,,,Dr. Cathy Muller,,,,,5,supporting,,,
The Sum of All Fears,2002,2002,Thriller|Action|Drama,4614,movie,Alan Bates,27554,2,,,Dressler,,,,,6,supporting,,,
The Sum of All Fears,2002,2002,Thriller|Action|Drama,4614,movie,Ciarán Hinds,8785,2,,,President Nemerov,,,,,7,supporting,,,
The Sum of All Fears,2002,2002,Thriller|Action|Drama,4614,movie,Philip Baker Hall,4492,2,,,Defense Secretary Becker,,,,,8,supporting,,,
The Sum of All Fears,2002,2002,Thriller|Action|Drama,4614,movie,Ron Rifkin,12122,2,,,Secretary of State Owens,,,,,9,supporting,,,
The Sum of All Fears,2002,2002,Thriller|Action|Drama,4614,movie,Bruce McGill,14888,2,,,National Security Advisor Revell,,,,,10,supporting,,,
The Sum of All Fears,2002,2002,Thriller|Action|Drama,4614,movie,Colm Feore,10132,2,,,Olson,,,,,11,minor,,,
The Sum of All Fears,2002,2002,Thriller|Action|Drama,4614,movie,Josef Sommer,14792,2,,,Senator Jessup,,,,,12,minor,,,
The Sum of All Fears,2002,2002,Thriller|Action|Drama,4614,movie,Ken Jenkins,38570,2,,,Admiral Pollack,,,,,13,minor,,,
The Sum of All Fears,2002,2002,Thriller|Action|Drama,4614,movie,Michael Byrne,742,2,,,Anatoli Grushkov,,,,,14,minor,,,
The Sum of All Fears,2002,2002,Thriller|Action|Drama,4614,movie,John Beasley,38571,2,,,General Lasseter,,,,,15,minor,,,
The Sum of All Fears,2002,2002,Thriller|Action|Drama,4614,movie,Jamie Harrold,86919,2,,,Dillon,,,,,16,minor,,,
The Sum of All Fears,2002,2002,Thriller|Action|Drama,4614,movie,Ian Mongrain,2147662,0,,,Syrian Radar Operator,,,,,17,minor,,,
The Sum of All Fears,2002,2002,Thriller|Action|Drama,4614,movie,Russell Bobbitt,1004624,2,,,Israeli Pilot,,,,,18,minor,,,
The Sum of All Fears,2002,2002,Thriller|Action|Drama,4614,movie,Al Vandecruys,1673119,2,,,US STRATCOM Colonel,,,,,19,minor,,,
The Sum of All Fears,2002,2002,Thriller|Action|Drama,4614,movie,Richard Cohee,1888286,0,,,Mt. Weather General,,,,,20,minor,,,
Fight Club,1999,1999,Drama|Thriller,550,movie,Edward Norton,819,2,,,Narrator,,,,,1,lead,,,
Fight Club,1999,1999,Drama|Thriller,550,movie,Brad Pitt,287,2,,,Tyler Durden,,,,,2,lead,,,
Fight Club,1999,1999,Drama|Thriller,550,movie,Helena Bonham Carter,1283,1,,,Marla Singer,,,,,3,lead,,,
Fight Club,1999,1999,Drama|Thriller,550,movie,Meat Loaf,7470,2,,,Robert Paulson,,,,,4,supporting,,,
Fight Club,1999,1999,Drama|Thriller,550,movie,Jared Leto,7499,2,,,Angel Face,,,,,5,supporting,,,
Fight Club,1999,1999,Drama|Thriller,550,movie,Zach Grenier,7471,2,,,Richard Chesler (Regional Manager),,,,,6,supporting,,,
Fight Club,1999,1999,Drama|Thriller,550,movie,Holt McCallany,7497,2,,,The Mechanic,,,,,7,supporting,,,
Fight Club,1999,1999,Drama|Thriller,550,movie,Eion Bailey,7498,2,,,Ricky,,,,,8,supporting,,,
Fight Club,1999,1999,Drama|Thriller,550,movie,Richmond Arquette,7472,2,,,Intern at Hospital,,,,,9,supporting,,,
Fight Club,1999,1999,Drama|Thriller,550,movie,David Andrews,7219,2,,,Thomas at Remaining Men Together,,,,,10,supporting,,,
Fight Club,1999,1999,Drama|Thriller,550,movie,George Maguire,1129738,2,,,Group Leader at Remaining Men Together,,,,,11,minor,,,
Fight Club,1999,1999,Drama|Thriller,550,movie,Eugenie Bondurant,1317693,1,,,Weeping Woman - Onward and Upward,,,,,12,minor,,,
Fight Club,1999,1999,Drama|Thriller,550,movie,Christina Cabot,68277,1,,,Group Leader - Partners in Positivity,,,,,13,minor,,,
Fight Club,1999,1999,Drama|Thriller,550,movie,Sydney 'Big Dawg' Colston,202080,2,,,Speaker - Free and Clear,,,,,14,minor,,,
Fight Club,1999,1999,Drama|Thriller,550,movie,Rachel Singer,7473,1,,,Chloe,,,,,15,minor,,,
Fight Club,1999,1999,Drama|Thriller,550,movie,Christie Cronenweth,1172435,1,,,Airline Check-In Attendant,,,,,16,minor,,,
Fight Club,1999,1999,Drama|Thriller,550,movie,Tim DeZarn,956719,2,,,Federated Motor Co. - Inspector Bird,,,,,17,minor,,,
Fight Club,1999,1999,Drama|Thriller,550,movie,Ezra Buzzington,59285,2,,,Federated Motor Co. - Inspector Dent,,,,,18,minor,,,
Fight Club,1999,1999,Drama|Thriller,550,movie,Dierdre Downing-Jackson,1705289,1,,,Business Woman on Plane,,,,,19,minor,,,
Fight Club,1999,1999,Drama|Thriller,550,movie,Bob Stephenson,17449,2,,,Airport Security Officer,,,,,20,minor,,,
Psycho Killer,2026,2026,Crime|Horror|Mystery,1107166,movie,Georgina Campbell,1335315,1,,,Jane Archer,,,,,1,lead,,,
Psycho Killer,2026,2026,Crime|Horror|Mystery,1107166,movie,James Preston Rogers,1084758,2,,,Psycho Killer,,,,,2,lead,,,
Psycho Killer,2026,2026,Crime|Horror|Mystery,1107166,movie,Malcolm McDowell,56890,2,,,Mr. Pendleton,,,,,3,lead,,,
Psycho Killer,2026,2026,Crime|Horror|Mystery,1107166,movie,Logan Miller,116088,2,,,Marvin,,,,,4,supporting,,,
Psycho Killer,2026,2026,Crime|Horror|Mystery,1107166,movie,Grace Dove,1554188,1,,,Agent Becky Collins,,,,,5,supporting,,,
Psycho Killer,2026,2026,Crime|Horror|Mystery,1107166,movie,Aaron Merke,1717122,2,,,Leonard Wilkes,,,,,6,supporting,,,
Psycho Killer,2026,2026,Crime|Horror|Mystery,1107166,movie,Joshua Banman,4655605,2,,,Motorist,,,,,7,supporting,,,
Psycho Killer,2026,2026,Crime|Horror|Mystery,1107166,movie,Cassandra Ebner,1281629,1,,,Motorist's Wife,,,,,8,supporting,,,
Psycho Killer,2026,2026,Crime|Horror|Mystery,1107166,movie,Darren Martens,2146582,2,,,Mitch-Three Mile Island Gate Guard,,,,,9,supporting,,,
Psycho Killer,2026,2026,Crime|Horror|Mystery,1107166,movie,Sydney Sabiston,2925864,1,,,Female Pharmacist,,,,,10,supporting,,,
Psycho Killer,2026,2026,Crime|Horror|Mystery,1107166,movie,Nigel Shawn Williams,1024628,2,,,Jane's Father,,,,,11,minor,,,
Psycho Killer,2026,2026,Crime|Horror|Mystery,1107166,movie,Terry Ray,1718106,2,,,Man 1 at Pendleton's,,,,,12,minor,,,
Psycho Killer,2026,2026,Crime|Horror|Mystery,1107166,movie,Coby Friesen,4208522,0,,,Man 2 at Pendleton's,,,,,13,minor,,,
Psycho Killer,2026,2026,Crime|Horror|Mystery,1107166,movie,Bailey Chin,5877519,0,,,Prostitute 1 at Pendleton's,,,,,14,minor,,,
Psycho Killer,2026,2026,Crime|Horror|Mystery,1107166,movie,Michelle Crossman,3291947,0,,,Prostitute 2 at Pendleton's,,,,,15,minor,,,
Psycho Killer,2026,2026,Crime|Horror|Mystery,1107166,movie,Rachel Sheen,1683953,1,,,Prostitute 3 at Pendleton's,,,,,16,minor,,,
Psycho Killer,2026,2026,Crime|Horror|Mystery,1107166,movie,Kevin McIntyre,2358343,2,,,Three Mile Island - Security Chief,,,,,17,minor,,,
Psycho Killer,2026,2026,Crime|Horror|Mystery,1107166,movie,Robert Nahum,2409951,2,,,Three Mile Island - Foreman,,,,,18,minor,,,
Psycho Killer,2026,2026,Crime|Horror|Mystery,1107166,movie,Yan Joseph,2484138,2,,,Three Mile Island - Supervisor,,,,,19,minor,,,
Psycho Killer,2026,2026,Crime|Horror|Mystery,1107166,movie,Brodie Sanderson,212015,0,,,Three Mile Island - Male Engineer,,,,,20,minor,,,
Hamnet,2025,2025,Drama|Romance|History,858024,movie,Jessie Buckley,1498158,1,,,Agnes,,,,,1,lead,,,
Hamnet,2025,2025,Drama|Romance|History,858024,movie,Paul Mescal,2326151,2,,,Will,,,,,2,lead,,,
Hamnet,2025,2025,Drama|Romance|History,858024,movie,Emily Watson,1639,1,,,Mary,,,,,3,lead,,,
Hamnet,2025,2025,Drama|Romance|History,858024,movie,Joe Alwyn,1496392,2,,,Bartholomew,,,,,4,supporting,,,
Hamnet,2025,2025,Drama|Romance|History,858024,movie,Jacobi Jupe,3115247,2,,,Hamnet,,,,,5,supporting,,,
Hamnet,2025,2025,Drama|Romance|History,858024,movie,Noah Jupe,1590759,2,,,Hamlet,,,,,6,supporting,,,
Hamnet,2025,2025,Drama|Romance|History,858024,movie,Olivia Lynes,4945576,1,,,Judith,,,,,7,supporting,,,
Hamnet,2025,2025,Drama|Romance|History,858024,movie,Justine Mitchell,207040,1,,,Joan,,,,,8,supporting,,,
Hamnet,2025,2025,Drama|Romance|History,858024,movie,David Wilmot,73287,2,,,John,,,,,9,supporting,,,
Hamnet,2025,2025,Drama|Romance|History,858024,movie,Louisa Harland,1723014,1,,,Rowan,,,,,10,supporting,,,
Hamnet,2025,2025,Drama|Romance|History,858024,movie,Freya Hannan-Mills,2500901,1,,,Eliza,,,,,11,minor,,,
Hamnet,2025,2025,Drama|Romance|History,858024,movie,Bodhi Rae Breathnach,4088089,1,,,Susanna,,,,,12,minor,,,
Hamnet,2025,2025,Drama|Romance|History,858024,movie,Zac Wishart,5293321,2,,,Joan's Boy 1,,,,,13,minor,,,
Hamnet,2025,2025,Drama|Romance|History,858024,movie,James Lintern,5681745,0,,,Joan's Boy 2,,,,,14,minor,,,
Hamnet,2025,2025,Drama|Romance|History,858024,movie,Eva Wishart,5293318,0,,,Joan's Girl 1,,,,,15,minor,,,
Hamnet,2025,2025,Drama|Romance|History,858024,movie,Effie Linnen,5719518,1,,,Joan's Girl 2,,,,,16,minor,,,
Hamnet,2025,2025,Drama|Romance|History,858024,movie,Dainton Anderson,2041194,2,,,Edmond,,,,,17,minor,,,
Hamnet,2025,2025,Drama|Romance|History,858024,movie,James Skinner,6000950,0,,,Gilbert,,,,,18,minor,,,
Hamnet,2025,2025,Drama|Romance|History,858024,movie,Elliot Baxter,2850899,0,,,Richard,,,,,19,minor,,,
Hamnet,2025,2025,Drama|Romance|History,858024,movie,Faith Delaney,4526195,1,,,Young Agnes,,,,,20,minor,,,
Star Wars: The Mandalorian and Grogu,2026,2026,Action|Adventure|Science Fiction,1228710,movie,Pedro Pascal,1253360,2,,,Din Djarin / The Mandalorian,,,,,1,lead,,,
Star Wars: The Mandalorian and Grogu,2026,2026,Action|Adventure|Science Fiction,1228710,movie,Jeremy Allen White,206905,2,,,Rotta the Hutt (voice),,,,,2,lead,,,
Star Wars: The Mandalorian and Grogu,2026,2026,Action|Adventure|Science Fiction,1228710,movie,Sigourney Weaver,10205,1,,,Colonel Ward,,,,,3,lead,,,
Star Wars: The Mandalorian and Grogu,2026,2026,Action|Adventure|Science Fiction,1228710,movie,Jonny Coyne,1323612,2,,,Lord Janu,,,,,4,supporting,,,
Star Wars: The Mandalorian and Grogu,2026,2026,Action|Adventure|Science Fiction,1228710,movie,Dave Filoni,71538,2,,,Trapper Wolf / Embo,,,,,5,supporting,,,
Star Wars: The Mandalorian and Grogu,2026,2026,Action|Adventure|Science Fiction,1228710,movie,Steve Blum,571562,2,,,Zeb Orrelios (voice),,,,,6,supporting,,,
Star Wars: The Mandalorian and Grogu,2026,2026,Action|Adventure|Science Fiction,1228710,movie,Martin Scorsese,1032,2,,,Hugo (voice),,,,,7,supporting,,,
Star Wars: The Mandalorian and Grogu,2026,2026,Action|Adventure|Science Fiction,1228710,movie,Hemky Madera,164208,2,,,Imperial Warlord,,,,,8,supporting,,,
Star Wars: The Mandalorian and Grogu,2026,2026,Action|Adventure|Science Fiction,1228710,movie,Paul Sun-Hyung Lee,178068,2,,,Carson Teva,,,,,9,supporting,,,
Star Wars: The Mandalorian and Grogu,2026,2026,Action|Adventure|Science Fiction,1228710,movie,Matthew Willig,92617,2,,,Hogsbreth,,,,,10,supporting,,,
The Drama,2026,2026,Romance|Comedy|Drama,1325734,movie,Zendaya,505710,1,,,Emma Harwood,,,,,1,lead,,,
The Drama,2026,2026,Romance|Comedy|Drama,1325734,movie,Robert Pattinson,11288,2,,,Charlie Thompson,,,,,2,lead,,,
The Drama,2026,2026,Romance|Comedy|Drama,1325734,movie,Mamoudou Athie,1639848,2,,,Mike,,,,,3,lead,,,
The Drama,2026,2026,Romance|Comedy|Drama,1325734,movie,Alana Haim,1741367,1,,,Rachel,,,,,4,supporting,,,
The Drama,2026,2026,Romance|Comedy|Drama,1325734,movie,Jordyn Curet,2482808,1,,,Young Emma,,,,,5,supporting,,,
The Drama,2026,2026,Romance|Comedy|Drama,1325734,movie,Hailey Benton Gates,1599899,1,,,Misha,,,,,6,supporting,,,
The Drama,2026,2026,Romance|Comedy|Drama,1325734,movie,Michael Abbott Jr.,71889,2,,,Blake,,,,,7,supporting,,,
The Drama,2026,2026,Romance|Comedy|Drama,1325734,movie,Hannah Gross,1049916,1,,,Alice,,,,,8,supporting,,,
The Drama,2026,2026,Romance|Comedy|Drama,1325734,movie,Sydney Lemmon,1303156,1,,,Pauline,,,,,9,supporting,,,
The Drama,2026,2026,Romance|Comedy|Drama,1325734,movie,Zoë Winters,209063,1,,,Frances,,,,,10,supporting,,,
The Drama,2026,2026,Romance|Comedy|Drama,1325734,movie,Anna Baryshnikov,1724137,1,,,Sam,,,,,11,minor,,,
The Drama,2026,2026,Romance|Comedy|Drama,1325734,movie,Dee Nelson,1223770,1,,,Jill,,,,,12,minor,,,
The Drama,2026,2026,Romance|Comedy|Drama,1325734,movie,Damon Gupton,53454,2,,,Roger Harwood,,,,,13,minor,,,
The Drama,2026,2026,Romance|Comedy|Drama,1325734,movie,Ken Cheeseman,164004,2,,,Alan,,,,,14,minor,,,
The Drama,2026,2026,Romance|Comedy|Drama,1325734,movie,Celia Rowlson-Hall,1290029,1,,,Dance Instructor,,,,,15,minor,,,
The Drama,2026,2026,Romance|Comedy|Drama,1325734,movie,Doria Bramante,2437923,1,,,Imogene,,,,,16,minor,,,
The Drama,2026,2026,Romance|Comedy|Drama,1325734,movie,Jordan Raf,2402463,2,,,Carson,,,,,17,minor,,,
The Drama,2026,2026,Romance|Comedy|Drama,1325734,movie,Jeremy Levick,3497361,2,,,Ivan,,,,,18,minor,,,
The Drama,2026,2026,Romance|Comedy|Drama,1325734,movie,Sam Zimman,2391582,0,,,Florist,,,,,19,minor,,,
The Drama,2026,2026,Romance|Comedy|Drama,1325734,movie,Greer Cohen,4185685,1,,,Grace,,,,,20,minor,,,
Star Wars: The Last Jedi,2017,2017,Adventure|Action|Science Fiction,181808,movie,Mark Hamill,2,2,,,Luke Skywalker / Dobbu Scay (voice),,,,,1,lead,,,
Star Wars: The Last Jedi,2017,2017,Adventure|Action|Science Fiction,181808,movie,Carrie Fisher,4,1,,,Leia Organa,,,,,2,lead,,,
Star Wars: The Last Jedi,2017,2017,Adventure|Action|Science Fiction,181808,movie,Adam Driver,1023139,2,,,Kylo Ren,,,,,3,lead,,,
Star Wars: The Last Jedi,2017,2017,Adventure|Action|Science Fiction,181808,movie,Daisy Ridley,1315036,1,,,Rey,,,,,4,supporting,,,
Star Wars: The Last Jedi,2017,2017,Adventure|Action|Science Fiction,181808,movie,John Boyega,236695,2,,,Finn,,,,,5,supporting,,,
Star Wars: The Last Jedi,2017,2017,Adventure|Action|Science Fiction,181808,movie,Oscar Isaac,25072,2,,,Poe Dameron,,,,,6,supporting,,,
Star Wars: The Last Jedi,2017,2017,Adventure|Action|Science Fiction,181808,movie,Andy Serkis,1333,2,,,Snoke,,,,,7,supporting,,,
Star Wars: The Last Jedi,2017,2017,Adventure|Action|Science Fiction,181808,movie,Lupita Nyong'o,1267329,1,,,Maz Kanata,,,,,8,supporting,,,
Star Wars: The Last Jedi,2017,2017,Adventure|Action|Science Fiction,181808,movie,Domhnall Gleeson,93210,2,,,General Hux,,,,,9,supporting,,,
Star Wars: The Last Jedi,2017,2017,Adventure|Action|Science Fiction,181808,movie,Anthony Daniels,6,2,,,C-3PO,,,,,10,supporting,,,
Star Wars: The Last Jedi,2017,2017,Adventure|Action|Science Fiction,181808,movie,Gwendoline Christie,1011904,1,,,Captain Phasma,,,,,11,minor,,,
Star Wars: The Last Jedi,2017,2017,Adventure|Action|Science Fiction,181808,movie,Kelly Marie Tran,1663195,1,,,Rose Tico,,,,,12,minor,,,
Star Wars: The Last Jedi,2017,2017,Adventure|Action|Science Fiction,181808,movie,Laura Dern,4784,1,,,Vice Admiral Holdo,,,,,13,minor,,,
Star Wars: The Last Jedi,2017,2017,Adventure|Action|Science Fiction,181808,movie,Benicio del Toro,1121,2,,,DJ,,,,,14,minor,,,
Star Wars: The Last Jedi,2017,2017,Adventure|Action|Science Fiction,181808,movie,Frank Oz,7908,2,,,Yoda (voice),,,,,15,minor,,,
Star Wars: The Last Jedi,2017,2017,Adventure|Action|Science Fiction,181808,movie,Billie Lourd,1399531,1,,,Lieutenant Connix,,,,,16,minor,,,
Star Wars: The Last Jedi,2017,2017,Adventure|Action|Science Fiction,181808,movie,Joonas Suotamo,1709041,2,,,Chewbacca,,,,,17,minor,,,
Star Wars: The Last Jedi,2017,2017,Adventure|Action|Science Fiction,181808,movie,Amanda Lawrence,990064,1,,,Commander D'Acy,,,,,18,minor,,,
Star Wars: The Last Jedi,2017,2017,Adventure|Action|Science Fiction,181808,movie,Jimmy Vee,1214513,2,,,R2-D2,,,,,19,minor,,,
Star Wars: The Last Jedi,2017,2017,Adventure|Action|Science Fiction,181808,movie,Brian Herring,1329041,2,,,BB-8,,,,,20,minor,,,
Captain Kate,1911,1911,Drama,419858,movie,Kathlyn Williams,1064961,1,,,Captain Kate,,,,,1,lead,,,
Captain Kate,1911,1911,Drama,419858,movie,Charles Clary,98020,2,,,Clancy,,,,,2,lead,,,
Captain Kate,1911,1911,Drama,419858,movie,Frank Weed,1386377,2,,,John Howell,,,,,3,lead,,,
Captain Kate,1911,1911,Drama,419858,movie,Frank Smith,1541517,2,,,Desmond,,,,,4,supporting,,,
Captain Kate,1911,1911,Drama,419858,movie,Tom Mix,1052155,2,,,Loyal Native,,,,,5,supporting,,,
Captain Kate,1911,1911,Drama,419858,movie,Tom Anderson,1690593,0,,,Ali Ben,,,,,6,supporting,,,
Captain Kate,1911,1911,Drama,419858,movie,Tom Anderson,1690594,0,,,Ali Ben,,,,,7,supporting,,,
Avatar,2009,2009,Science Fiction|Action|Adventure,19995,movie,Sam Worthington,65731,2,,,Jake Sully,,,,,1,lead,,,
Avatar,2009,2009,Science Fiction|Action|Adventure,19995,movie,Zoe Saldaña,8691,1,,,Neytiri,,,,,2,lead,,,
Avatar,2009,2009,Science Fiction|Action|Adventure,19995,movie,Sigourney Weaver,10205,1,,,Dr. Grace Augustine,,,,,3,lead,,,
Avatar,2009,2009,Science Fiction|Action|Adventure,19995,movie,Stephen Lang,32747,2,,,Colonel Miles Quaritch,,,,,4,supporting,,,
Avatar,2009,2009,Science Fiction|Action|Adventure,19995,movie,Michelle Rodriguez,17647,1,,,Trudy Chacon,,,,,5,supporting,,,
Avatar,2009,2009,Science Fiction|Action|Adventure,19995,movie,Giovanni Ribisi,1771,2,,,Parker Selfridge,,,,,6,supporting,,,
Avatar,2009,2009,Science Fiction|Action|Adventure,19995,movie,Joel David Moore,59231,2,,,Norm Spellman,,,,,7,supporting,,,
Avatar,2009,2009,Science Fiction|Action|Adventure,19995,movie,CCH Pounder,30485,1,,,Mo'at,,,,,8,supporting,,,
Avatar,2009,2009,Science Fiction|Action|Adventure,19995,movie,Wes Studi,15853,2,,,Eytukan,,,,,9,supporting,,,
Avatar,2009,2009,Science Fiction|Action|Adventure,19995,movie,Laz Alonso,10964,2,,,Tsu'Tey,,,,,10,supporting,,,
Avatar,2009,2009,Science Fiction|Action|Adventure,19995,movie,Dileep Rao,95697,2,,,Dr. Max Patel,,,,,11,minor,,,
Avatar,2009,2009,Science Fiction|Action|Adventure,19995,movie,Matt Gerald,98215,2,,,Corporal Lyle Wainfleet,,,,,12,minor,,,
Avatar,2009,2009,Science Fiction|Action|Adventure,19995,movie,Sean Anthony Moran,154153,2,,,Private Fike,,,,,13,minor,,,
Avatar,2009,2009,Science Fiction|Action|Adventure,19995,movie,Jason Whyte,397312,2,,,Cryo Vault Med Tech,,,,,14,minor,,,
Avatar,2009,2009,Science Fiction|Action|Adventure,19995,movie,Scott Lawrence,42317,2,,,Venture Star Crew Chief,,,,,15,minor,,,
Avatar,2009,2009,Science Fiction|Action|Adventure,19995,movie,Kelly Kilgour,986734,2,,,Lock Up Trooper,,,,,16,minor,,,
Avatar,2009,2009,Science Fiction|Action|Adventure,19995,movie,James Patrick Pitt,1207227,2,,,Shuttle Pilot,,,,,17,minor,,,
Avatar,2009,2009,Science Fiction|Action|Adventure,19995,movie,Sean Patrick Murphy,1180936,2,,,Shuttle Co-Pilot,,,,,18,minor,,,
Avatar,2009,2009,Science Fiction|Action|Adventure,19995,movie,Peter Dillon,1019578,2,,,Shuttle Crew Chief,,,,,19,minor,,,
Avatar,2009,2009,Science Fiction|Action|Adventure,19995,movie,Kevin Dorman,91443,2,,,Tractor Operator,,,,,20,minor,,,
Oppenheimer,2023,2023,Drama|History,872585,movie,Cillian Murphy,2037,2,,,J. Robert Oppenheimer,,,,,1,lead,,,
Oppenheimer,2023,2023,Drama|History,872585,movie,Emily Blunt,5081,1,,,Kitty Oppenheimer,,,,,2,lead,,,
Oppenheimer,2023,2023,Drama|History,872585,movie,Matt Damon,1892,2,,,Leslie Groves,,,,,3,lead,,,
Oppenheimer,2023,2023,Drama|History,872585,movie,Robert Downey Jr.,3223,2,,,Lewis Strauss,,,,,4,supporting,,,
Oppenheimer,2023,2023,Drama|History,872585,movie,Florence Pugh,1373737,1,,,Jean Tatlock,,,,,5,supporting,,,
Oppenheimer,2023,2023,Drama|History,872585,movie,Josh Hartnett,2299,2,,,Ernest Lawrence,,,,,6,supporting,,,
Oppenheimer,2023,2023,Drama|History,872585,movie,Casey Affleck,1893,2,,,Boris Pash,,,,,7,supporting,,,
Oppenheimer,2023,2023,Drama|History,872585,movie,Rami Malek,17838,2,,,David Hill,,,,,8,supporting,,,
Oppenheimer,2023,2023,Drama|History,872585,movie,Kenneth Branagh,11181,2,,,Niels Bohr,,,,,9,supporting,,,
Oppenheimer,2023,2023,Drama|History,872585,movie,Benny Safdie,227564,2,,,Edward Teller,,,,,10,supporting,,,
Oppenheimer,2023,2023,Drama|History,872585,movie,Jason Clarke,76512,2,,,Roger Robb,,,,,11,minor,,,
Oppenheimer,2023,2023,Drama|History,872585,movie,Dylan Arnold,1039523,2,,,Frank Oppenheimer,,,,,12,minor,,,
Oppenheimer,2023,2023,Drama|History,872585,movie,Tom Conti,71010,2,,,Albert Einstein,,,,,13,minor,,,
Oppenheimer,2023,2023,Drama|History,872585,movie,James D'Arcy,19655,2,,,Patrick Blackett,,,,,14,minor,,,
Oppenheimer,2023,2023,Drama|History,872585,movie,David Dastmalchian,83854,2,,,William Borden,,,,,15,minor,,,
Oppenheimer,2023,2023,Drama|History,872585,movie,Dane DeHaan,122889,2,,,Kenneth Nichols,,,,,16,minor,,,
Oppenheimer,2023,2023,Drama|History,872585,movie,Alden Ehrenreich,71375,2,,,Senate Aide,,,,,17,minor,,,
Oppenheimer,2023,2023,Drama|History,872585,movie,Tony Goldwyn,3417,2,,,Gordon Gray,,,,,18,minor,,,
Oppenheimer,2023,2023,Drama|History,872585,movie,Jefferson Hall,109322,2,,,Haakon Chevalier,,,,,19,minor,,,
Oppenheimer,2023,2023,Drama|History,872585,movie,David Krumholtz,38582,2,,,Isidor Rabi,,,,,20,minor,,,
The Yeti,2026,2026,Horror|Thriller,1418657,movie,Brittany Allen,943913,1,,,Ellie,,,,,1,lead,,,
The Yeti,2026,2026,Horror|Thriller,1418657,movie,Eric Nelsen,1362512,2,,,Merriell Sunday Jr.,,,,,2,lead,,,
The Yeti,2026,2026,Horror|Thriller,1418657,movie,Corbin Bernsen,21246,2,,,Merriell Sunday Sr.,,,,,3,lead,,,
The Yeti,2026,2026,Horror|Thriller,1418657,movie,William Sadler,6573,2,,,Hollis Bannister,,,,,4,supporting,,,
The Yeti,2026,2026,Horror|Thriller,1418657,movie,Heather Lind,1196536,1,,,Marianne,,,,,5,supporting,,,
The Yeti,2026,2026,Horror|Thriller,1418657,movie,Jim Cummings,1416383,2,,,Booker,,,,,6,supporting,,,
The Yeti,2026,2026,Horror|Thriller,1418657,movie,Christina Bennett Lind,1669782,1,,,Lamb,,,,,7,supporting,,,
The Yeti,2026,2026,Horror|Thriller,1418657,movie,Elizabeth Cappuccino,1617987,1,,,Parker,,,,,8,supporting,,,
The Yeti,2026,2026,Horror|Thriller,1418657,movie,Linc Hand,1336420,0,,,Coates,,,,,9,supporting,,,
The Yeti,2026,2026,Horror|Thriller,1418657,movie,Johnathan Brownlee,999832,0,,,Harold Pullen,,,,,10,supporting,,,
The Yeti,2026,2026,Horror|Thriller,1418657,movie,Gene Gallerano,1344609,2,,,Dynamite Dan,,,,,11,minor,,,
The Yeti,2026,2026,Horror|Thriller,1418657,movie,Gina D'Acciaro,2822268,0,,,Joanna Picker,,,,,12,minor,,,
The Yeti,2026,2026,Horror|Thriller,1418657,movie,Jeff Barry,1292643,2,,,Evans,,,,,13,minor,,,
The Yeti,2026,2026,Horror|Thriller,1418657,movie,Zach Franklin,2892440,2,,,Bennett,,,,,14,minor,,,
The Yeti,2026,2026,Horror|Thriller,1418657,movie,Jimmy Mehs,5318177,0,,,Lane,,,,,15,minor,,,
Air,2023,2023,Drama|History,964980,movie,Matt Damon,1892,2,,,Sonny Vaccaro,,,,,1,lead,,,
Air,2023,2023,Drama|History,964980,movie,Jason Bateman,23532,2,,,Rob Strasser,,,,,2,lead,,,
Air,2023,2023,Drama|History,964980,movie,Ben Affleck,880,2,,,Phil Knight,,,,,3,lead,,,
Air,2023,2023,Drama|History,964980,movie,Chris Messina,61659,2,,,David Falk,,,,,4,supporting,,,
Air,2023,2023,Drama|History,964980,movie,Viola Davis,19492,1,,,Deloris Jordan,,,,,5,supporting,,,
Air,2023,2023,Drama|History,964980,movie,Julius Tennon,156405,2,,,James Jordan,,,,,6,supporting,,,
Air,2023,2023,Drama|History,964980,movie,Damian Young,3968886,2,,,Michael Jordan,,,,,7,supporting,,,
Air,2023,2023,Drama|History,964980,movie,Chris Tucker,66,2,,,Howard White,,,,,8,supporting,,,
Air,2023,2023,Drama|History,964980,movie,Matthew Maher,1232599,2,,,Peter Moore,,,,,9,supporting,,,
Air,2023,2023,Drama|History,964980,movie,Gustaf Skarsgård,63764,2,,,Horst Dassler,,,,,10,supporting,,,
Air,2023,2023,Drama|History,964980,movie,Barbara Sukowa,23378,1,,,Kathy Dassler,,,,,11,minor,,,
Air,2023,2023,Drama|History,964980,movie,Jay Mohr,12217,2,,,John Fisher,,,,,12,minor,,,
Air,2023,2023,Drama|History,964980,movie,Joel Gretsch,25376,2,,,John O'Neil,,,,,13,minor,,,
Air,2023,2023,Drama|History,964980,movie,Michael O'Neill,21710,2,,,Joe Dean,,,,,14,minor,,,
Air,2023,2023,Drama|History,964980,movie,Marlon Wayans,9562,2,,,George Raveling,,,,,15,minor,,,
Air,2023,2023,Drama|History,964980,movie,Asanté Deshon,3968887,2,,,7-Eleven Clerk,,,,,16,minor,,,
Air,2023,2023,Drama|History,964980,movie,Billy Smith,1218180,2,,,Bill,,,,,17,minor,,,
Air,2023,2023,Drama|History,964980,movie,Al Madrigal,90534,2,,,Tim,,,,,18,minor,,,
Air,2023,2023,Drama|History,964980,movie,Jackson Damon,1730746,2,,,Stan,,,,,19,minor,,,
Air,2023,2023,Drama|History,964980,movie,Dan Bucatinsky,87034,2,,,Richard,,,,,20,minor,,,
The Bride!,2026,2026,Science Fiction|Horror|Fantasy,1159831,movie,Jessie Buckley,1498158,1,,,The Bride / Ida / Penelope Rogers / Mary Shelley,,,,,1,lead,,,
The Bride!,2026,2026,Science Fiction|Horror|Fantasy,1159831,movie,Christian Bale,3894,2,,,Frank,,,,,2,lead,,,
The Bride!,2026,2026,Science Fiction|Horror|Fantasy,1159831,movie,Peter Sarsgaard,133,2,,,Jake Wiles,,,,,3,lead,,,
The Bride!,2026,2026,Science Fiction|Horror|Fantasy,1159831,movie,John Magaro,37154,2,,,Clyde,,,,,4,supporting,,,
The Bride!,2026,2026,Science Fiction|Horror|Fantasy,1159831,movie,Jeannie Berlin,124377,1,,,Greta,,,,,5,supporting,,,
The Bride!,2026,2026,Science Fiction|Horror|Fantasy,1159831,movie,Annette Bening,516,1,,,Dr. Euphronius,,,,,6,supporting,,,
The Bride!,2026,2026,Science Fiction|Horror|Fantasy,1159831,movie,Jake Gyllenhaal,131,2,,,Ronnie Reed,,,,,7,supporting,,,
The Bride!,2026,2026,Science Fiction|Horror|Fantasy,1159831,movie,Penélope Cruz,955,1,,,Myrna Malloy,,,,,8,supporting,,,
The Bride!,2026,2026,Science Fiction|Horror|Fantasy,1159831,movie,Zlatko Burić,31960,2,,,Lupino,,,,,9,supporting,,,
The Bride!,2026,2026,Science Fiction|Horror|Fantasy,1159831,movie,Louis Cancelmi,163731,2,,,Officer Goodman,,,,,10,supporting,,,
The Bride!,2026,2026,Science Fiction|Horror|Fantasy,1159831,movie,Julianne Hough,143240,1,,,Iris / Jinx,,,,,11,minor,,,
The Bride!,2026,2026,Science Fiction|Horror|Fantasy,1159831,movie,Matthew Maher,1232599,2,,,James,,,,,12,minor,,,
The Bride!,2026,2026,Science Fiction|Horror|Fantasy,1159831,movie,Massiel Mordan,1872610,1,,,Mable,,,,,13,minor,,,
The Bride!,2026,2026,Science Fiction|Horror|Fantasy,1159831,movie,Anthony Abbato,6121695,0,,,Resturant Man #1,,,,,14,minor,,,
The Bride!,2026,2026,Science Fiction|Horror|Fantasy,1159831,movie,Neil Vincent Smith,2653757,0,,,Restaurant Man #2,,,,,15,minor,,,
The Bride!,2026,2026,Science Fiction|Horror|Fantasy,1159831,movie,Ethan Dubin,2176981,0,,,Spooked Passerby,,,,,16,minor,,,
The Bride!,2026,2026,Science Fiction|Horror|Fantasy,1159831,movie,Will Dagger,1790713,2,,,Man At Movie Theater,,,,,17,minor,,,
The Bride!,2026,2026,Science Fiction|Horror|Fantasy,1159831,movie,Karin Dreijer,583338,3,,,Wild Club Performer,,,,,18,minor,,,
The Bride!,2026,2026,Science Fiction|Horror|Fantasy,1159831,movie,Oliver Palmer,1977978,0,,,Rough Boy #1,,,,,19,minor,,,
The Bride!,2026,2026,Science Fiction|Horror|Fantasy,1159831,movie,Rob Kellogg,4716973,0,,,Rough Boy #2,,,,,20,minor,,,
Joseph: King of Dreams,2000,2000,Family|Animation|Drama,16366,movie,Ben Affleck,880,2,,,Joseph (voice),,,,,1,lead,,,
Joseph: King of Dreams,2000,2000,Family|Animation|Drama,16366,movie,Mark Hamill,2,2,,,Judah (voice),,,,,2,lead,,,
Joseph: King of Dreams,2000,2000,Family|Animation|Drama,16366,movie,Richard Herd,13732,2,,,Jacob (voice),,,,,3,lead,,,
Joseph: King of Dreams,2000,2000,Family|Animation|Drama,16366,movie,Maureen McGovern,80414,1,,,Rachel (voice),,,,,4,supporting,,,
Joseph: King of Dreams,2000,2000,Family|Animation|Drama,16366,movie,Jodi Benson,63978,1,,,Asenath (voice),,,,,5,supporting,,,
Joseph: King of Dreams,2000,2000,Family|Animation|Drama,16366,movie,Judith Light,80415,1,,,Zuleika (voice),,,,,6,supporting,,,
Joseph: King of Dreams,2000,2000,Family|Animation|Drama,16366,movie,James Eckhouse,19151,2,,,Potiphar (voice),,,,,7,supporting,,,
Joseph: King of Dreams,2000,2000,Family|Animation|Drama,16366,movie,Richard McGonagle,80416,2,,,Pharaoh (voice),,,,,8,supporting,,,
Joseph: King of Dreams,2000,2000,Family|Animation|Drama,16366,movie,David Campbell,206047,2,,,Joseph (singing voice),,,,,9,supporting,,,
Joseph: King of Dreams,2000,2000,Family|Animation|Drama,16366,movie,Steven Weber,6106,2,,,Simeon / Slave Trader (voice),,,,,10,supporting,,,
Joseph: King of Dreams,2000,2000,Family|Animation|Drama,16366,movie,Dan Castellaneta,198,2,,,Auctioneer / Horse Trader (voice),,,,,11,minor,,,
Joseph: King of Dreams,2000,2000,Family|Animation|Drama,16366,movie,René Auberjonois,9807,2,,,Butler (voice),,,,,12,minor,,,
Joseph: King of Dreams,2000,2000,Family|Animation|Drama,16366,movie,Ken Hudson Campbell,236327,2,,,Baker (voice),,,,,13,minor,,,
Joseph: King of Dreams,2000,2000,Family|Animation|Drama,16366,movie,Tom Virtue,38709,2,,,Reuben (voice),,,,,14,minor,,,
Joseph: King of Dreams,2000,2000,Family|Animation|Drama,16366,movie,Jeff Bennett,34982,2,,,Levi (voice),,,,,15,minor,,,
Joseph: King of Dreams,2000,2000,Family|Animation|Drama,16366,movie,Jess Harnell,84495,2,,,Issachar / Lead Trader (voice),,,,,16,minor,,,
Joseph: King of Dreams,2000,2000,Family|Animation|Drama,16366,movie,Matt Levin,175511,2,,,Benjamin (voice),,,,,17,minor,,,
Joseph: King of Dreams,2000,2000,Family|Animation|Drama,16366,movie,Nicholas Guest,36821,2,,,Additional Voices (voice),,,,,18,minor,,,
Joseph: King of Dreams,2000,2000,Family|Animation|Drama,16366,movie,Kevin Michael Richardson,24362,2,,,Additional Voices (voice),,,,,19,minor,,,
Joseph: King of Dreams,2000,2000,Family|Animation|Drama,16366,movie,Bibi Osterwald,161439,1,,,Additional Voices (voice),,,,,20,minor,,,
"Good Luck, Have Fun, Don't Die",2026,2026,Science Fiction|Action|Comedy,1119449,movie,Sam Rockwell,6807,2,,,The Man From The Future,,,,,1,lead,,,
"Good Luck, Have Fun, Don't Die",2026,2026,Science Fiction|Action|Comedy,1119449,movie,Juno Temple,36594,1,,,Susan,,,,,2,lead,,,
"Good Luck, Have Fun, Don't Die",2026,2026,Science Fiction|Action|Comedy,1119449,movie,Haley Lu Richardson,1286328,1,,,Ingrid,,,,,3,lead,,,
"Good Luck, Have Fun, Don't Die",2026,2026,Science Fiction|Action|Comedy,1119449,movie,Michael Peña,454,2,,,Mark,,,,,4,supporting,,,
"Good Luck, Have Fun, Don't Die",2026,2026,Science Fiction|Action|Comedy,1119449,movie,Zazie Beetz,1545693,1,,,Janet,,,,,5,supporting,,,
"Good Luck, Have Fun, Don't Die",2026,2026,Science Fiction|Action|Comedy,1119449,movie,Asim Chaudhry,1502438,2,,,Scott,,,,,6,supporting,,,
"Good Luck, Have Fun, Don't Die",2026,2026,Science Fiction|Action|Comedy,1119449,movie,Tom Taylor,1696753,2,,,Tim,,,,,7,supporting,,,
"Good Luck, Have Fun, Don't Die",2026,2026,Science Fiction|Action|Comedy,1119449,movie,Georgia Goodman,1561310,1,,,Marie,,,,,8,supporting,,,
"Good Luck, Have Fun, Don't Die",2026,2026,Science Fiction|Action|Comedy,1119449,movie,Daniel Barnett,2428291,2,,,Bob,,,,,9,supporting,,,
"Good Luck, Have Fun, Don't Die",2026,2026,Science Fiction|Action|Comedy,1119449,movie,Artie Wilkinson-Hunt,3839205,2,,,The AI Boy,,,,,10,supporting,,,
"Good Luck, Have Fun, Don't Die",2026,2026,Science Fiction|Action|Comedy,1119449,movie,Riccardo Drayton,4201877,2,,,Darren,,,,,11,minor,,,
"Good Luck, Have Fun, Don't Die",2026,2026,Science Fiction|Action|Comedy,1119449,movie,Dominique Maher,2387567,1,,,Samantha,,,,,12,minor,,,
"Good Luck, Have Fun, Don't Die",2026,2026,Science Fiction|Action|Comedy,1119449,movie,David Sturzaker,1353921,0,,,Henry,,,,,13,minor,,,
"Good Luck, Have Fun, Don't Die",2026,2026,Science Fiction|Action|Comedy,1119449,movie,Adam Burton,571437,2,,,Dale the Shop Teacher,,,,,14,minor,,,
"Good Luck, Have Fun, Don't Die",2026,2026,Science Fiction|Action|Comedy,1119449,movie,Elly Condron,1517871,1,,,Sarah the Math Teacher,,,,,15,minor,,,
"Good Luck, Have Fun, Don't Die",2026,2026,Science Fiction|Action|Comedy,1119449,movie,Meghan Oberholzer,2036407,1,,,Fashionable Mom #1,,,,,16,minor,,,
"Good Luck, Have Fun, Don't Die",2026,2026,Science Fiction|Action|Comedy,1119449,movie,Berenice Barbier,4393354,1,,,Fashionable Mom #2,,,,,17,minor,,,
"Good Luck, Have Fun, Don't Die",2026,2026,Science Fiction|Action|Comedy,1119449,movie,Tanya van Graan,1139816,1,,,Fashionable Mom #3,,,,,18,minor,,,
"Good Luck, Have Fun, Don't Die",2026,2026,Science Fiction|Action|Comedy,1119449,movie,Dino Fetscher,1743500,2,,,Blaise at Clone Store,,,,,19,minor,,,
"Good Luck, Have Fun, Don't Die",2026,2026,Science Fiction|Action|Comedy,1119449,movie,Chris Fisher,1588667,2,,,John at Clone Party,,,,,20,minor,,,
Roommates,2026,2026,Comedy,1511057,movie,Sadie Sandler,1202534,1,,,Devon,,,,,1,lead,,,
Roommates,2026,2026,Comedy,1511057,movie,Chloe East,1512280,1,,,Celeste,,,,,2,lead,,,
Roommates,2026,2026,Comedy,1511057,movie,Billy Bryk,2682376,2,,,Michael,,,,,3,lead,,,
Roommates,2026,2026,Comedy,1511057,movie,Sarah Sherman,2198504,1,,,Dr. Schilling,,,,,4,supporting,,,
Roommates,2026,2026,Comedy,1511057,movie,Martin Herlihy,2807375,2,,,George,,,,,5,supporting,,,
Roommates,2026,2026,Comedy,1511057,movie,Josh Segarra,426216,2,,,Goose,,,,,6,supporting,,,
Roommates,2026,2026,Comedy,1511057,movie,Carol Kane,10556,1,,,Gigi,,,,,7,supporting,,,
Roommates,2026,2026,Comedy,1511057,movie,Natasha Lyonne,10871,1,,,Hannah,,,,,8,supporting,,,
Roommates,2026,2026,Comedy,1511057,movie,Nick Kroll,208519,2,,,Brian,,,,,9,supporting,,,
Roommates,2026,2026,Comedy,1511057,movie,Janeane Garofalo,21197,1,,,Professor Ziemann,,,,,10,supporting,,,
Roommates,2026,2026,Comedy,1511057,movie,Aidan Langford,1937079,2,,,Alex,,,,,11,minor,,,
Roommates,2026,2026,Comedy,1511057,movie,Bella Murphy,3000311,1,,,Amber,,,,,12,minor,,,
Roommates,2026,2026,Comedy,1511057,movie,Jaya Harper,2880606,0,,,Olivia,,,,,13,minor,,,
Roommates,2026,2026,Comedy,1511057,movie,Storm Reid,1344344,1,,,Luna,,,,,14,minor,,,
Roommates,2026,2026,Comedy,1511057,movie,Ivy Wolk,3195084,1,,,Auguste,,,,,15,minor,,,
Roommates,2026,2026,Comedy,1511057,movie,Bailee Madison,54479,1,,,Rebecca,,,,,16,minor,,,
Roommates,2026,2026,Comedy,1511057,movie,Megan Thee Stallion,2396830,1,,,Louise,,,,,17,minor,,,
Roommates,2026,2026,Comedy,1511057,movie,Steve Buscemi,884,2,,,Celeste's Dad,,,,,18,minor,,,
Roommates,2026,2026,Comedy,1511057,movie,Sofia Gonzalez,1302217,1,,,Aunt Vicki,,,,,19,minor,,,
Roommates,2026,2026,Comedy,1511057,movie,Dan Bulla,1627371,2,,,Uncle Bulla,,,,,20,minor,,,
He Sees You When You're Sleeping,2024,2024,Horror,1371534,movie,Caroline Williams,86923,1,,,Aunt Marion,,,,,1,lead,,,
He Sees You When You're Sleeping,2024,2024,Horror,1371534,movie,Lauren-Marie Taylor,1048670,1,,,Sue-Ellen Galveston,,,,,2,lead,,,
He Sees You When You're Sleeping,2024,2024,Horror,1371534,movie,Tom Malloy,76315,2,,,Deputy Warren Kessler,,,,,3,lead,,,
He Sees You When You're Sleeping,2024,2024,Horror,1371534,movie,Nicholas Vince,56559,2,,,Dr. Landry,,,,,4,supporting,,,
He Sees You When You're Sleeping,2024,2024,Horror,1371534,movie,David Lenik,1724669,2,,,Chester Van Buren,,,,,5,supporting,,,
He Sees You When You're Sleeping,2024,2024,Horror,1371534,movie,Tom Moynahan,4075224,0,,,Dick Galveston,,,,,6,supporting,,,
He Sees You When You're Sleeping,2024,2024,Horror,1371534,movie,Cedric Gegel,2730819,2,,,Burke Riley,,,,,7,supporting,,,
He Sees You When You're Sleeping,2024,2024,Horror,1371534,movie,Johnny Vivash,1160330,2,,,Department Store Santa,,,,,8,supporting,,,
He Sees You When You're Sleeping,2024,2024,Horror,1371534,movie,Peyton Michelle Edwards,2703072,0,,,Eden Ward,,,,,9,supporting,,,
He Sees You When You're Sleeping,2024,2024,Horror,1371534,movie,Natalie Veater,3114324,1,,,Melody,,,,,10,supporting,,,
He Sees You When You're Sleeping,2024,2024,Horror,1371534,movie,Scott Bolger,1299568,0,,,Nathan Van Buren,,,,,11,minor,,,
He Sees You When You're Sleeping,2024,2024,Horror,1371534,movie,Scot Scurlock,2715017,2,,,Uncle Nick,,,,,12,minor,,,
He Sees You When You're Sleeping,2024,2024,Horror,1371534,movie,David Josh Lawrence,2238173,2,,,,,,,,13,minor,,,
He Sees You When You're Sleeping,2024,2024,Horror,1371534,movie,Reagan Kelly,3341350,0,,,Lila Van Buren,,,,,14,minor,,,
He Sees You When You're Sleeping,2024,2024,Horror,1371534,movie,Christopher Kahler,1205259,2,,,Huck,,,,,15,minor,,,
He Sees You When You're Sleeping,2024,2024,Horror,1371534,movie,Nellie Spackman,5001521,0,,,Afton,,,,,16,minor,,,
He Sees You When You're Sleeping,2024,2024,Horror,1371534,movie,Law Tarello,3467398,2,,,Radio News Reporter,,,,,17,minor,,,
He Sees You When You're Sleeping,2024,2024,Horror,1371534,movie,Quinn McGillion,5001522,0,,,Kenny,,,,,18,minor,,,
Schindler's List,1993,1993,Drama|History|War,424,movie,Liam Neeson,3896,2,,,Oskar Schindler,,,,,1,lead,,,
Schindler's List,1993,1993,Drama|History|War,424,movie,Ben Kingsley,2282,2,,,Itzhak Stern,,,,,2,lead,,,
Schindler's List,1993,1993,Drama|History|War,424,movie,Ralph Fiennes,5469,2,,,Amon Goeth,,,,,3,lead,,,
Schindler's List,1993,1993,Drama|History|War,424,movie,Caroline Goodall,6692,1,,,Emilie Schindler,,,,,4,supporting,,,
Schindler's List,1993,1993,Drama|History|War,424,movie,Jonathan Sagall,6693,2,,,Poldek Pfefferberg,,,,,5,supporting,,,
Schindler's List,1993,1993,Drama|History|War,424,movie,Embeth Davidtz,6368,1,,,Helen Hirsch,,,,,6,supporting,,,
Schindler's List,1993,1993,Drama|History|War,424,movie,Małgorzata Gebel,6694,1,,,Viktoria Klonowska,,,,,7,supporting,,,
Schindler's List,1993,1993,Drama|History|War,424,movie,Shmuel Levy,6695,2,,,Wilek Chilowicz,,,,,8,supporting,,,
Schindler's List,1993,1993,Drama|History|War,424,movie,Mark Ivanir,6696,2,,,Marcel Goldberg,,,,,9,supporting,,,
Schindler's List,1993,1993,Drama|History|War,424,movie,Béatrice Macola,6697,1,,,Ingrid,,,,,10,supporting,,,
Schindler's List,1993,1993,Drama|History|War,424,movie,Andrzej Seweryn,2829,2,,,Julian Scherner,,,,,11,minor,,,
Schindler's List,1993,1993,Drama|History|War,424,movie,Friedrich von Thun,6698,2,,,Rolf Czurda,,,,,12,minor,,,
Schindler's List,1993,1993,Drama|History|War,424,movie,Krzysztof Luft,6699,2,,,Herman Toffel,,,,,13,minor,,,
Schindler's List,1993,1993,Drama|History|War,424,movie,Harry Nehring,6700,2,,,Leo John,,,,,14,minor,,,
Schindler's List,1993,1993,Drama|History|War,424,movie,Norbert Weisser,6701,2,,,Albert Hujar,,,,,15,minor,,,
Schindler's List,1993,1993,Drama|History|War,424,movie,Adi Nitzan,6702,0,,,Mila Pfefferberg,,,,,16,minor,,,
Schindler's List,1993,1993,Drama|History|War,424,movie,Michael Schneider,1115699,2,,,Juda Dresner,,,,,17,minor,,,
Schindler's List,1993,1993,Drama|History|War,424,movie,Miri Fabian,6704,0,,,Chaja Dresner,,,,,18,minor,,,
Schindler's List,1993,1993,Drama|History|War,424,movie,Anna Mucha,6705,1,,,Danka Dresner,,,,,19,minor,,,
Schindler's List,1993,1993,Drama|History|War,424,movie,Albert Misak,6706,2,,,Mordecai Wulkan,,,,,20,minor,,,
Coraline,2009,2009,Animation|Family|Fantasy,14836,movie,Dakota Fanning,501,1,,,Coraline Jones (voice),,,,,1,lead,,,
Coraline,2009,2009,Animation|Family|Fantasy,14836,movie,Teri Hatcher,10742,1,,,Mel Jones / Other Mother (voice),,,,,2,lead,,,
Coraline,2009,2009,Animation|Family|Fantasy,14836,movie,Jennifer Saunders,12094,1,,,Miss April Spink / Other Spink (voice),,,,,3,lead,,,
Coraline,2009,2009,Animation|Family|Fantasy,14836,movie,Dawn French,5539,1,,,Miss Miriam Forcible / Other Forcible (voice),,,,,4,supporting,,,
Coraline,2009,2009,Animation|Family|Fantasy,14836,movie,Keith David,65827,2,,,The Cat (voice),,,,,5,supporting,,,
Coraline,2009,2009,Animation|Family|Fantasy,14836,movie,John Hodgman,77344,2,,,Charlie Jones / Other Father (voice),,,,,6,supporting,,,
Coraline,2009,2009,Animation|Family|Fantasy,14836,movie,Robert Bailey Jr.,55426,2,,,Wyborne 'Wybie' Lovat (voice),,,,,7,supporting,,,
Coraline,2009,2009,Animation|Family|Fantasy,14836,movie,Ian McShane,6972,2,,,Mr. Sergei Alexander Bobinsky / Other Bobinsky (voice),,,,,8,supporting,,,
Coraline,2009,2009,Animation|Family|Fantasy,14836,movie,Aankha Neal,2011351,0,,,Sweet Ghost Girl (voice),,,,,9,supporting,,,
Coraline,2009,2009,Animation|Family|Fantasy,14836,movie,George Selick,2011353,0,,,Ghost Boy (voice),,,,,10,supporting,,,
Coraline,2009,2009,Animation|Family|Fantasy,14836,movie,Hannah Kaiser,2011354,0,,,Tall Ghost Girl (voice),,,,,11,minor,,,
Coraline,2009,2009,Animation|Family|Fantasy,14836,movie,Harry Selick,2011355,0,,,Photo Friend (voice),,,,,12,minor,,,
Coraline,2009,2009,Animation|Family|Fantasy,14836,movie,Marina Budovsky,2011356,0,,,Photo Friend (voice),,,,,13,minor,,,
Coraline,2009,2009,Animation|Family|Fantasy,14836,movie,Emerson Tenney,2011359,1,,,Magic Dragonfly (voice),,,,,14,minor,,,
Coraline,2009,2009,Animation|Family|Fantasy,14836,movie,Jerome Ranft,7960,2,,,Mover (voice),,,,,15,minor,,,
Coraline,2009,2009,Animation|Family|Fantasy,14836,movie,Christopher Murrie,983740,2,,,Toy (voice),,,,,16,minor,,,
Coraline,2009,2009,Animation|Family|Fantasy,14836,movie,Jeremy Ryder,2011360,0,,,Toy (voice),,,,,17,minor,,,
Coraline,2009,2009,Animation|Family|Fantasy,14836,movie,Carolyn Crawford,2011361,0,,,Wybie's Grandmother (voice),,,,,18,minor,,,
Coraline,2009,2009,Animation|Family|Fantasy,14836,movie,Yona Prost,1485172,0,,,Shakespeare Rascal (voice),,,,,19,minor,,,
Coraline,2009,2009,Animation|Family|Fantasy,14836,movie,John Linnell,93463,2,,,Other Father (singing voice) (uncredited),,,,,20,minor,,,
GoodFellas,1990,1990,Drama|Crime,769,movie,Robert De Niro,380,2,,,James Conway,,,,,1,lead,,,
GoodFellas,1990,1990,Drama|Crime,769,movie,Ray Liotta,11477,2,,,Henry Hill,,,,,2,lead,,,
GoodFellas,1990,1990,Drama|Crime,769,movie,Joe Pesci,4517,2,,,Tommy DeVito,,,,,3,lead,,,
GoodFellas,1990,1990,Drama|Crime,769,movie,Lorraine Bracco,11478,1,,,Karen Hill,,,,,4,supporting,,,
GoodFellas,1990,1990,Drama|Crime,769,movie,Paul Sorvino,7004,2,,,Paul Cicero,,,,,5,supporting,,,
GoodFellas,1990,1990,Drama|Crime,769,movie,Frank Sivero,11480,2,,,Frankie Carbone,,,,,6,supporting,,,
GoodFellas,1990,1990,Drama|Crime,769,movie,Tony Darrow,11482,2,,,Sonny Bunz,,,,,7,supporting,,,
GoodFellas,1990,1990,Drama|Crime,769,movie,Mike Starr,5170,2,,,Frenchy,,,,,8,supporting,,,
GoodFellas,1990,1990,Drama|Crime,769,movie,Frank Vincent,7164,2,,,Billy Batts,,,,,9,supporting,,,
GoodFellas,1990,1990,Drama|Crime,769,movie,Chuck Low,11479,2,,,Morris Kessler,,,,,10,supporting,,,
GoodFellas,1990,1990,Drama|Crime,769,movie,Frank DiLeo,11481,2,,,Tuddy Cicero,,,,,11,minor,,,
GoodFellas,1990,1990,Drama|Crime,769,movie,Henny Youngman,99939,2,,,Henny Youngman,,,,,12,minor,,,
GoodFellas,1990,1990,Drama|Crime,769,movie,Gina Mastrogiacomo,11485,1,,,Janice Rossi,,,,,13,minor,,,
GoodFellas,1990,1990,Drama|Crime,769,movie,Catherine Scorsese,11483,1,,,Tommy's Mother,,,,,14,minor,,,
GoodFellas,1990,1990,Drama|Crime,769,movie,Charles Scorsese,1006721,2,,,Vinnie,,,,,15,minor,,,
GoodFellas,1990,1990,Drama|Crime,769,movie,Suzanne Shepherd,11484,1,,,Karen's Mother,,,,,16,minor,,,
GoodFellas,1990,1990,Drama|Crime,769,movie,Debi Mazar,5578,1,,,Sandy,,,,,17,minor,,,
GoodFellas,1990,1990,Drama|Crime,769,movie,Margo Winkler,1079544,1,,,Belle Kessler,,,,,18,minor,,,
GoodFellas,1990,1990,Drama|Crime,769,movie,Welker White,93620,1,,,Lois Byrd,,,,,19,minor,,,
GoodFellas,1990,1990,Drama|Crime,769,movie,Jerry Vale,1212532,2,,,Jerry Vale,,,,,20,minor,,,
Candleshoe,1977,1977,Family,14612,movie,David Niven,14261,2,,,Priory,,,,,1,lead,,,
Candleshoe,1977,1977,Family,14612,movie,Helen Hayes,47439,1,,,Lady St. Edmund,,,,,2,lead,,,
Candleshoe,1977,1977,Family,14612,movie,Jodie Foster,1038,1,,,Casey,,,,,3,lead,,,
Candleshoe,1977,1977,Family,14612,movie,Leo McKern,7192,2,,,Harry Bundage,,,,,4,supporting,,,
Candleshoe,1977,1977,Family,14612,movie,Veronica Quilligan,1144679,1,,,Cluny,,,,,5,supporting,,,
Candleshoe,1977,1977,Family,14612,movie,Ian Sharrock,1163671,2,,,Peter,,,,,6,supporting,,,
Candleshoe,1977,1977,Family,14612,movie,Sarah Tamakuni,1163672,1,,,Anna,,,,,7,supporting,,,
Candleshoe,1977,1977,Family,14612,movie,David Samuels,1163673,2,,,Bobby,,,,,8,supporting,,,
Candleshoe,1977,1977,Family,14612,movie,John Alderson,1171862,2,,,Jenkins,,,,,9,supporting,,,
Candleshoe,1977,1977,Family,14612,movie,Mildred Shay,1234110,1,,,Mrs. McCress,,,,,10,supporting,,,
Candleshoe,1977,1977,Family,14612,movie,Michael Balfour,18763,2,,,Mr. McCress,,,,,11,minor,,,
Candleshoe,1977,1977,Family,14612,movie,Sydney Bromley,12693,2,,,Mr. Thresher,,,,,12,minor,,,
Candleshoe,1977,1977,Family,14612,movie,Michael Segal,1872928,2,,,Train Guard,,,,,13,minor,,,
Candleshoe,1977,1977,Family,14612,movie,Vivian Pickles,19616,1,,,Grimsworthy,,,,,14,minor,,,
Candleshoe,1977,1977,Family,14612,movie,Eddie Powell,1077325,2,,,Hood (uncredited),,,,,15,minor,,,
Candleshoe,1977,1977,Family,14612,movie,Peter Diamond,53587,2,,,Hood (uncredited),,,,,16,minor,,,
Candleshoe,1977,1977,Family,14612,movie,Derek Martin,1198099,2,,,Policeman (uncredited),,,,,17,minor,,,
Candleshoe,1977,1977,Family,14612,movie,Terence Plummer,1229878,2,,,Hood (uncredited),,,,,18,minor,,,
Candleshoe,1977,1977,Family,14612,movie,Tina Simmons,5540235,0,,,Family Friend (uncredited),,,,,19,minor,,,
Candleshoe,1977,1977,Family,14612,movie,Rocky Taylor,40740,2,,,Hood (uncredited),,,,,20,minor,,,
Spider-Man: Across the Spider-Verse,2023,2023,Animation|Action|Adventure|Science Fiction,569094,movie,Shameik Moore,587506,2,,,Miles Morales (voice),,,,,1,lead,,,
Spider-Man: Across the Spider-Verse,2023,2023,Animation|Action|Adventure|Science Fiction,569094,movie,Hailee Steinfeld,130640,1,,,Gwen Stacy (voice),,,,,2,lead,,,
Spider-Man: Across the Spider-Verse,2023,2023,Animation|Action|Adventure|Science Fiction,569094,movie,Brian Tyree Henry,226366,2,,,Jeff Morales (voice),,,,,3,lead,,,
Spider-Man: Across the Spider-Verse,2023,2023,Animation|Action|Adventure|Science Fiction,569094,movie,Luna Lauren Vélez,141610,1,,,Rio Morales (voice),,,,,4,supporting,,,
Spider-Man: Across the Spider-Verse,2023,2023,Animation|Action|Adventure|Science Fiction,569094,movie,Jake Johnson,543505,2,,,Peter B. Parker (voice),,,,,5,supporting,,,
Spider-Man: Across the Spider-Verse,2023,2023,Animation|Action|Adventure|Science Fiction,569094,movie,Oscar Isaac,25072,2,,,Miguel O'Hara (voice),,,,,6,supporting,,,
Spider-Man: Across the Spider-Verse,2023,2023,Animation|Action|Adventure|Science Fiction,569094,movie,Jason Schwartzman,17881,2,,,Spot (voice),,,,,7,supporting,,,
Spider-Man: Across the Spider-Verse,2023,2023,Animation|Action|Adventure|Science Fiction,569094,movie,Issa Rae,1455336,1,,,Jessica Drew (voice),,,,,8,supporting,,,
Spider-Man: Across the Spider-Verse,2023,2023,Animation|Action|Adventure|Science Fiction,569094,movie,Daniel Kaluuya,206919,2,,,Hobie Brown (voice),,,,,9,supporting,,,
Spider-Man: Across the Spider-Verse,2023,2023,Animation|Action|Adventure|Science Fiction,569094,movie,Karan Soni,1109702,2,,,Pavitr Prabhakar (voice),,,,,10,supporting,,,
Spider-Man: Across the Spider-Verse,2023,2023,Animation|Action|Adventure|Science Fiction,569094,movie,Shea Whigham,74242,2,,,George Stacy (voice),,,,,11,minor,,,
Spider-Man: Across the Spider-Verse,2023,2023,Animation|Action|Adventure|Science Fiction,569094,movie,Greta Lee,1260481,1,,,LYLA (voice),,,,,12,minor,,,
Spider-Man: Across the Spider-Verse,2023,2023,Animation|Action|Adventure|Science Fiction,569094,movie,Mahershala Ali,932967,2,,,Uncle Aaron (voice),,,,,13,minor,,,
Spider-Man: Across the Spider-Verse,2023,2023,Animation|Action|Adventure|Science Fiction,569094,movie,Amandla Stenberg,561869,3,,,Margo Kess: Spider-Byte (voice),,,,,14,minor,,,
Spider-Man: Across the Spider-Verse,2023,2023,Animation|Action|Adventure|Science Fiction,569094,movie,Jharrel Jerome,1664716,2,,,Miles G. Morales (voice),,,,,15,minor,,,
Spider-Man: Across the Spider-Verse,2023,2023,Animation|Action|Adventure|Science Fiction,569094,movie,Andy Samberg,62861,2,,,Ben Reilly (voice),,,,,16,minor,,,
Spider-Man: Across the Spider-Verse,2023,2023,Animation|Action|Adventure|Science Fiction,569094,movie,Jack Quaid,1030513,2,,,Peter Parker (voice),,,,,17,minor,,,
Spider-Man: Across the Spider-Verse,2023,2023,Animation|Action|Adventure|Science Fiction,569094,movie,Rachel Dratch,32905,1,,,Ms. Weber (voice),,,,,18,minor,,,
Spider-Man: Across the Spider-Verse,2023,2023,Animation|Action|Adventure|Science Fiction,569094,movie,Ziggy Marley,154857,2,,,Lenny (voice),,,,,19,minor,,,
Spider-Man: Across the Spider-Verse,2023,2023,Animation|Action|Adventure|Science Fiction,569094,movie,Jorma Taccone,62863,2,,,Adriano Tumino / '67 (voice),,,,,20,minor,,,
Secretary,2002,2002,Romance|Drama|Comedy,11013,movie,James Spader,13548,2,,,Mr. Grey,,,,,1,lead,,,
Secretary,2002,2002,Romance|Drama|Comedy,11013,movie,Maggie Gyllenhaal,1579,1,,,Lee Holloway,,,,,2,lead,,,
Secretary,2002,2002,Romance|Drama|Comedy,11013,movie,Jeremy Davies,4654,2,,,Peter,,,,,3,lead,,,
Secretary,2002,2002,Romance|Drama|Comedy,11013,movie,Lesley Ann Warren,21818,1,,,Joan Holloway,,,,,4,supporting,,,
Secretary,2002,2002,Romance|Drama|Comedy,11013,movie,Stephen McHattie,230,2,,,Burt Holloway,,,,,5,supporting,,,
Secretary,2002,2002,Romance|Drama|Comedy,11013,movie,Patrick Bauchau,5274,2,,,Dr. Twardon,,,,,6,supporting,,,
Secretary,2002,2002,Romance|Drama|Comedy,11013,movie,Jessica Tuck,156689,1,,,Tricia O'Connor,,,,,7,supporting,,,
Secretary,2002,2002,Romance|Drama|Comedy,11013,movie,Osgood Perkins,90609,2,,,Jonathan,,,,,8,supporting,,,
Secretary,2002,2002,Romance|Drama|Comedy,11013,movie,Amy Locane,21412,1,,,Lee's Sister,,,,,9,supporting,,,
Secretary,2002,2002,Romance|Drama|Comedy,11013,movie,Mary Joy,157176,1,,,Sylvia,,,,,10,supporting,,,
Secretary,2002,2002,Romance|Drama|Comedy,11013,movie,Michael Mantell,91030,2,,,Stewart,,,,,11,minor,,,
Secretary,2002,2002,Romance|Drama|Comedy,11013,movie,Lily Knight,12539,1,,,Paralegal,,,,,12,minor,,,
Secretary,2002,2002,Romance|Drama|Comedy,11013,movie,Sabrina Grdevich,142736,1,,,Allison,,,,,13,minor,,,
Secretary,2002,2002,Romance|Drama|Comedy,11013,movie,Lacey Kohl,168415,1,,,Louisa,,,,,14,minor,,,
Secretary,2002,2002,Romance|Drama|Comedy,11013,movie,Julene Renee,42286,1,,,Jessica,,,,,15,minor,,,
Secretary,2002,2002,Romance|Drama|Comedy,11013,movie,Lauren Cohn,41506,1,,,First Secretary,,,,,16,minor,,,
Secretary,2002,2002,Romance|Drama|Comedy,11013,movie,Ezra Buzzington,59285,2,,,Typing Teacher,,,,,17,minor,,,
Secretary,2002,2002,Romance|Drama|Comedy,11013,movie,Kyle Colerider-Krugh,1212279,2,,,Mr. Garvey,,,,,18,minor,,,
Secretary,2002,2002,Romance|Drama|Comedy,11013,movie,Steven Fierberg,63924,2,,,First Date,,,,,19,minor,,,
Secretary,2002,2002,Romance|Drama|Comedy,11013,movie,Herbert Russell,148114,2,,,Second Date,,,,,20,minor,,,
Despicable Me 4,2024,2024,Action|Animation|Comedy|Family|Science Fiction,519182,movie,Steve Carell,4495,2,,,Gru (voice),,,,,1,lead,,,
Despicable Me 4,2024,2024,Action|Animation|Comedy|Family|Science Fiction,519182,movie,Kristen Wiig,41091,1,,,Lucy (voice),,,,,2,lead,,,
Despicable Me 4,2024,2024,Action|Animation|Comedy|Family|Science Fiction,519182,movie,Will Ferrell,23659,2,,,Maxime (voice),,,,,3,lead,,,
Despicable Me 4,2024,2024,Action|Animation|Comedy|Family|Science Fiction,519182,movie,Sofía Vergara,63522,1,,,Valentina (voice),,,,,4,supporting,,,
Despicable Me 4,2024,2024,Action|Animation|Comedy|Family|Science Fiction,519182,movie,Miranda Cosgrove,17743,1,,,Margo (voice),,,,,5,supporting,,,
Despicable Me 4,2024,2024,Action|Animation|Comedy|Family|Science Fiction,519182,movie,Dana Gaier,124750,1,,,Edith (voice),,,,,6,supporting,,,
Despicable Me 4,2024,2024,Action|Animation|Comedy|Family|Science Fiction,519182,movie,Madison Polan,4505121,1,,,Agnes (voice),,,,,7,supporting,,,
Despicable Me 4,2024,2024,Action|Animation|Comedy|Family|Science Fiction,519182,movie,Pierre Coffin,124747,2,,,Minions (voice),,,,,8,supporting,,,
Despicable Me 4,2024,2024,Action|Animation|Comedy|Family|Science Fiction,519182,movie,Chris Renaud,124748,2,,,Principal Übelschlecht (voice),,,,,9,supporting,,,
Despicable Me 4,2024,2024,Action|Animation|Comedy|Family|Science Fiction,519182,movie,Steve Coogan,4581,2,,,Silas (voice),,,,,10,supporting,,,
Despicable Me 4,2024,2024,Action|Animation|Comedy|Family|Science Fiction,519182,movie,Stephen Colbert,58769,2,,,Perry Prescott (voice),,,,,11,minor,,,
Despicable Me 4,2024,2024,Action|Animation|Comedy|Family|Science Fiction,519182,movie,Chloe Fineman,2000658,1,,,Patsy Prescott (voice),,,,,12,minor,,,
Despicable Me 4,2024,2024,Action|Animation|Comedy|Family|Science Fiction,519182,movie,Joey King,125025,1,,,Poppy Prescott (voice),,,,,13,minor,,,
Despicable Me 4,2024,2024,Action|Animation|Comedy|Family|Science Fiction,519182,movie,Laraine Newman,35159,1,,,Melora / Additional Voices (voice),,,,,14,minor,,,
Despicable Me 4,2024,2024,Action|Animation|Comedy|Family|Science Fiction,519182,movie,John DiMaggio,31531,2,,,Bus Driver (voice),,,,,15,minor,,,
Despicable Me 4,2024,2024,Action|Animation|Comedy|Family|Science Fiction,519182,movie,Tara Strong,15762,1,,,Additional Voices (voice),,,,,16,minor,,,
Despicable Me 4,2024,2024,Action|Animation|Comedy|Family|Science Fiction,519182,movie,Romesh Ranganathan,1304658,2,,,Additional Voices (voice),,,,,17,minor,,,
Despicable Me 4,2024,2024,Action|Animation|Comedy|Family|Science Fiction,519182,movie,Brad Ableson,1035822,2,,,Additional Voices (voice),,,,,18,minor,,,
Despicable Me 4,2024,2024,Action|Animation|Comedy|Family|Science Fiction,519182,movie,Barbara Harris,230436,1,,,Additional Voices (voice),,,,,19,minor,,,
Despicable Me 4,2024,2024,Action|Animation|Comedy|Family|Science Fiction,519182,movie,Eden Boulton,4815785,2,,,Additional Voices (voice),,,,,20,minor,,,
Kiss of the Spider Woman,2025,2025,Romance|Music|Drama|Thriller,1214684,movie,Diego Luna,8688,2,,,Valentín Arregui / Armando,,,,,1,lead,,,
Kiss of the Spider Woman,2025,2025,Romance|Music|Drama|Thriller,1214684,movie,Tonatiuh,1594098,2,,,Luis Molina / Kendall Nesbitt,,,,,2,lead,,,
Kiss of the Spider Woman,2025,2025,Romance|Music|Drama|Thriller,1214684,movie,Jennifer Lopez,16866,1,,,Ingrid Luna / Aurora / The Spider Woman,,,,,3,lead,,,
Kiss of the Spider Woman,2025,2025,Romance|Music|Drama|Thriller,1214684,movie,Bruno Bichir,52745,2,,,Warden Ledesma,,,,,4,supporting,,,
Kiss of the Spider Woman,2025,2025,Romance|Music|Drama|Thriller,1214684,movie,Josefina Scaglione,1291703,1,,,Marta,,,,,5,supporting,,,
Kiss of the Spider Woman,2025,2025,Romance|Music|Drama|Thriller,1214684,movie,Aline Mayagoitia,3293850,1,,,Paolina Paz,,,,,6,supporting,,,
Kiss of the Spider Woman,2025,2025,Romance|Music|Drama|Thriller,1214684,movie,Driton 'Tony' Dovolani,2003668,2,,,Johnny Desiderio,,,,,7,supporting,,,
Kiss of the Spider Woman,2025,2025,Romance|Music|Drama|Thriller,1214684,movie,Lucila Gandolfo,1694293,0,,,Señora Molina,,,,,8,supporting,,,
Kiss of the Spider Woman,2025,2025,Romance|Music|Drama|Thriller,1214684,movie,Federico Repetto,2876270,0,,,Castellanos,,,,,9,supporting,,,
Kiss of the Spider Woman,2025,2025,Romance|Music|Drama|Thriller,1214684,movie,Lucas Barreiro,1863482,0,,,Marcos,,,,,10,supporting,,,
Kiss of the Spider Woman,2025,2025,Romance|Music|Drama|Thriller,1214684,movie,Augusto Gordillo,2300949,0,,,Gabriel,,,,,11,minor,,,
Kiss of the Spider Woman,2025,2025,Romance|Music|Drama|Thriller,1214684,movie,Fabio Aste,962964,2,,,Uncle Alfonso,,,,,12,minor,,,
Kiss of the Spider Woman,2025,2025,Romance|Music|Drama|Thriller,1214684,movie,Graciela Daniele,1028415,1,,,Clemencia,,,,,13,minor,,,
Kiss of the Spider Woman,2025,2025,Romance|Music|Drama|Thriller,1214684,movie,Federico Salles,1964377,2,,,'Querido' Inmate #1,,,,,14,minor,,,
Kiss of the Spider Woman,2025,2025,Romance|Music|Drama|Thriller,1214684,movie,Alejandro Ernesto Balbis Ortiz,5749939,0,,,'Querido' Inmate #2,,,,,15,minor,,,
Kiss of the Spider Woman,2025,2025,Romance|Music|Drama|Thriller,1214684,movie,Sebastián Slepovich,5749940,0,,,Vagrant / Contact,,,,,16,minor,,,
Kiss of the Spider Woman,2025,2025,Romance|Music|Drama|Thriller,1214684,movie,Sebastian Silver,5494037,0,,,The Professor,,,,,17,minor,,,
Kiss of the Spider Woman,2025,2025,Romance|Music|Drama|Thriller,1214684,movie,Noemí Frenkel,1702622,1,,,Aunt Chicha,,,,,18,minor,,,
Kiss of the Spider Woman,2025,2025,Romance|Music|Drama|Thriller,1214684,movie,David Turner,1786441,2,,,Kendall Nesbitt,,,,,19,minor,,,
Kiss of the Spider Woman,2025,2025,Romance|Music|Drama|Thriller,1214684,movie,Eduardo Ramos,3809589,0,,,Armando,,,,,20,minor,,,
I Do,1921,1921,Comedy,53526,movie,Harold Lloyd,88953,2,,,The Boy,,,,,1,lead,,,
I Do,1921,1921,Comedy,53526,movie,Mildred Davis,88954,1,,,The Girl,,,,,2,lead,,,
I Do,1921,1921,Comedy,53526,movie,Noah Young,88958,2,,,The Agitation,,,,,3,lead,,,
I Do,1921,1921,Comedy,53526,movie,Jack Morgan,148435,2,,,The Disturbance,,,,,4,supporting,,,
I Do,1921,1921,Comedy,53526,movie,Jack Edwards,148436,2,,,The Annoyance,,,,,5,supporting,,,
I Do,1921,1921,Comedy,53526,movie,Dorothy Cassil,2803505,1,,,Distracting Girl in Cloche Hat (uncredited),,,,,6,supporting,,,
I Do,1921,1921,Comedy,53526,movie,William Gillespie,141132,2,,,Brother-in-Law (uncredited),,,,,7,supporting,,,
I Do,1921,1921,Comedy,53526,movie,Roy Brooks,148423,2,,,Man in Chauffeured Car (uncredited),,,,,8,supporting,,,
The Buccaneer,1958,1958,Adventure|Drama|War|History,4933,movie,Yul Brynner,14528,2,,,Jean Lafitte,,,,,1,lead,,,
The Buccaneer,1958,1958,Adventure|Drama|War|History,4933,movie,Claire Bloom,29545,1,,,Bonnie Brown,,,,,2,lead,,,
The Buccaneer,1958,1958,Adventure|Drama|War|History,4933,movie,Charles Boyer,29519,2,,,Dominique You,,,,,3,lead,,,
The Buccaneer,1958,1958,Adventure|Drama|War|History,4933,movie,Inger Stevens,40056,1,,,Annette Claiborne,,,,,4,supporting,,,
The Buccaneer,1958,1958,Adventure|Drama|War|History,4933,movie,Charlton Heston,10017,2,,,Gen. Andrew Jackson,,,,,5,supporting,,,
The Buccaneer,1958,1958,Adventure|Drama|War|History,4933,movie,Henry Hull,40180,2,,,Ezra Peavey,,,,,6,supporting,,,
The Buccaneer,1958,1958,Adventure|Drama|War|History,4933,movie,Lorne Greene,40181,2,,,Mercier,,,,,7,supporting,,,
The Buccaneer,1958,1958,Adventure|Drama|War|History,4933,movie,E.G. Marshall,5249,2,,,Gov. William Claiborne,,,,,8,supporting,,,
The Buccaneer,1958,1958,Adventure|Drama|War|History,4933,movie,Ted de Corsia,2097,2,,,Capt. Rumbo,,,,,9,supporting,,,
The Buccaneer,1958,1958,Adventure|Drama|War|History,4933,movie,Douglass Dumbrille,34748,2,,,Collector of the Port,,,,,10,supporting,,,
The Buccaneer,1958,1958,Adventure|Drama|War|History,4933,movie,Robert F. Simon,106506,2,,,Capt. Brown,,,,,11,minor,,,
The Buccaneer,1958,1958,Adventure|Drama|War|History,4933,movie,Sir Lancelot,97043,2,,,Scipio,,,,,12,minor,,,
The Buccaneer,1958,1958,Adventure|Drama|War|History,4933,movie,Fran Jeffries,52755,1,,,Cariba - Mawbee Girl,,,,,13,minor,,,
The Buccaneer,1958,1958,Adventure|Drama|War|History,4933,movie,John Dierkes,29645,2,,,Deacon,,,,,14,minor,,,
The Buccaneer,1958,1958,Adventure|Drama|War|History,4933,movie,Woody Strode,4963,2,,,Toro,,,,,15,minor,,,
The Buccaneer,1958,1958,Adventure|Drama|War|History,4933,movie,Henry Brandon,30553,2,,,British Major,,,,,16,minor,,,
The Buccaneer,1958,1958,Adventure|Drama|War|History,4933,movie,Cecil B. DeMille,8636,2,,,Presenter of Prologue,,,,,17,minor,,,
The Buccaneer,1958,1958,Adventure|Drama|War|History,4933,movie,Kathleen Freeman,7210,1,,,Tina,,,,,18,minor,,,
The Buccaneer,1958,1958,Adventure|Drama|War|History,4933,movie,Jerry Hartleben,1316748,2,,,Miggs,,,,,19,minor,,,
The Buccaneer,1958,1958,Adventure|Drama|War|History,4933,movie,Mimi Gibson,16762,1,,,Marjorie,,,,,20,minor,,,
The Wild Robot,2024,2024,Family|Animation|Science Fiction|Adventure,1184918,movie,Lupita Nyong'o,1267329,1,,,Roz / Rummage (voice),,,,,1,lead,,,
The Wild Robot,2024,2024,Family|Animation|Science Fiction|Adventure,1184918,movie,Pedro Pascal,1253360,2,,,Fink (voice),,,,,2,lead,,,
The Wild Robot,2024,2024,Family|Animation|Science Fiction|Adventure,1184918,movie,Kit Connor,1538851,2,,,Brightbill (voice),,,,,3,lead,,,
The Wild Robot,2024,2024,Family|Animation|Science Fiction|Adventure,1184918,movie,Bill Nighy,2440,2,,,Longneck (voice),,,,,4,supporting,,,
The Wild Robot,2024,2024,Family|Animation|Science Fiction|Adventure,1184918,movie,Stephanie Hsu,1381186,1,,,Vontra (voice),,,,,5,supporting,,,
The Wild Robot,2024,2024,Family|Animation|Science Fiction|Adventure,1184918,movie,Matt Berry,1488236,2,,,Paddler (voice),,,,,6,supporting,,,
The Wild Robot,2024,2024,Family|Animation|Science Fiction|Adventure,1184918,movie,Ving Rhames,10182,2,,,Thunderbolt (voice),,,,,7,supporting,,,
The Wild Robot,2024,2024,Family|Animation|Science Fiction|Adventure,1184918,movie,Mark Hamill,2,2,,,Thorn (voice),,,,,8,supporting,,,
The Wild Robot,2024,2024,Family|Animation|Science Fiction|Adventure,1184918,movie,Catherine O'Hara,11514,1,,,Pinktail (voice),,,,,9,supporting,,,
The Wild Robot,2024,2024,Family|Animation|Science Fiction|Adventure,1184918,movie,Boone Storm,4967567,2,,,Baby Brightbill (voice),,,,,10,supporting,,,
The Wild Robot,2024,2024,Family|Animation|Science Fiction|Adventure,1184918,movie,Alexandra Novelle,3745698,1,,,Snowdown (voice),,,,,11,minor,,,
The Wild Robot,2024,2024,Family|Animation|Science Fiction|Adventure,1184918,movie,Raphael Alejandro,1368512,2,,,Peck (voice),,,,,12,minor,,,
The Wild Robot,2024,2024,Family|Animation|Science Fiction|Adventure,1184918,movie,Paul-Mikél Williams,1975196,2,,,Feather (voice),,,,,13,minor,,,
The Wild Robot,2024,2024,Family|Animation|Science Fiction|Adventure,1184918,movie,Eddie Park,3745667,2,,,Honkington (voice),,,,,14,minor,,,
The Wild Robot,2024,2024,Family|Animation|Science Fiction|Adventure,1184918,movie,Dee Bradley Baker,23680,2,,,Raccoons / Squirrels / Badgers (voice),,,,,15,minor,,,
The Wild Robot,2024,2024,Family|Animation|Science Fiction|Adventure,1184918,movie,Randy Thom,42267,2,,,RECOs (voice),,,,,16,minor,,,
The Wild Robot,2024,2024,Family|Animation|Science Fiction|Adventure,1184918,movie,Avrielle Corti,112330,1,,,Automated Alarms (voice),,,,,17,minor,,,
The Wild Robot,2024,2024,Family|Animation|Science Fiction|Adventure,1184918,movie,Keston John,1152021,2,,,Weasel 1 (voice),,,,,18,minor,,,
The Wild Robot,2024,2024,Family|Animation|Science Fiction|Adventure,1184918,movie,Max Mittelman,1379386,2,,,Weasel 2 (voice),,,,,19,minor,,,
The Wild Robot,2024,2024,Family|Animation|Science Fiction|Adventure,1184918,movie,Piotr Michael,1449707,2,,,Broadfoot / Weasel 3 (voice),,,,,20,minor,,,
Five Nights at Freddy's 2,2025,2025,Horror|Thriller,1228246,movie,Josh Hutcherson,27972,2,,,Mike,,,,,1,lead,,,
Five Nights at Freddy's 2,2025,2025,Horror|Thriller,1228246,movie,Piper Rubio,2283930,1,,,Abby,,,,,2,lead,,,
Five Nights at Freddy's 2,2025,2025,Horror|Thriller,1228246,movie,Elizabeth Lail,1368507,1,,,Vanessa,,,,,3,lead,,,
Five Nights at Freddy's 2,2025,2025,Horror|Thriller,1228246,movie,Matthew Lillard,26457,2,,,William Afton / Yellow Rabbit,,,,,4,supporting,,,
Five Nights at Freddy's 2,2025,2025,Horror|Thriller,1228246,movie,Freddy Carter,1824301,2,,,Michael,,,,,5,supporting,,,
Five Nights at Freddy's 2,2025,2025,Horror|Thriller,1228246,movie,Wayne Knight,4201,2,,,Mr. Berg,,,,,6,supporting,,,
Five Nights at Freddy's 2,2025,2025,Horror|Thriller,1228246,movie,Mckenna Grace,1172108,1,,,Lisa,,,,,7,supporting,,,
Five Nights at Freddy's 2,2025,2025,Horror|Thriller,1228246,movie,David Andrew Calvillo,4139771,2,,,Rob,,,,,8,supporting,,,
Five Nights at Freddy's 2,2025,2025,Horror|Thriller,1228246,movie,Teo Briones,1547148,2,,,Alex,,,,,9,supporting,,,
Five Nights at Freddy's 2,2025,2025,Horror|Thriller,1228246,movie,Audrey Lynn-Marie,5797963,1,,,Charlotte,,,,,10,supporting,,,
Five Nights at Freddy's 2,2025,2025,Horror|Thriller,1228246,movie,Miriam Spumpkin,2836634,1,,,Young Vanessa,,,,,11,minor,,,
Five Nights at Freddy's 2,2025,2025,Horror|Thriller,1228246,movie,Han Soto,1116011,2,,,Marcus,,,,,12,minor,,,
Five Nights at Freddy's 2,2025,2025,Horror|Thriller,1228246,movie,Grant Feely,3277483,2,,,Blond Ghost Boy,,,,,13,minor,,,
Five Nights at Freddy's 2,2025,2025,Horror|Thriller,1228246,movie,Gavin Borders,2716286,2,,,Daniel,,,,,14,minor,,,
Five Nights at Freddy's 2,2025,2025,Horror|Thriller,1228246,movie,Bentley Cooper,5335666,2,,,Derek,,,,,15,minor,,,
Five Nights at Freddy's 2,2025,2025,Horror|Thriller,1228246,movie,Carl Palmer,164105,2,,,Harry,,,,,16,minor,,,
Five Nights at Freddy's 2,2025,2025,Horror|Thriller,1228246,movie,Ann Mahoney,29932,1,,,Margaret,,,,,17,minor,,,
Five Nights at Freddy's 2,2025,2025,Horror|Thriller,1228246,movie,Vivian Atencio,3832095,1,,,Debbie,,,,,18,minor,,,
Five Nights at Freddy's 2,2025,2025,Horror|Thriller,1228246,movie,Cindy Pol,3488137,1,,,Lorraine,,,,,19,minor,,,
Five Nights at Freddy's 2,2025,2025,Horror|Thriller,1228246,movie,Theodus Crane,1296517,2,,,Jeremiah,,,,,20,minor,,,
Influencers,2025,2025,Horror|Thriller,1476740,movie,Cassandra Naud,2458589,1,,,CW,,,,,1,lead,,,
Influencers,2025,2025,Horror|Thriller,1476740,movie,Emily Tennant,59181,1,,,Madison,,,,,2,lead,,,
Influencers,2025,2025,Horror|Thriller,1476740,movie,Georgina Campbell,1335315,1,,,Charlotte,,,,,3,lead,,,
Influencers,2025,2025,Horror|Thriller,1476740,movie,Lisa Delamar,4980097,1,,,Diane,,,,,4,supporting,,,
Influencers,2025,2025,Horror|Thriller,1476740,movie,Jonathan Whitesell,1518194,2,,,Jacob,,,,,5,supporting,,,
Influencers,2025,2025,Horror|Thriller,1476740,movie,Veronica Long,2015400,1,,,Ariana,,,,,6,supporting,,,
Influencers,2025,2025,Horror|Thriller,1476740,movie,Dylan Playfair,1098664,2,,,Cameron,,,,,7,supporting,,,
Influencers,2025,2025,Horror|Thriller,1476740,movie,Osric Chau,101016,2,,,Quentin,,,,,8,supporting,,,
Influencers,2025,2025,Horror|Thriller,1476740,movie,Liam James Collins,4389221,0,,,Chad,,,,,9,supporting,,,
Influencers,2025,2025,Horror|Thriller,1476740,movie,Lewis Raymond Taylor,3912555,2,,,Harry,,,,,10,supporting,,,
Influencers,2025,2025,Horror|Thriller,1476740,movie,Nalani Wakita,1725007,1,,,Penelope,,,,,11,minor,,,
Influencers,2025,2025,Horror|Thriller,1476740,movie,Andrew Barber,1906754,2,,,Garrett,,,,,12,minor,,,
Influencers,2025,2025,Horror|Thriller,1476740,movie,Paulo Saraiva,6173609,0,,,Georgie,,,,,13,minor,,,
Influencers,2025,2025,Horror|Thriller,1476740,movie,Marie Josée,5946635,0,,,Boutique Store Owner,,,,,14,minor,,,
Influencers,2025,2025,Horror|Thriller,1476740,movie,Isabelle Perrodeau,5946636,0,,,Beatrice,,,,,15,minor,,,
Influencers,2025,2025,Horror|Thriller,1476740,movie,Vincent Serrano,5946637,0,,,Hotel Clerk,,,,,16,minor,,,
Influencers,2025,2025,Horror|Thriller,1476740,movie,Eugénie Alquezar,3853099,0,,,Winery Guide,,,,,17,minor,,,
Influencers,2025,2025,Horror|Thriller,1476740,movie,Lyudmila Nesterova,1931944,1,,,Menton Influencer,,,,,18,minor,,,
Influencers,2025,2025,Horror|Thriller,1476740,movie,Lorenzo Butt,5946638,0,,,Menton Boy,,,,,19,minor,,,
Influencers,2025,2025,Horror|Thriller,1476740,movie,Gloria Rojas,5456705,0,,,Store Customer,,,,,20,minor,,,
Spider-Man: Brand New Day,2026,2026,Science Fiction|Action|Adventure,969681,movie,Tom Holland,1136406,2,,,Peter Parker / Spider-Man,,,,,1,lead,,,
Spider-Man: Brand New Day,2026,2026,Science Fiction|Action|Adventure,969681,movie,Zendaya,505710,1,,,MJ,,,,,2,lead,,,
Spider-Man: Brand New Day,2026,2026,Science Fiction|Action|Adventure,969681,movie,Sadie Sink,1590797,1,,,,,,,,3,lead,,,
Spider-Man: Brand New Day,2026,2026,Science Fiction|Action|Adventure,969681,movie,Jacob Batalon,1649152,2,,,Ned Leeds,,,,,4,supporting,,,
Spider-Man: Brand New Day,2026,2026,Science Fiction|Action|Adventure,969681,movie,Jon Bernthal,19498,2,,,Frank Castle / Punisher,,,,,5,supporting,,,
Spider-Man: Brand New Day,2026,2026,Science Fiction|Action|Adventure,969681,movie,Tramell Tillman,2028037,2,,,Bill,,,,,6,supporting,,,
Spider-Man: Brand New Day,2026,2026,Science Fiction|Action|Adventure,969681,movie,Michael Mando,829372,2,,,Mac Gargan,,,,,7,supporting,,,
Spider-Man: Brand New Day,2026,2026,Science Fiction|Action|Adventure,969681,movie,Mark Ruffalo,103,2,,,Bruce Banner / Hulk,,,,,8,supporting,,,
Spider-Man: Brand New Day,2026,2026,Science Fiction|Action|Adventure,969681,movie,Liza Colón-Zayas,59693,1,,,,,,,,9,supporting,,,
Spider-Man: Brand New Day,2026,2026,Science Fiction|Action|Adventure,969681,movie,Marvin Jones III,1962692,2,,,Lonnie Lincoln / Tombstone,,,,,10,supporting,,,
Spider-Man: Brand New Day,2026,2026,Science Fiction|Action|Adventure,969681,movie,Eman Esfandi,2243207,2,,,,,,,,11,minor,,,
Spider-Man: Brand New Day,2026,2026,Science Fiction|Action|Adventure,969681,movie,Keith David,65827,2,,,,,,,,12,minor,,,
Spider-Man: Brand New Day,2026,2026,Science Fiction|Action|Adventure,969681,movie,Zabryna Guevara,171955,1,,,Sheila Rivera,,,,,13,minor,,,
Spider-Man: Brand New Day,2026,2026,Science Fiction|Action|Adventure,969681,movie,Rosario Dawson,5916,1,,,Claire Temple,,,,,14,minor,,,
Shrek,2001,2001,Animation|Comedy|Fantasy|Adventure|Family,808,movie,Mike Myers,12073,2,,,Shrek / Blind Mouse (voice),,,,,1,lead,,,
Shrek,2001,2001,Animation|Comedy|Fantasy|Adventure|Family,808,movie,Eddie Murphy,776,2,,,Donkey (voice),,,,,2,lead,,,
Shrek,2001,2001,Animation|Comedy|Fantasy|Adventure|Family,808,movie,Cameron Diaz,6941,1,,,Princess Fiona (voice),,,,,3,lead,,,
Shrek,2001,2001,Animation|Comedy|Fantasy|Adventure|Family,808,movie,John Lithgow,12074,2,,,Lord Farquaad (voice),,,,,4,supporting,,,
Shrek,2001,2001,Animation|Comedy|Fantasy|Adventure|Family,808,movie,Vincent Cassel,1925,2,,,Monsieur Hood (voice),,,,,5,supporting,,,
Shrek,2001,2001,Animation|Comedy|Fantasy|Adventure|Family,808,movie,Peter Dennis,12075,2,,,Ogre Hunter (voice),,,,,6,supporting,,,
Shrek,2001,2001,Animation|Comedy|Fantasy|Adventure|Family,808,movie,Clive Pearse,12076,2,,,Ogre Hunter (voice),,,,,7,supporting,,,
Shrek,2001,2001,Animation|Comedy|Fantasy|Adventure|Family,808,movie,Jim Cummings,12077,2,,,Captain of the Guards (voice),,,,,8,supporting,,,
Shrek,2001,2001,Animation|Comedy|Fantasy|Adventure|Family,808,movie,Bobby Block,12078,2,,,Baby Bear (voice),,,,,9,supporting,,,
Shrek,2001,2001,Animation|Comedy|Fantasy|Adventure|Family,808,movie,Chris Miller,12098,2,,,Geppetto / Magic Mirror (voice),,,,,10,supporting,,,
Shrek,2001,2001,Animation|Comedy|Fantasy|Adventure|Family,808,movie,Cody Cameron,12095,2,,,Pinnochio / Three Pigs (voice),,,,,11,minor,,,
Shrek,2001,2001,Animation|Comedy|Fantasy|Adventure|Family,808,movie,Kathleen Freeman,7210,1,,,Old Woman  (voice),,,,,12,minor,,,
Shrek,2001,2001,Animation|Comedy|Fantasy|Adventure|Family,808,movie,Michael Galasso,4865931,2,,,Peter Pan (voice),,,,,13,minor,,,
Shrek,2001,2001,Animation|Comedy|Fantasy|Adventure|Family,808,movie,Christopher Knights,12097,2,,,Blind Mouse / Thelonious (voice),,,,,14,minor,,,
Shrek,2001,2001,Animation|Comedy|Fantasy|Adventure|Family,808,movie,Simon J. Smith,44114,2,,,Blind Mouse (voice),,,,,15,minor,,,
Shrek,2001,2001,Animation|Comedy|Fantasy|Adventure|Family,808,movie,Conrad Vernon,12080,2,,,Gingerbread Man (voice),,,,,16,minor,,,
Shrek,2001,2001,Animation|Comedy|Fantasy|Adventure|Family,808,movie,Jacquie Barnbrook,42291,1,,,Wrestling Man (voice),,,,,17,minor,,,
Shrek,2001,2001,Animation|Comedy|Fantasy|Adventure|Family,808,movie,Guillaume Aretos,12071,2,,,Merry Man (voice),,,,,18,minor,,,
Shrek,2001,2001,Animation|Comedy|Fantasy|Adventure|Family,808,movie,John Bisom,1235948,2,,,Merry Man (voice),,,,,19,minor,,,
Shrek,2001,2001,Animation|Comedy|Fantasy|Adventure|Family,808,movie,Matthew Gonder,1664158,2,,,Merry Man (voice),,,,,20,minor,,,
One Battle After Another,2025,2025,Thriller|Crime|Comedy,1054867,movie,Leonardo DiCaprio,6193,2,,,Bob,,,,,1,lead,,,
One Battle After Another,2025,2025,Thriller|Crime|Comedy,1054867,movie,Sean Penn,2228,2,,,Col. Steven J. Lockjaw,,,,,2,lead,,,
One Battle After Another,2025,2025,Thriller|Crime|Comedy,1054867,movie,Chase Infiniti,3914706,1,,,Willa,,,,,3,lead,,,
One Battle After Another,2025,2025,Thriller|Crime|Comedy,1054867,movie,Benicio del Toro,1121,2,,,Sensei Sergio St. Carlos,,,,,4,supporting,,,
One Battle After Another,2025,2025,Thriller|Crime|Comedy,1054867,movie,Regina Hall,35705,1,,,Deandra,,,,,5,supporting,,,
One Battle After Another,2025,2025,Thriller|Crime|Comedy,1054867,movie,Teyana Taylor,964679,1,,,Perfidia,,,,,6,supporting,,,
One Battle After Another,2025,2025,Thriller|Crime|Comedy,1054867,movie,Wood Harris,65829,2,,,Laredo,,,,,7,supporting,,,
One Battle After Another,2025,2025,Thriller|Crime|Comedy,1054867,movie,Tony Goldwyn,3417,2,,,Virgil Throckmorton,,,,,8,supporting,,,
One Battle After Another,2025,2025,Thriller|Crime|Comedy,1054867,movie,D.W. Moffett,87956,2,,,Bill Desmond,,,,,9,supporting,,,
One Battle After Another,2025,2025,Thriller|Crime|Comedy,1054867,movie,Paul Grimstad,239580,2,,,Sommerville,,,,,10,supporting,,,
One Battle After Another,2025,2025,Thriller|Crime|Comedy,1054867,movie,Dijon,5585090,2,,,Talleyrand,,,,,11,minor,,,
One Battle After Another,2025,2025,Thriller|Crime|Comedy,1054867,movie,Kevin Tighe,17770,2,,,Roy More,,,,,12,minor,,,
One Battle After Another,2025,2025,Thriller|Crime|Comedy,1054867,movie,John Hoogenakker,1188193,2,,,Tim Smith,,,,,13,minor,,,
One Battle After Another,2025,2025,Thriller|Crime|Comedy,1054867,movie,Eric Schweig,57448,2,,,Avanti,,,,,14,minor,,,
One Battle After Another,2025,2025,Thriller|Crime|Comedy,1054867,movie,April Grace,10691,1,,,Sister Rochelle,,,,,15,minor,,,
One Battle After Another,2025,2025,Thriller|Crime|Comedy,1054867,movie,Jim Downey,1221159,2,,,Sandy Irvine,,,,,16,minor,,,
One Battle After Another,2025,2025,Thriller|Crime|Comedy,1054867,movie,Alana Haim,1741367,1,,,Mae West,,,,,17,minor,,,
One Battle After Another,2025,2025,Thriller|Crime|Comedy,1054867,movie,Shayna McHayle,1810763,1,,,Junglepussy,,,,,18,minor,,,
One Battle After Another,2025,2025,Thriller|Crime|Comedy,1054867,movie,Brooklyn Demme,1716776,2,,,Sober Rick,,,,,19,minor,,,
One Battle After Another,2025,2025,Thriller|Crime|Comedy,1054867,movie,Sachi Diserafino,5707916,0,,,R.A. Rippey,,,,,20,minor,,,
Iron Man 2,2010,2010,Adventure|Action|Science Fiction,10138,movie,Robert Downey Jr.,3223,2,,,Tony Stark,,,,,1,lead,,,
Iron Man 2,2010,2010,Adventure|Action|Science Fiction,10138,movie,Gwyneth Paltrow,12052,1,,,Pepper Potts,,,,,2,lead,,,
Iron Man 2,2010,2010,Adventure|Action|Science Fiction,10138,movie,Don Cheadle,1896,2,,,Lt. Col. James 'Rhodey' Rhodes,,,,,3,lead,,,
Iron Man 2,2010,2010,Adventure|Action|Science Fiction,10138,movie,Scarlett Johansson,1245,1,,,Natalie Rushman / Natasha Romanoff,,,,,4,supporting,,,
Iron Man 2,2010,2010,Adventure|Action|Science Fiction,10138,movie,Sam Rockwell,6807,2,,,Justin Hammer,,,,,5,supporting,,,
Iron Man 2,2010,2010,Adventure|Action|Science Fiction,10138,movie,Mickey Rourke,2295,2,,,Ivan Vanko,,,,,6,supporting,,,
Iron Man 2,2010,2010,Adventure|Action|Science Fiction,10138,movie,Samuel L. Jackson,2231,2,,,Nick Fury,,,,,7,supporting,,,
Iron Man 2,2010,2010,Adventure|Action|Science Fiction,10138,movie,Clark Gregg,9048,2,,,Agent Coulson,,,,,8,supporting,,,
Iron Man 2,2010,2010,Adventure|Action|Science Fiction,10138,movie,John Slattery,21134,2,,,Howard Stark,,,,,9,supporting,,,
Iron Man 2,2010,2010,Adventure|Action|Science Fiction,10138,movie,Garry Shandling,52865,2,,,Senator Stern,,,,,10,supporting,,,
Iron Man 2,2010,2010,Adventure|Action|Science Fiction,10138,movie,Paul Bettany,6162,2,,,Jarvis (voice),,,,,11,minor,,,
Iron Man 2,2010,2010,Adventure|Action|Science Fiction,10138,movie,Kate Mara,51072,1,,,U.S. Marshal,,,,,12,minor,,,
Iron Man 2,2010,2010,Adventure|Action|Science Fiction,10138,movie,Leslie Bibb,57451,1,,,Christine Everhart,,,,,13,minor,,,
Iron Man 2,2010,2010,Adventure|Action|Science Fiction,10138,movie,Jon Favreau,15277,2,,,Happy Hogan,,,,,14,minor,,,
Iron Man 2,2010,2010,Adventure|Action|Science Fiction,10138,movie,Christiane Amanpour,73641,1,,,Christiane Amanpour,,,,,15,minor,,,
Iron Man 2,2010,2010,Adventure|Action|Science Fiction,10138,movie,Philippe Bergeron,14741,2,,,Detective Lemieux,,,,,16,minor,,,
Iron Man 2,2010,2010,Adventure|Action|Science Fiction,10138,movie,James Bethea,1209714,2,,,Security Force #1,,,,,17,minor,,,
Iron Man 2,2010,2010,Adventure|Action|Science Fiction,10138,movie,Michael Bruno,216601,2,,,Security Force #2,,,,,18,minor,,,
Iron Man 2,2010,2010,Adventure|Action|Science Fiction,10138,movie,Kate Clark,1265248,1,,,Expo Fan,,,,,19,minor,,,
Iron Man 2,2010,2010,Adventure|Action|Science Fiction,10138,movie,Luminita Docan,1265249,1,,,Russian Newscaster,,,,,20,minor,,,
Outcome,2026,2026,Comedy|Drama,1049471,movie,Keanu Reeves,6384,2,,,Reef Hawk,,,,,1,lead,,,
Outcome,2026,2026,Comedy|Drama,1049471,movie,Jonah Hill,21007,2,,,Ira Slitz,,,,,2,lead,,,
Outcome,2026,2026,Comedy|Drama,1049471,movie,Cameron Diaz,6941,1,,,Kyle Applebaum,,,,,3,lead,,,
Outcome,2026,2026,Comedy|Drama,1049471,movie,Matt Bomer,66743,2,,,Xander Alexander,,,,,4,supporting,,,
Outcome,2026,2026,Comedy|Drama,1049471,movie,Susan Lucci,194477,1,,,Dinah Hawk,,,,,5,supporting,,,
Outcome,2026,2026,Comedy|Drama,1049471,movie,Laverne Cox,1298360,1,,,Virginia Allen-Green,,,,,6,supporting,,,
Outcome,2026,2026,Comedy|Drama,1049471,movie,David Spade,60950,2,,,Buddy,,,,,7,supporting,,,
Outcome,2026,2026,Comedy|Drama,1049471,movie,Martin Scorsese,1032,2,,,Richie 'Red' Rodriguez,,,,,8,supporting,,,
Outcome,2026,2026,Comedy|Drama,1049471,movie,Atsuko Okatsuka,932639,1,,,Unis Kim,,,,,9,supporting,,,
Outcome,2026,2026,Comedy|Drama,1049471,movie,Roy Wood Jr.,1680420,2,,,Reverend Leondrus Carter,,,,,10,supporting,,,
Outcome,2026,2026,Comedy|Drama,1049471,movie,Kaia Gerber,1957145,1,,,Oksana,,,,,11,minor,,,
Outcome,2026,2026,Comedy|Drama,1049471,movie,Ivy Wolk,3195084,1,,,Sammy,,,,,12,minor,,,
Outcome,2026,2026,Comedy|Drama,1049471,movie,Welker White,93620,1,,,Savannah,,,,,13,minor,,,
Outcome,2026,2026,Comedy|Drama,1049471,movie,Drew Barrymore,69597,1,,,Drew Barrymore,,,,,14,minor,,,
Outcome,2026,2026,Comedy|Drama,1049471,movie,Cary Christopher,2407997,2,,,Skylar William Woods,,,,,15,minor,,,
Outcome,2026,2026,Comedy|Drama,1049471,movie,Lovensky Jean-Baptiste,1901777,2,,,Geoff,,,,,16,minor,,,
Outcome,2026,2026,Comedy|Drama,1049471,movie,Van Jones,1025680,2,,,Van Jones,,,,,17,minor,,,
Outcome,2026,2026,Comedy|Drama,1049471,movie,Neiko Neal,3304751,2,,,Van Jones Producer,,,,,18,minor,,,
Outcome,2026,2026,Comedy|Drama,1049471,movie,Kyle Miller,6131832,2,,,Kiyly,,,,,19,minor,,,
Outcome,2026,2026,Comedy|Drama,1049471,movie,Kristine Jones,6131835,1,,,Kendoll Jo,,,,,20,minor,,,
Mortal Kombat,2021,2021,Action|Fantasy|Adventure,460465,movie,Lewis Tan,1610940,2,,,Cole Young,,,,,1,lead,,,
Mortal Kombat,2021,2021,Action|Fantasy|Adventure,460465,movie,Jessica McNamee,136347,1,,,Sonya Blade,,,,,2,lead,,,
Mortal Kombat,2021,2021,Action|Fantasy|Adventure,460465,movie,Mehcad Brooks,51684,2,,,Jax,,,,,3,lead,,,
Mortal Kombat,2021,2021,Action|Fantasy|Adventure,460465,movie,Josh Lawson,189230,2,,,Kano,,,,,4,supporting,,,
Mortal Kombat,2021,2021,Action|Fantasy|Adventure,460465,movie,Ludi Lin,1525689,2,,,Liu Kang,,,,,5,supporting,,,
Mortal Kombat,2021,2021,Action|Fantasy|Adventure,460465,movie,Max Huang,1358974,2,,,Kung Lao,,,,,6,supporting,,,
Mortal Kombat,2021,2021,Action|Fantasy|Adventure,460465,movie,Tadanobu Asano,13275,2,,,Lord Raiden,,,,,7,supporting,,,
Mortal Kombat,2021,2021,Action|Fantasy|Adventure,460465,movie,Chin Han,101015,2,,,Shang Tsung,,,,,8,supporting,,,
Mortal Kombat,2021,2021,Action|Fantasy|Adventure,460465,movie,Hiroyuki Sanada,9195,2,,,Hanzo Hasashi / Scorpion,,,,,9,supporting,,,
Mortal Kombat,2021,2021,Action|Fantasy|Adventure,460465,movie,Joe Taslim,592496,2,,,Bi-Han / Sub-Zero,,,,,10,supporting,,,
Mortal Kombat,2021,2021,Action|Fantasy|Adventure,460465,movie,Sisi Stringer,2388882,1,,,Mileena,,,,,11,minor,,,
Mortal Kombat,2021,2021,Action|Fantasy|Adventure,460465,movie,Daniel Nelson,2881089,2,,,Kabal,,,,,12,minor,,,
Mortal Kombat,2021,2021,Action|Fantasy|Adventure,460465,movie,Matilda Kimber,2481704,1,,,Emily Young,,,,,13,minor,,,
Mortal Kombat,2021,2021,Action|Fantasy|Adventure,460465,movie,Laura Brent,962438,1,,,Allison Young,,,,,14,minor,,,
Mortal Kombat,2021,2021,Action|Fantasy|Adventure,460465,movie,Mel Jarnson,2637828,1,,,Nitara,,,,,15,minor,,,
Mortal Kombat,2021,2021,Action|Fantasy|Adventure,460465,movie,Nathan Jones,24898,2,,,Reiko,,,,,16,minor,,,
Mortal Kombat,2021,2021,Action|Fantasy|Adventure,460465,movie,Ian Streetz,2937753,2,,,Ramirez,,,,,17,minor,,,
Mortal Kombat,2021,2021,Action|Fantasy|Adventure,460465,movie,Yukiko Shinohara,1407396,1,,,Harumi Hasashi,,,,,18,minor,,,
Mortal Kombat,2021,2021,Action|Fantasy|Adventure,460465,movie,Ren Miyagawa,3033045,2,,,Satoshi 'Jubei' Hasashi,,,,,19,minor,,,
Mortal Kombat,2021,2021,Action|Fantasy|Adventure,460465,movie,Mia Hall,3034560,1,,,Hasashi's Baby,,,,,20,minor,,,
The Godfather Part II,1974,1974,Drama|Crime,240,movie,Al Pacino,1158,2,,,Don Michael Corleone,,,,,1,lead,,,
The Godfather Part II,1974,1974,Drama|Crime,240,movie,Robert Duvall,3087,2,,,Tom Hagen,,,,,2,lead,,,
The Godfather Part II,1974,1974,Drama|Crime,240,movie,Diane Keaton,3092,1,,,Kay Corleone,,,,,3,lead,,,
The Godfather Part II,1974,1974,Drama|Crime,240,movie,Robert De Niro,380,2,,,Vito Corleone,,,,,4,supporting,,,
The Godfather Part II,1974,1974,Drama|Crime,240,movie,John Cazale,3096,2,,,Frederico 'Fredo' Corleone,,,,,5,supporting,,,
The Godfather Part II,1974,1974,Drama|Crime,240,movie,Talia Shire,3094,1,,,Constanzia 'Connie' Corleone,,,,,6,supporting,,,
The Godfather Part II,1974,1974,Drama|Crime,240,movie,Lee Strasberg,3171,2,,,Hyman Roth,,,,,7,supporting,,,
The Godfather Part II,1974,1974,Drama|Crime,240,movie,Michael V. Gazzo,3172,2,,,Frank Pentangeli,,,,,8,supporting,,,
The Godfather Part II,1974,1974,Drama|Crime,240,movie,G.D. Spradlin,3173,2,,,Senator Pat Geary,,,,,9,supporting,,,
The Godfather Part II,1974,1974,Drama|Crime,240,movie,Richard Bright,3174,2,,,Al Neri,,,,,10,supporting,,,
The Godfather Part II,1974,1974,Drama|Crime,240,movie,Gastone Moschin,3281,2,,,Don Fanucci,,,,,11,minor,,,
The Godfather Part II,1974,1974,Drama|Crime,240,movie,Tom Rosqui,1213795,2,,,Rocco Lampone,,,,,12,minor,,,
The Godfather Part II,1974,1974,Drama|Crime,240,movie,Bruno Kirby,9257,2,,,Young Clemenza,,,,,13,minor,,,
The Godfather Part II,1974,1974,Drama|Crime,240,movie,Frank Sivero,11480,2,,,Genco Abbandando,,,,,14,minor,,,
The Godfather Part II,1974,1974,Drama|Crime,240,movie,Francesca De Sapio,3279,1,,,Young Mama Corleone,,,,,15,minor,,,
The Godfather Part II,1974,1974,Drama|Crime,240,movie,Morgana King,933716,1,,,Mama Corleone,,,,,16,minor,,,
The Godfather Part II,1974,1974,Drama|Crime,240,movie,Marianna Hill,15659,1,,,Deanna Corleone,,,,,17,minor,,,
The Godfather Part II,1974,1974,Drama|Crime,240,movie,Leopoldo Trieste,14151,2,,,Signor Roberto,,,,,18,minor,,,
The Godfather Part II,1974,1974,Drama|Crime,240,movie,Dominic Chianese,68186,2,,,Johnny Ola,,,,,19,minor,,,
The Godfather Part II,1974,1974,Drama|Crime,240,movie,Amerigo Tot,99788,2,,,Michael's Bodyguard,,,,,20,minor,,,
Wicked,2024,2024,Drama|Romance|Fantasy,402431,movie,Cynthia Erivo,1765068,1,,,Elphaba,,,,,1,lead,,,
Wicked,2024,2024,Drama|Romance|Fantasy,402431,movie,Ariana Grande,226001,1,,,Galinda / Glinda,,,,,2,lead,,,
Wicked,2024,2024,Drama|Romance|Fantasy,402431,movie,Michelle Yeoh,1620,1,,,Madame Morrible,,,,,3,lead,,,
Wicked,2024,2024,Drama|Romance|Fantasy,402431,movie,Jonathan Bailey,80860,2,,,Fiyero,,,,,4,supporting,,,
Wicked,2024,2024,Drama|Romance|Fantasy,402431,movie,Ethan Slater,2271410,2,,,Boq,,,,,5,supporting,,,
Wicked,2024,2024,Drama|Romance|Fantasy,402431,movie,Marissa Bode,3102321,1,,,Nessarose,,,,,6,supporting,,,
Wicked,2024,2024,Drama|Romance|Fantasy,402431,movie,Jeff Goldblum,4785,2,,,The Wonderful Wizard of Oz,,,,,7,supporting,,,
Wicked,2024,2024,Drama|Romance|Fantasy,402431,movie,Peter Dinklage,22970,2,,,Dr. Dillamond (voice),,,,,8,supporting,,,
Wicked,2024,2024,Drama|Romance|Fantasy,402431,movie,Andy Nyman,22810,2,,,Governor Thropp,,,,,9,supporting,,,
Wicked,2024,2024,Drama|Romance|Fantasy,402431,movie,Courtney-Mae Briggs,4824375,1,,,Mrs. Thropp,,,,,10,supporting,,,
Wicked,2024,2024,Drama|Romance|Fantasy,402431,movie,Bowen Yang,1564920,2,,,Pfannee,,,,,11,minor,,,
Wicked,2024,2024,Drama|Romance|Fantasy,402431,movie,Bronwyn James,1587577,1,,,Shenshen,,,,,12,minor,,,
Wicked,2024,2024,Drama|Romance|Fantasy,402431,movie,Aaron Teoh,3636639,2,,,Avaric,,,,,13,minor,,,
Wicked,2024,2024,Drama|Romance|Fantasy,402431,movie,Shaun Prendergast,1211929,2,,,Shiz President,,,,,14,minor,,,
Wicked,2024,2024,Drama|Romance|Fantasy,402431,movie,Keala Settle,1716724,1,,,Miss Coddle,,,,,15,minor,,,
Wicked,2024,2024,Drama|Romance|Fantasy,402431,movie,Sharon D. Clarke,1239745,1,,,Dulcibear (voice),,,,,16,minor,,,
Wicked,2024,2024,Drama|Romance|Fantasy,402431,movie,Jenna Boyd,1278489,1,,,Wolf Doctor (voice),,,,,17,minor,,,
Wicked,2024,2024,Drama|Romance|Fantasy,402431,movie,Colin Michael Carmichael,1512263,2,,,Professor Nikidik,,,,,18,minor,,,
Wicked,2024,2024,Drama|Romance|Fantasy,402431,movie,Lexi Lancaster,3909949,1,,,Munchkinland Kid,,,,,19,minor,,,
Wicked,2024,2024,Drama|Romance|Fantasy,402431,movie,Arlo Turner,5152461,2,,,Munchkinland Kid,,,,,20,minor,,,
Hunting Season,2025,2025,Action|Drama|Thriller,1387382,movie,Mel Gibson,2461,2,,,Bowdrie,,,,,1,lead,,,
Hunting Season,2025,2025,Action|Drama|Thriller,1387382,movie,Shelley Hennig,444211,1,,,January,,,,,2,lead,,,
Hunting Season,2025,2025,Action|Drama|Thriller,1387382,movie,Jordi Mollà,31384,2,,,Alejandro,,,,,3,lead,,,
Hunting Season,2025,2025,Action|Drama|Thriller,1387382,movie,Sofia Hublitz,1600083,1,,,Tag,,,,,4,supporting,,,
Hunting Season,2025,2025,Action|Drama|Thriller,1387382,movie,A.J. Buckley,60460,2,,,Davenport,,,,,5,supporting,,,
Hunting Season,2025,2025,Action|Drama|Thriller,1387382,movie,James DuMont,97446,2,,,Sheriff Brake,,,,,6,supporting,,,
Hunting Season,2025,2025,Action|Drama|Thriller,1387382,movie,Rocky Myers,1210153,2,,,Jensen,,,,,7,supporting,,,
Hunting Season,2025,2025,Action|Drama|Thriller,1387382,movie,Oliver Trevena,1395206,2,,,Irish,,,,,8,supporting,,,
Hunting Season,2025,2025,Action|Drama|Thriller,1387382,movie,Scarlet Rose Stallone,3258734,1,,,Lizzie,,,,,9,supporting,,,
Hunting Season,2025,2025,Action|Drama|Thriller,1387382,movie,Rob Moran,162924,2,,,Dale,,,,,10,supporting,,,
Hunting Season,2025,2025,Action|Drama|Thriller,1387382,movie,Jaylen Moore,1181296,2,,,Koontz,,,,,11,minor,,,
Hunting Season,2025,2025,Action|Drama|Thriller,1387382,movie,Randall J. Bacon,3098427,2,,,Elroy,,,,,12,minor,,,
Hunting Season,2025,2025,Action|Drama|Thriller,1387382,movie,Vladislav Lapidus,4899212,0,,,Egon,,,,,13,minor,,,
Hunting Season,2025,2025,Action|Drama|Thriller,1387382,movie,Lola Manzini,4448494,0,,,Sheena,,,,,14,minor,,,
Hunting Season,2025,2025,Action|Drama|Thriller,1387382,movie,Maxim Yurov,5393968,0,,,Phillips,,,,,15,minor,,,
Hunting Season,2025,2025,Action|Drama|Thriller,1387382,movie,Sarah Ann Mayer,5393969,0,,,Alice,,,,,16,minor,,,
Hunting Season,2025,2025,Action|Drama|Thriller,1387382,movie,Andrey Grouchko,5393970,0,,,Lev,,,,,17,minor,,,
Hunting Season,2025,2025,Action|Drama|Thriller,1387382,movie,Ivan Fomenko,3771434,0,,,Young Male Clerk,,,,,18,minor,,,
Hunting Season,2025,2025,Action|Drama|Thriller,1387382,movie,Landa,5891709,0,,,Lani (uncredited),,,,,19,minor,,,
Hunting Season,2025,2025,Action|Drama|Thriller,1387382,movie,Aaron Margulis,5994294,0,,,Bob,,,,,20,minor,,,
White Rabbit,2013,2013,Drama,300090,movie,Nick Krause,931945,2,,,Harlon,,,,,1,lead,,,
White Rabbit,2013,2013,Drama,300090,movie,Sam Trammell,131006,2,,,Darrell,,,,,2,lead,,,
White Rabbit,2013,2013,Drama,300090,movie,Britt Robertson,52018,1,,,Julie,,,,,3,lead,,,
White Rabbit,2013,2013,Drama,300090,movie,Ryan Lee,456066,2,,,Steve,,,,,4,supporting,,,
White Rabbit,2013,2013,Drama,300090,movie,Denise Williamson,483255,3,,,Alice,,,,,5,supporting,,,
White Rabbit,2013,2013,Drama,300090,movie,Dodie Brown,138608,1,,,Ruby Mackey,,,,,6,supporting,,,
White Rabbit,2013,2013,Drama,300090,movie,Carl Palmer,164105,2,,,Mr. Eastman,,,,,7,supporting,,,
White Rabbit,2013,2013,Drama,300090,movie,Billy Slaughter,62784,2,,,Dr. Clayton,,,,,8,supporting,,,
White Rabbit,2013,2013,Drama,300090,movie,Ritchie Montgomery,52885,2,,,Walt,,,,,9,supporting,,,
White Rabbit,2013,2013,Drama,300090,movie,Lawrence Turner,112285,2,,,Harvey,,,,,10,supporting,,,
White Rabbit,2013,2013,Drama,300090,movie,Robert Michael Szot,1384814,0,,,Harlon - Age 9,,,,,11,minor,,,
White Rabbit,2013,2013,Drama,300090,movie,Aaron Saxton,1187061,2,,,Bouncer,,,,,12,minor,,,
White Rabbit,2013,2013,Drama,300090,movie,Josh Warren,1181557,2,,,Duane,,,,,13,minor,,,
White Rabbit,2013,2013,Drama,300090,movie,Shirley Tregre,1384815,1,,,Teacher,,,,,14,minor,,,
Marty Supreme,2025,2025,Drama|Thriller,1317288,movie,Timothée Chalamet,1190668,2,,,Marty Mauser,,,,,1,lead,,,
Marty Supreme,2025,2025,Drama|Thriller,1317288,movie,Gwyneth Paltrow,12052,1,,,Kay Stone,,,,,2,lead,,,
Marty Supreme,2025,2025,Drama|Thriller,1317288,movie,Odessa A'zion,1972166,1,,,Rachel Mizler,,,,,3,lead,,,
Marty Supreme,2025,2025,Drama|Thriller,1317288,movie,Kevin O'Leary,1240877,2,,,Milton Rockwell,,,,,4,supporting,,,
Marty Supreme,2025,2025,Drama|Thriller,1317288,movie,"Tyler, The Creator",1133834,2,,,Wally,,,,,5,supporting,,,
Marty Supreme,2025,2025,Drama|Thriller,1317288,movie,Fran Drescher,53122,1,,,Rebecca Mauser,,,,,6,supporting,,,
Marty Supreme,2025,2025,Drama|Thriller,1317288,movie,Abel Ferrara,39104,2,,,Ezra Mishkin,,,,,7,supporting,,,
Marty Supreme,2025,2025,Drama|Thriller,1317288,movie,Emory Cohen,1041440,2,,,Ira Mizler,,,,,8,supporting,,,
Marty Supreme,2025,2025,Drama|Thriller,1317288,movie,Géza Röhrig,1454942,2,,,Béla Kletzki,,,,,9,supporting,,,
Marty Supreme,2025,2025,Drama|Thriller,1317288,movie,Koto Kawaguchi,5848473,2,,,Koto Endo,,,,,10,supporting,,,
Marty Supreme,2025,2025,Drama|Thriller,1317288,movie,Larry Sloman,61327,2,,,Murray Norkin,,,,,11,minor,,,
Marty Supreme,2025,2025,Drama|Thriller,1317288,movie,Luke Manley,5431193,2,,,Dion Galanis,,,,,12,minor,,,
Marty Supreme,2025,2025,Drama|Thriller,1317288,movie,Pico Iyer,4402301,2,,,Ram Sethi,,,,,13,minor,,,
Marty Supreme,2025,2025,Drama|Thriller,1317288,movie,Mariann Tepedino,5905967,1,,,Mariann,,,,,14,minor,,,
Marty Supreme,2025,2025,Drama|Thriller,1317288,movie,Ralph Colucci,2422123,2,,,Lloyd,,,,,15,minor,,,
Marty Supreme,2025,2025,Drama|Thriller,1317288,movie,Devorah Shubowitz,5830234,1,,,Norkin Customer,,,,,16,minor,,,
Marty Supreme,2025,2025,Drama|Thriller,1317288,movie,George Gervin,1286311,2,,,Lawrence,,,,,17,minor,,,
Marty Supreme,2025,2025,Drama|Thriller,1317288,movie,Marinel Tinnirello,5830235,2,,,Not Marty's Messenger,,,,,18,minor,,,
Marty Supreme,2025,2025,Drama|Thriller,1317288,movie,Sandra Bernhard,3664,1,,,Judy,,,,,19,minor,,,
Marty Supreme,2025,2025,Drama|Thriller,1317288,movie,John Catsimatidis,2097856,2,,,Christopher Galanis,,,,,20,minor,,,
Avatar: The Way of Water,2022,2022,Action|Adventure|Science Fiction,76600,movie,Sam Worthington,65731,2,,,Jake Sully,,,,,1,lead,,,
Avatar: The Way of Water,2022,2022,Action|Adventure|Science Fiction,76600,movie,Zoe Saldaña,8691,1,,,Neytiri,,,,,2,lead,,,
Avatar: The Way of Water,2022,2022,Action|Adventure|Science Fiction,76600,movie,Sigourney Weaver,10205,1,,,Kiri,,,,,3,lead,,,
Avatar: The Way of Water,2022,2022,Action|Adventure|Science Fiction,76600,movie,Stephen Lang,32747,2,,,Colonel Miles Quaritch,,,,,4,supporting,,,
Avatar: The Way of Water,2022,2022,Action|Adventure|Science Fiction,76600,movie,Kate Winslet,204,1,,,Ronal,,,,,5,supporting,,,
Avatar: The Way of Water,2022,2022,Action|Adventure|Science Fiction,76600,movie,Cliff Curtis,7248,2,,,Tonowari,,,,,6,supporting,,,
Avatar: The Way of Water,2022,2022,Action|Adventure|Science Fiction,76600,movie,Joel David Moore,59231,2,,,Norm Spellman,,,,,7,supporting,,,
Avatar: The Way of Water,2022,2022,Action|Adventure|Science Fiction,76600,movie,CCH Pounder,30485,1,,,Mo'at,,,,,8,supporting,,,
Avatar: The Way of Water,2022,2022,Action|Adventure|Science Fiction,76600,movie,Edie Falco,36190,1,,,General Frances Ardmore,,,,,9,supporting,,,
Avatar: The Way of Water,2022,2022,Action|Adventure|Science Fiction,76600,movie,Jemaine Clement,55936,2,,,Dr. Ian Garvin,,,,,10,supporting,,,
Avatar: The Way of Water,2022,2022,Action|Adventure|Science Fiction,76600,movie,Giovanni Ribisi,1771,2,,,Parker Selfridge,,,,,11,minor,,,
Avatar: The Way of Water,2022,2022,Action|Adventure|Science Fiction,76600,movie,Britain Dalton,1663672,2,,,Lo'ak,,,,,12,minor,,,
Avatar: The Way of Water,2022,2022,Action|Adventure|Science Fiction,76600,movie,Jamie Flatters,1729393,2,,,Neteyam,,,,,13,minor,,,
Avatar: The Way of Water,2022,2022,Action|Adventure|Science Fiction,76600,movie,Trinity Jo-Li Bliss,1895788,1,,,Tuktirey 'Tuk',,,,,14,minor,,,
Avatar: The Way of Water,2022,2022,Action|Adventure|Science Fiction,76600,movie,Jack Champion,1895760,2,,,Miles 'Spider' Socorro,,,,,15,minor,,,
Avatar: The Way of Water,2022,2022,Action|Adventure|Science Fiction,76600,movie,Brendan Cowell,129527,2,,,Mick Scoresby,,,,,16,minor,,,
Avatar: The Way of Water,2022,2022,Action|Adventure|Science Fiction,76600,movie,Bailey Bass,1140237,1,,,Tsireya,,,,,17,minor,,,
Avatar: The Way of Water,2022,2022,Action|Adventure|Science Fiction,76600,movie,Filip Geljo,1632658,2,,,Aonung,,,,,18,minor,,,
Avatar: The Way of Water,2022,2022,Action|Adventure|Science Fiction,76600,movie,Duane Evans Jr.,1615098,2,,,Rotxo,,,,,19,minor,,,
Avatar: The Way of Water,2022,2022,Action|Adventure|Science Fiction,76600,movie,Dileep Rao,95697,2,,,Dr. Max Patel,,,,,20,minor,,,
The Fantastic 4: First Steps,2025,2025,Science Fiction|Adventure|Action,617126,movie,Pedro Pascal,1253360,2,,,Reed Richards / Mister Fantastic,,,,,1,lead,,,
The Fantastic 4: First Steps,2025,2025,Science Fiction|Adventure|Action,617126,movie,Vanessa Kirby,556356,1,,,Sue Storm / Invisible Woman,,,,,2,lead,,,
The Fantastic 4: First Steps,2025,2025,Science Fiction|Adventure|Action,617126,movie,Ebon Moss-Bachrach,21042,2,,,Ben Grimm / The Thing,,,,,3,lead,,,
The Fantastic 4: First Steps,2025,2025,Science Fiction|Adventure|Action,617126,movie,Joseph Quinn,1597365,2,,,Johnny Storm / Human Torch,,,,,4,supporting,,,
The Fantastic 4: First Steps,2025,2025,Science Fiction|Adventure|Action,617126,movie,Ralph Ineson,202032,2,,,Galactus,,,,,5,supporting,,,
The Fantastic 4: First Steps,2025,2025,Science Fiction|Adventure|Action,617126,movie,Julia Garner,936970,1,,,Shalla-Bal / Silver Surfer,,,,,6,supporting,,,
The Fantastic 4: First Steps,2025,2025,Science Fiction|Adventure|Action,617126,movie,Paul Walter Hauser,1294982,2,,,Harvey Elder / Mole Man,,,,,7,supporting,,,
The Fantastic 4: First Steps,2025,2025,Science Fiction|Adventure|Action,617126,movie,Natasha Lyonne,10871,1,,,Rachel Rozman,,,,,8,supporting,,,
The Fantastic 4: First Steps,2025,2025,Science Fiction|Adventure|Action,617126,movie,Sarah Niles,65447,1,,,Lynne Nichols / F4 Chief of Staff,,,,,9,supporting,,,
The Fantastic 4: First Steps,2025,2025,Science Fiction|Adventure|Action,617126,movie,Mark Gatiss,34546,2,,,Ted Gilbert,,,,,10,supporting,,,
The Fantastic 4: First Steps,2025,2025,Science Fiction|Adventure|Action,617126,movie,Ada Scott,5542969,1,,,Franklin Richards,,,,,11,minor,,,
The Fantastic 4: First Steps,2025,2025,Science Fiction|Adventure|Action,617126,movie,Matthew Wood,71536,2,,,H.E.R.B.I.E. (voice),,,,,12,minor,,,
The Fantastic 4: First Steps,2025,2025,Science Fiction|Adventure|Action,617126,movie,Angela Jones,6100886,1,,,Mole Man Attack Witness,,,,,13,minor,,,
The Fantastic 4: First Steps,2025,2025,Science Fiction|Adventure|Action,617126,movie,Maisie Shakman,5568722,1,,,Donna / Saved Girl,,,,,14,minor,,,
The Fantastic 4: First Steps,2025,2025,Science Fiction|Adventure|Action,617126,movie,Jay Underwood,27493,2,,,Power Plant Worker #1,,,,,15,minor,,,
The Fantastic 4: First Steps,2025,2025,Science Fiction|Adventure|Action,617126,movie,Michael Bailey Smith,37008,2,,,Power Plant Worker #2,,,,,16,minor,,,
The Fantastic 4: First Steps,2025,2025,Science Fiction|Adventure|Action,617126,movie,Alex Hyde-White,747,2,,,ABC Newscaster William Russell,,,,,17,minor,,,
The Fantastic 4: First Steps,2025,2025,Science Fiction|Adventure|Action,617126,movie,Rebecca Staab,88168,1,,,Channel 9 Newscaster Carolyn Haynes,,,,,18,minor,,,
The Fantastic 4: First Steps,2025,2025,Science Fiction|Adventure|Action,617126,movie,Patrick Miller,2659319,0,,,Larry the Lobbyist,,,,,19,minor,,,
The Fantastic 4: First Steps,2025,2025,Science Fiction|Adventure|Action,617126,movie,Mather Zickel,282835,2,,,Boston Newscaster,,,,,20,minor,,,
Our Fault,2025,2025,Romance|Drama,1156594,movie,Nicole Wallace,2527414,1,,,Noah Morán,,,,,1,lead,,,
Our Fault,2025,2025,Romance|Drama,1156594,movie,Gabriel Guevara,2786960,2,,,Nick Leister,,,,,2,lead,,,
Our Fault,2025,2025,Romance|Drama,1156594,movie,Gabriela Andrada,3513082,1,,,Sofía Zabala,,,,,3,lead,,,
Our Fault,2025,2025,Romance|Drama,1156594,movie,Marta Hazas,970027,1,,,Rafaella Leister,,,,,4,supporting,,,
Our Fault,2025,2025,Romance|Drama,1156594,movie,Goya Toledo,261,1,,,Anabel,,,,,5,supporting,,,
Our Fault,2025,2025,Romance|Drama,1156594,movie,Iván Sánchez,1251336,2,,,William Leister,,,,,6,supporting,,,
Our Fault,2025,2025,Romance|Drama,1156594,movie,Felipe Londoño,3117422,0,,,Luca,,,,,7,supporting,,,
Our Fault,2025,2025,Romance|Drama,1156594,movie,Fran Berenguer,3212974,0,,,Ronnie,,,,,8,supporting,,,
Our Fault,2025,2025,Romance|Drama,1156594,movie,Alex Bejar,3904252,1,,,Briar,,,,,9,supporting,,,
Our Fault,2025,2025,Romance|Drama,1156594,movie,Javier Morgade,2785763,2,,,Michael,,,,,10,supporting,,,
Our Fault,2025,2025,Romance|Drama,1156594,movie,Sergi Mateu,549833,2,,,Andrew Leister,,,,,11,minor,,,
Our Fault,2025,2025,Romance|Drama,1156594,movie,Gary Anthony Stennette,2014129,2,,,Baxwell,,,,,12,minor,,,
Our Fault,2025,2025,Romance|Drama,1156594,movie,Noah Casas,4105608,0,,,Maggie,,,,,13,minor,,,
Our Fault,2025,2025,Romance|Drama,1156594,movie,Vianessa Castaños,4121704,1,,,Rosi,,,,,14,minor,,,
Our Fault,2025,2025,Romance|Drama,1156594,movie,Eva Ruiz,4105602,1,,,Jenna,,,,,15,minor,,,
Our Fault,2025,2025,Romance|Drama,1156594,movie,Mariano Venancio,56468,2,,,Martin,,,,,16,minor,,,
Our Fault,2025,2025,Romance|Drama,1156594,movie,Víctor Varona,2126335,2,,,Lion,,,,,17,minor,,,
Our Fault,2025,2025,Romance|Drama,1156594,movie,Jaime Ordóñez,1206196,2,,,Esteban,,,,,18,minor,,,
Our Fault,2025,2025,Romance|Drama,1156594,movie,Fran Morcillo,1983424,2,,,Simón,,,,,19,minor,,,
Dune,2021,2021,Science Fiction|Adventure,438631,movie,Timothée Chalamet,1190668,2,,,Paul Atreides,,,,,1,lead,,,
Dune,2021,2021,Science Fiction|Adventure,438631,movie,Rebecca Ferguson,933238,1,,,Lady Jessica Atreides,,,,,2,lead,,,
Dune,2021,2021,Science Fiction|Adventure,438631,movie,Oscar Isaac,25072,2,,,Duke Leto Atreides,,,,,3,lead,,,
Dune,2021,2021,Science Fiction|Adventure,438631,movie,Jason Momoa,117642,2,,,Duncan Idaho,,,,,4,supporting,,,
Dune,2021,2021,Science Fiction|Adventure,438631,movie,Stellan Skarsgård,1640,2,,,Baron Vladimir Harkonnen,,,,,5,supporting,,,
Dune,2021,2021,Science Fiction|Adventure,438631,movie,Stephen McKinley Henderson,196179,2,,,Thufir Hawat,,,,,6,supporting,,,
Dune,2021,2021,Science Fiction|Adventure,438631,movie,Josh Brolin,16851,2,,,Gurney Halleck,,,,,7,supporting,,,
Dune,2021,2021,Science Fiction|Adventure,438631,movie,Javier Bardem,3810,2,,,Stilgar,,,,,8,supporting,,,
Dune,2021,2021,Science Fiction|Adventure,438631,movie,Sharon Duncan-Brewster,195666,1,,,Dr. Liet Kynes,,,,,9,supporting,,,
Dune,2021,2021,Science Fiction|Adventure,438631,movie,Chang Chen,1622,2,,,Dr. Wellington Yueh,,,,,10,supporting,,,
Dune,2021,2021,Science Fiction|Adventure,438631,movie,Dave Bautista,543530,2,,,Beast Rabban Harkonnen,,,,,11,minor,,,
Dune,2021,2021,Science Fiction|Adventure,438631,movie,David Dastmalchian,83854,2,,,Piter de Vries,,,,,12,minor,,,
Dune,2021,2021,Science Fiction|Adventure,438631,movie,Zendaya,505710,1,,,Chani,,,,,13,minor,,,
Dune,2021,2021,Science Fiction|Adventure,438631,movie,Charlotte Rampling,44079,1,,,Reverend Mother Mohiam,,,,,14,minor,,,
Dune,2021,2021,Science Fiction|Adventure,438631,movie,Babs Olusanmokun,205923,2,,,Jamis,,,,,15,minor,,,
Dune,2021,2021,Science Fiction|Adventure,438631,movie,Benjamin Clementine,3185383,2,,,Herald of the Change,,,,,16,minor,,,
Dune,2021,2021,Science Fiction|Adventure,438631,movie,Souad Faress,261927,1,,,Bene Gesserit Sister,,,,,17,minor,,,
Dune,2021,2021,Science Fiction|Adventure,438631,movie,Golda Rosheuvel,1856875,1,,,Shadout Mapes,,,,,18,minor,,,
Dune,2021,2021,Science Fiction|Adventure,438631,movie,Roger Yuan,2974,2,,,Lieutenant Lanville,,,,,19,minor,,,
Dune,2021,2021,Science Fiction|Adventure,438631,movie,Seun Shote,2411333,2,,,Arrakeen Residency Gardener,,,,,20,minor,,,
Moana 2,2024,2024,Adventure|Animation|Comedy|Family|Fantasy,1241982,movie,Auliʻi Cravalho,1564846,1,,,Moana (voice),,,,,1,lead,,,
Moana 2,2024,2024,Adventure|Animation|Comedy|Family|Fantasy,1241982,movie,Dwayne Johnson,18918,2,,,Maui (voice),,,,,2,lead,,,
Moana 2,2024,2024,Adventure|Animation|Comedy|Family|Fantasy,1241982,movie,Hualālai Chung,4775908,2,,,Moni (voice),,,,,3,lead,,,
Moana 2,2024,2024,Adventure|Animation|Comedy|Family|Fantasy,1241982,movie,Rose Matafeo,1868823,1,,,Loto (voice),,,,,4,supporting,,,
Moana 2,2024,2024,Adventure|Animation|Comedy|Family|Fantasy,1241982,movie,David Fane,55937,2,,,Kele (voice),,,,,5,supporting,,,
Moana 2,2024,2024,Adventure|Animation|Comedy|Family|Fantasy,1241982,movie,Awhimai Fraser,3819173,1,,,Matangi (voice),,,,,6,supporting,,,
Moana 2,2024,2024,Adventure|Animation|Comedy|Family|Fantasy,1241982,movie,Khaleesi Lambert-Tsuda,4775906,1,,,Simea (voice),,,,,7,supporting,,,
Moana 2,2024,2024,Adventure|Animation|Comedy|Family|Fantasy,1241982,movie,Temuera Morrison,7242,2,,,Chief Tui (voice),,,,,8,supporting,,,
Moana 2,2024,2024,Adventure|Animation|Comedy|Family|Fantasy,1241982,movie,Nicole Scherzinger,151246,1,,,Sina (voice),,,,,9,supporting,,,
Moana 2,2024,2024,Adventure|Animation|Comedy|Family|Fantasy,1241982,movie,Rachel House,15298,1,,,Gramma Tala (voice),,,,,10,supporting,,,
Moana 2,2024,2024,Adventure|Animation|Comedy|Family|Fantasy,1241982,movie,Gerald Ramsey,4877023,2,,,Tautai Vasa (voice),,,,,11,minor,,,
Moana 2,2024,2024,Adventure|Animation|Comedy|Family|Fantasy,1241982,movie,Alan Tudyk,21088,2,,,Heihei (voice),,,,,12,minor,,,
Moana 2,2024,2024,Adventure|Animation|Comedy|Family|Fantasy,1241982,movie,Jemaine Clement,55936,2,,,Tamatoa (voice),,,,,13,minor,,,
Moana 2,2024,2024,Adventure|Animation|Comedy|Family|Fantasy,1241982,movie,Tofiga Fepulea'i,1189815,2,,,Nalo (voice),,,,,14,minor,,,
Moana 2,2024,2024,Adventure|Animation|Comedy|Family|Fantasy,1241982,movie,Jasmine Johnson,5077784,0,,,Moanabe (voice),,,,,15,minor,,,
Moana 2,2024,2024,Adventure|Animation|Comedy|Family|Fantasy,1241982,movie,Tiana Johnson,5076337,0,,,Moanabe (voice),,,,,16,minor,,,
Moana 2,2024,2024,Adventure|Animation|Comedy|Family|Fantasy,1241982,movie,Ata Maivia Johnson,5076338,1,,,Villager (voice),,,,,17,minor,,,
Moana 2,2024,2024,Adventure|Animation|Comedy|Family|Fantasy,1241982,movie,Bryson Chun,2088964,2,,,Additional Voices (voice),,,,,18,minor,,,
Moana 2,2024,2024,Adventure|Animation|Comedy|Family|Fantasy,1241982,movie,Noemi Josefina Flores,3988596,1,,,Additional Voices (voice),,,,,19,minor,,,
Moana 2,2024,2024,Adventure|Animation|Comedy|Family|Fantasy,1241982,movie,Setarosa Tuitasi-Ledoux,5076340,0,,,Additional Voices (voice),,,,,20,minor,,,
Frankenstein,2025,2025,Drama|Fantasy|Horror,1062722,movie,Oscar Isaac,25072,2,,,Victor Frankenstein,,,,,1,lead,,,
Frankenstein,2025,2025,Drama|Fantasy|Horror,1062722,movie,Jacob Elordi,2034418,2,,,The Creature,,,,,2,lead,,,
Frankenstein,2025,2025,Drama|Fantasy|Horror,1062722,movie,Christoph Waltz,27319,2,,,Harlander,,,,,3,lead,,,
Frankenstein,2025,2025,Drama|Fantasy|Horror,1062722,movie,Mia Goth,1137824,1,,,Elizabeth / Claire Frankenstein,,,,,4,supporting,,,
Frankenstein,2025,2025,Drama|Fantasy|Horror,1062722,movie,Felix Kammerer,3631223,2,,,William Frankenstein,,,,,5,supporting,,,
Frankenstein,2025,2025,Drama|Fantasy|Horror,1062722,movie,Charles Dance,4391,2,,,Leopold Frankenstein,,,,,6,supporting,,,
Frankenstein,2025,2025,Drama|Fantasy|Horror,1062722,movie,David Bradley,11180,2,,,Blind Man,,,,,7,supporting,,,
Frankenstein,2025,2025,Drama|Fantasy|Horror,1062722,movie,Lars Mikkelsen,71158,2,,,Captain Anderson,,,,,8,supporting,,,
Frankenstein,2025,2025,Drama|Fantasy|Horror,1062722,movie,Christian Convery,1721268,2,,,Young Victor Frankenstein,,,,,9,supporting,,,
Frankenstein,2025,2025,Drama|Fantasy|Horror,1062722,movie,Nikolaj Lie Kaas,1018,2,,,Chief Officer Larsen,,,,,10,supporting,,,
Frankenstein,2025,2025,Drama|Fantasy|Horror,1062722,movie,Kyle Gatehouse,131335,2,,,Young Hunter,,,,,11,minor,,,
Frankenstein,2025,2025,Drama|Fantasy|Horror,1062722,movie,Lauren Collins,88620,1,,,Hunter's Wife,,,,,12,minor,,,
Frankenstein,2025,2025,Drama|Fantasy|Horror,1062722,movie,Sofia Galasso,4277267,1,,,Anna-Maria,,,,,13,minor,,,
Frankenstein,2025,2025,Drama|Fantasy|Horror,1062722,movie,Joachim Fjelstrup,1444187,2,,,Dr. Udsen,,,,,14,minor,,,
Frankenstein,2025,2025,Drama|Fantasy|Horror,1062722,movie,Ralph Ineson,202032,2,,,Professor Krempe,,,,,15,minor,,,
Frankenstein,2025,2025,Drama|Fantasy|Horror,1062722,movie,Peter Millard,3636248,2,,,Professor Stokeld,,,,,16,minor,,,
Frankenstein,2025,2025,Drama|Fantasy|Horror,1062722,movie,Peter MacNeill,229,2,,,Professor Maurus,,,,,17,minor,,,
Frankenstein,2025,2025,Drama|Fantasy|Horror,1062722,movie,Burn Gorman,39659,2,,,Executioner,,,,,18,minor,,,
Frankenstein,2025,2025,Drama|Fantasy|Horror,1062722,movie,Sean Sullivan,2456,2,,,Old Hunter #1,,,,,19,minor,,,
Frankenstein,2025,2025,Drama|Fantasy|Horror,1062722,movie,Stuart Hughes,116487,2,,,Old Hunter #2,,,,,20,minor,,,
Mission: Impossible - The Final Reckoning,2025,2025,Action|Thriller|Adventure,575265,movie,Tom Cruise,500,2,,,Ethan Hunt,,,,,1,lead,,,
Mission: Impossible - The Final Reckoning,2025,2025,Action|Thriller|Adventure,575265,movie,Hayley Atwell,39459,1,,,Grace,,,,,2,lead,,,
Mission: Impossible - The Final Reckoning,2025,2025,Action|Thriller|Adventure,575265,movie,Ving Rhames,10182,2,,,Luther Stickell,,,,,3,lead,,,
Mission: Impossible - The Final Reckoning,2025,2025,Action|Thriller|Adventure,575265,movie,Simon Pegg,11108,2,,,Benji Dunn,,,,,4,supporting,,,
Mission: Impossible - The Final Reckoning,2025,2025,Action|Thriller|Adventure,575265,movie,Esai Morales,65344,2,,,Gabriel,,,,,5,supporting,,,
Mission: Impossible - The Final Reckoning,2025,2025,Action|Thriller|Adventure,575265,movie,Pom Klementieff,139820,1,,,Paris,,,,,6,supporting,,,
Mission: Impossible - The Final Reckoning,2025,2025,Action|Thriller|Adventure,575265,movie,Henry Czerny,15319,2,,,Kittridge,,,,,7,supporting,,,
Mission: Impossible - The Final Reckoning,2025,2025,Action|Thriller|Adventure,575265,movie,Holt McCallany,7497,2,,,Serling,,,,,8,supporting,,,
Mission: Impossible - The Final Reckoning,2025,2025,Action|Thriller|Adventure,575265,movie,Janet McTeer,47627,1,,,Walters,,,,,9,supporting,,,
Mission: Impossible - The Final Reckoning,2025,2025,Action|Thriller|Adventure,575265,movie,Nick Offerman,17039,2,,,General Sidney,,,,,10,supporting,,,
Mission: Impossible - The Final Reckoning,2025,2025,Action|Thriller|Adventure,575265,movie,Hannah Waddingham,1278487,1,,,Admiral Neely,,,,,11,minor,,,
Mission: Impossible - The Final Reckoning,2025,2025,Action|Thriller|Adventure,575265,movie,Tramell Tillman,2028037,2,,,Captain Bledsoe,,,,,12,minor,,,
Mission: Impossible - The Final Reckoning,2025,2025,Action|Thriller|Adventure,575265,movie,Angela Bassett,9780,1,,,Erika Sloane,,,,,13,minor,,,
Mission: Impossible - The Final Reckoning,2025,2025,Action|Thriller|Adventure,575265,movie,Shea Whigham,74242,2,,,Briggs,,,,,14,minor,,,
Mission: Impossible - The Final Reckoning,2025,2025,Action|Thriller|Adventure,575265,movie,Greg Tarzan Davis,2080646,2,,,Degas,,,,,15,minor,,,
Mission: Impossible - The Final Reckoning,2025,2025,Action|Thriller|Adventure,575265,movie,Charles Parnell,124112,2,,,Richards,,,,,16,minor,,,
Mission: Impossible - The Final Reckoning,2025,2025,Action|Thriller|Adventure,575265,movie,Mark Gatiss,34546,2,,,Angstrom,,,,,17,minor,,,
Mission: Impossible - The Final Reckoning,2025,2025,Action|Thriller|Adventure,575265,movie,Rolf Saxon,151438,2,,,William Donloe,,,,,18,minor,,,
Mission: Impossible - The Final Reckoning,2025,2025,Action|Thriller|Adventure,575265,movie,Lucy Tulugarjuk,97302,1,,,Tapeesa,,,,,19,minor,,,
Mission: Impossible - The Final Reckoning,2025,2025,Action|Thriller|Adventure,575265,movie,Cary Elwes,2130,2,,,Denlinger,,,,,20,minor,,,
A Minecraft Movie,2025,2025,Family|Fantasy|Comedy|Adventure,950387,movie,Jason Momoa,117642,2,,,Garrett,,,,,1,lead,,,
A Minecraft Movie,2025,2025,Family|Fantasy|Comedy|Adventure,950387,movie,Jack Black,70851,2,,,Steve,,,,,2,lead,,,
A Minecraft Movie,2025,2025,Family|Fantasy|Comedy|Adventure,950387,movie,Sebastian Eugene Hansen,2680307,2,,,Henry,,,,,3,lead,,,
A Minecraft Movie,2025,2025,Family|Fantasy|Comedy|Adventure,950387,movie,Emma Myers,2604515,1,,,Natalie,,,,,4,supporting,,,
A Minecraft Movie,2025,2025,Family|Fantasy|Comedy|Adventure,950387,movie,Danielle Brooks,1075037,1,,,Dawn,,,,,5,supporting,,,
A Minecraft Movie,2025,2025,Family|Fantasy|Comedy|Adventure,950387,movie,Jennifer Coolidge,38334,1,,,Vice Principal Marlene,,,,,6,supporting,,,
A Minecraft Movie,2025,2025,Family|Fantasy|Comedy|Adventure,950387,movie,Rachel House,15298,1,,,Malgosha (voice),,,,,7,supporting,,,
A Minecraft Movie,2025,2025,Family|Fantasy|Comedy|Adventure,950387,movie,Allan Henry,1207281,2,,,Malgosha (Creature Performer),,,,,8,supporting,,,
A Minecraft Movie,2025,2025,Family|Fantasy|Comedy|Adventure,950387,movie,Bram Scott-Breheny,5345339,2,,,Young Steve,,,,,9,supporting,,,
A Minecraft Movie,2025,2025,Family|Fantasy|Comedy|Adventure,950387,movie,Moana Williams,5345340,2,,,Young Garrett,,,,,10,supporting,,,
A Minecraft Movie,2025,2025,Family|Fantasy|Comedy|Adventure,950387,movie,Jemaine Clement,55936,2,,,Daryl / Bruce (voice),,,,,11,minor,,,
A Minecraft Movie,2025,2025,Family|Fantasy|Comedy|Adventure,950387,movie,Mark Wright,81881,2,,,HR Person,,,,,12,minor,,,
A Minecraft Movie,2025,2025,Family|Fantasy|Comedy|Adventure,950387,movie,Yvette Parsons,1542446,1,,,Delivery Person,,,,,13,minor,,,
A Minecraft Movie,2025,2025,Family|Fantasy|Comedy|Adventure,950387,movie,Hiram Garcia,5347305,2,,,Mr. Gunchie,,,,,14,minor,,,
A Minecraft Movie,2025,2025,Family|Fantasy|Comedy|Adventure,950387,movie,Bret McKenzie,105584,2,,,Nitwit Onset Performer,,,,,15,minor,,,
A Minecraft Movie,2025,2025,Family|Fantasy|Comedy|Adventure,950387,movie,Jared Hess,53925,2,,,General Chungus (voice),,,,,16,minor,,,
A Minecraft Movie,2025,2025,Family|Fantasy|Comedy|Adventure,950387,movie,Batanai Mashingaidze,5234074,1,,,Matty the Waitress,,,,,17,minor,,,
A Minecraft Movie,2025,2025,Family|Fantasy|Comedy|Adventure,950387,movie,Amanda Billing,1236969,1,,,Henry's Mother,,,,,18,minor,,,
A Minecraft Movie,2025,2025,Family|Fantasy|Comedy|Adventure,950387,movie,Tommy Broadmore,5345349,2,,,Trevor,,,,,19,minor,,,
A Minecraft Movie,2025,2025,Family|Fantasy|Comedy|Adventure,950387,movie,Frankie Creagh-Leslie,2155937,2,,,Trevor's Friend,,,,,20,minor,,,
Van Helsing,2004,2004,Horror|Adventure|Action,7131,movie,Hugh Jackman,6968,2,,,Van Helsing,,,,,1,lead,,,
Van Helsing,2004,2004,Horror|Adventure|Action,7131,movie,Kate Beckinsale,3967,1,,,Anna Valerious,,,,,2,lead,,,
Van Helsing,2004,2004,Horror|Adventure|Action,7131,movie,Richard Roxburgh,12206,2,,,Count Vladislaus Dracula,,,,,3,lead,,,
Van Helsing,2004,2004,Horror|Adventure|Action,7131,movie,Josie Maran,74651,1,,,Marishka,,,,,4,supporting,,,
Van Helsing,2004,2004,Horror|Adventure|Action,7131,movie,David Wenham,1371,2,,,Carl,,,,,5,supporting,,,
Van Helsing,2004,2004,Horror|Adventure|Action,7131,movie,Shuler Hensley,96892,2,,,Frankenstein's Monster,,,,,6,supporting,,,
Van Helsing,2004,2004,Horror|Adventure|Action,7131,movie,Elena Anaya,3623,1,,,Aleera,,,,,7,supporting,,,
Van Helsing,2004,2004,Horror|Adventure|Action,7131,movie,Kevin J. O'Connor,18916,2,,,Igor,,,,,8,supporting,,,
Van Helsing,2004,2004,Horror|Adventure|Action,7131,movie,Alun Armstrong,2629,2,,,Cardinal Jinette,,,,,9,supporting,,,
Van Helsing,2004,2004,Horror|Adventure|Action,7131,movie,Will Kemp,54500,2,,,Velkan,,,,,10,supporting,,,
Van Helsing,2004,2004,Horror|Adventure|Action,7131,movie,Silvia Colloca,141492,1,,,Verona,,,,,11,minor,,,
Van Helsing,2004,2004,Horror|Adventure|Action,7131,movie,Tom Fisher,27678,2,,,Top Hat,,,,,12,minor,,,
Van Helsing,2004,2004,Horror|Adventure|Action,7131,movie,Samuel West,54447,2,,,Dr. Victor Frankenstein,,,,,13,minor,,,
Van Helsing,2004,2004,Horror|Adventure|Action,7131,movie,Robbie Coltrane,1923,2,,,Mr. Hyde (voice),,,,,14,minor,,,
Van Helsing,2004,2004,Horror|Adventure|Action,7131,movie,Stephen Fisher,141493,0,,,Dr. Jekyll,,,,,15,minor,,,
Van Helsing,2004,2004,Horror|Adventure|Action,7131,movie,Dana Morávková,544240,1,,,Barmaid,,,,,16,minor,,,
Van Helsing,2004,2004,Horror|Adventure|Action,7131,movie,Zuzana Ďurdinová,2388418,1,,,Opera Singer,,,,,17,minor,,,
Van Helsing,2004,2004,Horror|Adventure|Action,7131,movie,Jaroslav Vízner,2283629,2,,,Gendarme,,,,,18,minor,,,
Van Helsing,2004,2004,Horror|Adventure|Action,7131,movie,Marek Vašut,10849,2,,,Villager,,,,,19,minor,,,
Van Helsing,2004,2004,Horror|Adventure|Action,7131,movie,Samantha Sommers,2671558,1,,,Vampire Child,,,,,20,minor,,,
Se7en,1995,1995,Crime|Mystery|Thriller,807,movie,Morgan Freeman,192,2,,,Somerset,,,,,1,lead,,,
Se7en,1995,1995,Crime|Mystery|Thriller,807,movie,Brad Pitt,287,2,,,Mills,,,,,2,lead,,,
Se7en,1995,1995,Crime|Mystery|Thriller,807,movie,Gwyneth Paltrow,12052,1,,,Tracy,,,,,3,lead,,,
Se7en,1995,1995,Crime|Mystery|Thriller,807,movie,John Cassini,12055,2,,,Officer Davis,,,,,4,supporting,,,
Se7en,1995,1995,Crime|Mystery|Thriller,807,movie,Peter Crombie,30487,2,,,Dr. O'Neill,,,,,5,supporting,,,
Se7en,1995,1995,Crime|Mystery|Thriller,807,movie,Reg E. Cathey,38951,2,,,Dr. Santiago,,,,,6,supporting,,,
Se7en,1995,1995,Crime|Mystery|Thriller,807,movie,R. Lee Ermey,8655,2,,,Police Captain,,,,,7,supporting,,,
Se7en,1995,1995,Crime|Mystery|Thriller,807,movie,Daniel Zacapa,12054,2,,,Detective Taylor at First Murder,,,,,8,supporting,,,
Se7en,1995,1995,Crime|Mystery|Thriller,807,movie,Andrew Kevin Walker,12047,2,,,Dead Man at 1st Crime Scene,,,,,9,supporting,,,
Se7en,1995,1995,Crime|Mystery|Thriller,807,movie,George Christy,1583695,2,,,Workman at Door of Somerset's Office,,,,,10,supporting,,,
Se7en,1995,1995,Crime|Mystery|Thriller,807,movie,Endre Hules,43461,2,,,Cab Driver,,,,,11,minor,,,
Se7en,1995,1995,Crime|Mystery|Thriller,807,movie,Hawthorne James,12056,2,,,George the Night Guard at the Library,,,,,12,minor,,,
Se7en,1995,1995,Crime|Mystery|Thriller,807,movie,Bob Mack,4294859,2,,,Gluttony Victim,,,,,13,minor,,,
Se7en,1995,1995,Crime|Mystery|Thriller,807,movie,William Davidson,1025337,2,,,First Guard at the Library,,,,,14,minor,,,
Se7en,1995,1995,Crime|Mystery|Thriller,807,movie,Bob Collins,1055173,2,,,Second Guard at the Library,,,,,15,minor,,,
Se7en,1995,1995,Crime|Mystery|Thriller,807,movie,Jimmy Dale Hartsell,4207972,2,,,Library Janitor,,,,,16,minor,,,
Se7en,1995,1995,Crime|Mystery|Thriller,807,movie,Richard Roundtree,6487,2,,,Talbot,,,,,17,minor,,,
Se7en,1995,1995,Crime|Mystery|Thriller,807,movie,Charline Su,4294870,1,,,TV News Reporter,,,,,18,minor,,,
Se7en,1995,1995,Crime|Mystery|Thriller,807,movie,Dominique Jennings,95200,1,,,TV News Reporter,,,,,19,minor,,,
Se7en,1995,1995,Crime|Mystery|Thriller,807,movie,Allan Kolman,31533,2,,,First Forensic Man in the Law Office,,,,,20,minor,,,
Shang-Chi and the Legend of the Ten Rings,2021,2021,Action|Adventure|Fantasy,566525,movie,Simu Liu,1489211,2,,,Shaun / Shang-Chi,,,,,1,lead,,,
Shang-Chi and the Legend of the Ten Rings,2021,2021,Action|Adventure|Fantasy,566525,movie,Tony Leung Chiu-wai,1337,2,,,Xu Wenwu,,,,,2,lead,,,
Shang-Chi and the Legend of the Ten Rings,2021,2021,Action|Adventure|Fantasy,566525,movie,Awkwafina,1625558,1,,,Katy,,,,,3,lead,,,
Shang-Chi and the Legend of the Ten Rings,2021,2021,Action|Adventure|Fantasy,566525,movie,Ben Kingsley,2282,2,,,Trevor Slattery,,,,,4,supporting,,,
Shang-Chi and the Legend of the Ten Rings,2021,2021,Action|Adventure|Fantasy,566525,movie,Zhang Meng'er,2979464,1,,,Xialing,,,,,5,supporting,,,
Shang-Chi and the Legend of the Ten Rings,2021,2021,Action|Adventure|Fantasy,566525,movie,Fala Chen,123701,1,,,Li,,,,,6,supporting,,,
Shang-Chi and the Legend of the Ten Rings,2021,2021,Action|Adventure|Fantasy,566525,movie,Michelle Yeoh,1620,1,,,Ying Nan,,,,,7,supporting,,,
Shang-Chi and the Legend of the Ten Rings,2021,2021,Action|Adventure|Fantasy,566525,movie,Yuen Wah,57609,2,,,Master Guang Bo,,,,,8,supporting,,,
Shang-Chi and the Legend of the Ten Rings,2021,2021,Action|Adventure|Fantasy,566525,movie,Florian Munteanu,1998541,2,,,Razor Fist,,,,,9,supporting,,,
Shang-Chi and the Legend of the Ten Rings,2021,2021,Action|Adventure|Fantasy,566525,movie,Andy Le,1068877,2,,,Death Dealer,,,,,10,supporting,,,
Shang-Chi and the Legend of the Ten Rings,2021,2021,Action|Adventure|Fantasy,566525,movie,Paul He,3074780,2,,,Chancellor Hui,,,,,11,minor,,,
Shang-Chi and the Legend of the Ten Rings,2021,2021,Action|Adventure|Fantasy,566525,movie,Jayden Tianyi Zhang,3201062,2,,,Young Shang-Chi,,,,,12,minor,,,
Shang-Chi and the Legend of the Ten Rings,2021,2021,Action|Adventure|Fantasy,566525,movie,Elodie Fong,3218942,1,,,Young Xialing,,,,,13,minor,,,
Shang-Chi and the Legend of the Ten Rings,2021,2021,Action|Adventure|Fantasy,566525,movie,Arnold Sun,3216792,2,,,Teen Shang-Chi,,,,,14,minor,,,
Shang-Chi and the Legend of the Ten Rings,2021,2021,Action|Adventure|Fantasy,566525,movie,Stephanie Hsu,1381186,1,,,Soo,,,,,15,minor,,,
Shang-Chi and the Legend of the Ten Rings,2021,2021,Action|Adventure|Fantasy,566525,movie,Kunal Dudheker,2422160,2,,,John,,,,,16,minor,,,
Shang-Chi and the Legend of the Ten Rings,2021,2021,Action|Adventure|Fantasy,566525,movie,Tsai Chin,10075,1,,,Waipo,,,,,17,minor,,,
Shang-Chi and the Legend of the Ten Rings,2021,2021,Action|Adventure|Fantasy,566525,movie,Jodi Long,44059,1,,,Mrs. Chen,,,,,18,minor,,,
Shang-Chi and the Legend of the Ten Rings,2021,2021,Action|Adventure|Fantasy,566525,movie,Dallas Liu,1792920,2,,,Ruihua,,,,,19,minor,,,
Shang-Chi and the Legend of the Ten Rings,2021,2021,Action|Adventure|Fantasy,566525,movie,Ronny Chieng,1319469,2,,,Jon Jon,,,,,20,minor,,,
Blade Runner 2049,2017,2017,Science Fiction|Drama,335984,movie,Ryan Gosling,30614,2,,,'K',,,,,1,lead,,,
Blade Runner 2049,2017,2017,Science Fiction|Drama,335984,movie,Harrison Ford,3,2,,,Rick Deckard,,,,,2,lead,,,
Blade Runner 2049,2017,2017,Science Fiction|Drama,335984,movie,Ana de Armas,224513,1,,,Joi,,,,,3,lead,,,
Blade Runner 2049,2017,2017,Science Fiction|Drama,335984,movie,Dave Bautista,543530,2,,,Sapper Morton,,,,,4,supporting,,,
Blade Runner 2049,2017,2017,Science Fiction|Drama,335984,movie,Robin Wright,32,1,,,Lieutenant Joshi,,,,,5,supporting,,,
Blade Runner 2049,2017,2017,Science Fiction|Drama,335984,movie,Sylvia Hoeks,104632,1,,,Luv,,,,,6,supporting,,,
Blade Runner 2049,2017,2017,Science Fiction|Drama,335984,movie,Mackenzie Davis,1110405,1,,,Mariette,,,,,7,supporting,,,
Blade Runner 2049,2017,2017,Science Fiction|Drama,335984,movie,Jared Leto,7499,2,,,Niander Wallace,,,,,8,supporting,,,
Blade Runner 2049,2017,2017,Science Fiction|Drama,335984,movie,Carla Juri,1013973,1,,,Dr. Ana Stelline,,,,,9,supporting,,,
Blade Runner 2049,2017,2017,Science Fiction|Drama,335984,movie,Hiam Abbass,765,1,,,Freysa,,,,,10,supporting,,,
Blade Runner 2049,2017,2017,Science Fiction|Drama,335984,movie,Lennie James,1120,2,,,Mister Cotton,,,,,11,minor,,,
Blade Runner 2049,2017,2017,Science Fiction|Drama,335984,movie,David Dastmalchian,83854,2,,,Coco,,,,,12,minor,,,
Blade Runner 2049,2017,2017,Science Fiction|Drama,335984,movie,Sean Young,586,1,,,Rachael,,,,,13,minor,,,
Blade Runner 2049,2017,2017,Science Fiction|Drama,335984,movie,Edward James Olmos,587,2,,,Gaff,,,,,14,minor,,,
Blade Runner 2049,2017,2017,Science Fiction|Drama,335984,movie,Barkhad Abdi,1261694,2,,,Doc Badger,,,,,15,minor,,,
Blade Runner 2049,2017,2017,Science Fiction|Drama,335984,movie,Wood Harris,65829,2,,,Nandez,,,,,16,minor,,,
Blade Runner 2049,2017,2017,Science Fiction|Drama,335984,movie,Tómas Lemarquis,18818,2,,,File Clerk,,,,,17,minor,,,
Blade Runner 2049,2017,2017,Science Fiction|Drama,335984,movie,Sallie Harmsen,544096,1,,,Replicant,,,,,18,minor,,,
Blade Runner 2049,2017,2017,Science Fiction|Drama,335984,movie,Loren Peta,1901526,1,,,Rachael Double,,,,,19,minor,,,
Blade Runner 2049,2017,2017,Science Fiction|Drama,335984,movie,Mark Arnold,119893,2,,,Interviewer,,,,,20,minor,,,
Sonic the Hedgehog 3,2024,2024,Action|Science Fiction|Comedy|Family,939243,movie,Jim Carrey,206,2,,,Ivo Robotnik / Gerald Robotnik,,,,,1,lead,,,
Sonic the Hedgehog 3,2024,2024,Action|Science Fiction|Comedy|Family,939243,movie,Ben Schwartz,222121,2,,,Sonic (voice),,,,,2,lead,,,
Sonic the Hedgehog 3,2024,2024,Action|Science Fiction|Comedy|Family,939243,movie,Keanu Reeves,6384,2,,,Shadow (voice),,,,,3,lead,,,
Sonic the Hedgehog 3,2024,2024,Action|Science Fiction|Comedy|Family,939243,movie,Idris Elba,17605,2,,,Knuckles (voice),,,,,4,supporting,,,
Sonic the Hedgehog 3,2024,2024,Action|Science Fiction|Comedy|Family,939243,movie,Colleen O'Shaughnessey,1212864,1,,,Tails (voice),,,,,5,supporting,,,
Sonic the Hedgehog 3,2024,2024,Action|Science Fiction|Comedy|Family,939243,movie,James Marsden,11006,2,,,Tom,,,,,6,supporting,,,
Sonic the Hedgehog 3,2024,2024,Action|Science Fiction|Comedy|Family,939243,movie,Tika Sumpter,110742,1,,,Maddie,,,,,7,supporting,,,
Sonic the Hedgehog 3,2024,2024,Action|Science Fiction|Comedy|Family,939243,movie,Lee Majdoub,208677,2,,,Agent Stone,,,,,8,supporting,,,
Sonic the Hedgehog 3,2024,2024,Action|Science Fiction|Comedy|Family,939243,movie,Krysten Ritter,78080,1,,,Director Rockwell,,,,,9,supporting,,,
Sonic the Hedgehog 3,2024,2024,Action|Science Fiction|Comedy|Family,939243,movie,Adam Pally,115974,2,,,Wade,,,,,10,supporting,,,
Sonic the Hedgehog 3,2024,2024,Action|Science Fiction|Comedy|Family,939243,movie,Natasha Rothwell,1546282,1,,,Rachel,,,,,11,minor,,,
Sonic the Hedgehog 3,2024,2024,Action|Science Fiction|Comedy|Family,939243,movie,Shemar Moore,50266,2,,,Randall,,,,,12,minor,,,
Sonic the Hedgehog 3,2024,2024,Action|Science Fiction|Comedy|Family,939243,movie,Alyla Browne,2431565,1,,,Maria,,,,,13,minor,,,
Sonic the Hedgehog 3,2024,2024,Action|Science Fiction|Comedy|Family,939243,movie,Tom Butler,85922,2,,,Commander Walters,,,,,14,minor,,,
Sonic the Hedgehog 3,2024,2024,Action|Science Fiction|Comedy|Family,939243,movie,Jorma Taccone,62863,2,,,Kyle Lancebottom,,,,,15,minor,,,
Sonic the Hedgehog 3,2024,2024,Action|Science Fiction|Comedy|Family,939243,movie,Sofia Pernas,115625,1,,,Gabriella,,,,,16,minor,,,
Sonic the Hedgehog 3,2024,2024,Action|Science Fiction|Comedy|Family,939243,movie,Cristo Fernández,2627590,2,,,Pablo / Juan,,,,,17,minor,,,
Sonic the Hedgehog 3,2024,2024,Action|Science Fiction|Comedy|Family,939243,movie,James Wolk,222129,2,,,Young Walters,,,,,18,minor,,,
Sonic the Hedgehog 3,2024,2024,Action|Science Fiction|Comedy|Family,939243,movie,Brett Tutor,2742965,2,,,Prison Guard,,,,,19,minor,,,
Sonic the Hedgehog 3,2024,2024,Action|Science Fiction|Comedy|Family,939243,movie,Richard Sutton,139662,2,,,G.U.N. HQ Security Guard,,,,,20,minor,,,
Terminator 2: Judgment Day,1991,1991,Action|Thriller|Science Fiction,280,movie,Arnold Schwarzenegger,1100,2,,,The Terminator,,,,,1,lead,,,
Terminator 2: Judgment Day,1991,1991,Action|Thriller|Science Fiction,280,movie,Linda Hamilton,2713,1,,,Sarah Connor,,,,,2,lead,,,
Terminator 2: Judgment Day,1991,1991,Action|Thriller|Science Fiction,280,movie,Edward Furlong,820,2,,,John Connor,,,,,3,lead,,,
Terminator 2: Judgment Day,1991,1991,Action|Thriller|Science Fiction,280,movie,Robert Patrick,418,2,,,T-1000,,,,,4,supporting,,,
Terminator 2: Judgment Day,1991,1991,Action|Thriller|Science Fiction,280,movie,Earl Boen,2716,2,,,Dr. Silberman,,,,,5,supporting,,,
Terminator 2: Judgment Day,1991,1991,Action|Thriller|Science Fiction,280,movie,Joe Morton,3977,2,,,Miles Dyson,,,,,6,supporting,,,
Terminator 2: Judgment Day,1991,1991,Action|Thriller|Science Fiction,280,movie,S. Epatha Merkerson,3978,1,,,Tarissa Dyson,,,,,7,supporting,,,
Terminator 2: Judgment Day,1991,1991,Action|Thriller|Science Fiction,280,movie,Castulo Guerra,3979,2,,,Enrique Salceda,,,,,8,supporting,,,
Terminator 2: Judgment Day,1991,1991,Action|Thriller|Science Fiction,280,movie,Danny Cooksey,3980,2,,,Tim,,,,,9,supporting,,,
Terminator 2: Judgment Day,1991,1991,Action|Thriller|Science Fiction,280,movie,Jenette Goldstein,3981,1,,,Janelle Voight,,,,,10,supporting,,,
Terminator 2: Judgment Day,1991,1991,Action|Thriller|Science Fiction,280,movie,Xander Berkeley,3982,2,,,Todd Voight,,,,,11,minor,,,
Terminator 2: Judgment Day,1991,1991,Action|Thriller|Science Fiction,280,movie,Leslie Hamilton Gearren,2573580,1,,,Twin Sarah,,,,,12,minor,,,
Terminator 2: Judgment Day,1991,1991,Action|Thriller|Science Fiction,280,movie,Ken Gibbel,101660,2,,,Douglas,,,,,13,minor,,,
Terminator 2: Judgment Day,1991,1991,Action|Thriller|Science Fiction,280,movie,Robert Winley,87404,2,,,Cigar Biker,,,,,14,minor,,,
Terminator 2: Judgment Day,1991,1991,Action|Thriller|Science Fiction,280,movie,Pete Schrum,157633,2,,,Lloyd,,,,,15,minor,,,
Terminator 2: Judgment Day,1991,1991,Action|Thriller|Science Fiction,280,movie,Shane Wilder,2573581,0,,,Trucker,,,,,16,minor,,,
Terminator 2: Judgment Day,1991,1991,Action|Thriller|Science Fiction,280,movie,Michael Edwards,75027,2,,,Old John Connor,,,,,17,minor,,,
Terminator 2: Judgment Day,1991,1991,Action|Thriller|Science Fiction,280,movie,Jared Lounsbery,2573583,0,,,Kid,,,,,18,minor,,,
Terminator 2: Judgment Day,1991,1991,Action|Thriller|Science Fiction,280,movie,Casey Chavez,2573584,0,,,Kid,,,,,19,minor,,,
Terminator 2: Judgment Day,1991,1991,Action|Thriller|Science Fiction,280,movie,Ennalls Berl,2573586,0,,,Bryant,,,,,20,minor,,,
Spider-Man: Homecoming,2017,2017,Action|Adventure|Science Fiction,315635,movie,Tom Holland,1136406,2,,,Peter Parker / Spider-Man,,,,,1,lead,,,
Spider-Man: Homecoming,2017,2017,Action|Adventure|Science Fiction,315635,movie,Michael Keaton,2232,2,,,Adrian Toomes / Vulture,,,,,2,lead,,,
Spider-Man: Homecoming,2017,2017,Action|Adventure|Science Fiction,315635,movie,Robert Downey Jr.,3223,2,,,Tony Stark / Iron Man,,,,,3,lead,,,
Spider-Man: Homecoming,2017,2017,Action|Adventure|Science Fiction,315635,movie,Marisa Tomei,3141,1,,,May Parker,,,,,4,supporting,,,
Spider-Man: Homecoming,2017,2017,Action|Adventure|Science Fiction,315635,movie,Jon Favreau,15277,2,,,Happy Hogan,,,,,5,supporting,,,
Spider-Man: Homecoming,2017,2017,Action|Adventure|Science Fiction,315635,movie,Gwyneth Paltrow,12052,1,,,Pepper Potts,,,,,6,supporting,,,
Spider-Man: Homecoming,2017,2017,Action|Adventure|Science Fiction,315635,movie,Zendaya,505710,1,,,Michelle,,,,,7,supporting,,,
Spider-Man: Homecoming,2017,2017,Action|Adventure|Science Fiction,315635,movie,Donald Glover,119589,2,,,Aaron Davis,,,,,8,supporting,,,
Spider-Man: Homecoming,2017,2017,Action|Adventure|Science Fiction,315635,movie,Jacob Batalon,1649152,2,,,Ned,,,,,9,supporting,,,
Spider-Man: Homecoming,2017,2017,Action|Adventure|Science Fiction,315635,movie,Laura Harrier,1606394,1,,,Liz,,,,,10,supporting,,,
Spider-Man: Homecoming,2017,2017,Action|Adventure|Science Fiction,315635,movie,Tony Revolori,1291350,2,,,Flash,,,,,11,minor,,,
Spider-Man: Homecoming,2017,2017,Action|Adventure|Science Fiction,315635,movie,Bokeem Woodbine,71913,2,,,Herman Schultz / Shocker #2,,,,,12,minor,,,
Spider-Man: Homecoming,2017,2017,Action|Adventure|Science Fiction,315635,movie,Tyne Daly,66221,1,,,Anne Marie Hoag,,,,,13,minor,,,
Spider-Man: Homecoming,2017,2017,Action|Adventure|Science Fiction,315635,movie,Abraham Attah,1421427,2,,,Abraham,,,,,14,minor,,,
Spider-Man: Homecoming,2017,2017,Action|Adventure|Science Fiction,315635,movie,Hannibal Buress,500427,2,,,Coach Wilson,,,,,15,minor,,,
Spider-Man: Homecoming,2017,2017,Action|Adventure|Science Fiction,315635,movie,Kenneth Choi,41561,2,,,Principal Morita,,,,,16,minor,,,
Spider-Man: Homecoming,2017,2017,Action|Adventure|Science Fiction,315635,movie,Selenis Leyva,162503,1,,,Ms. Warren,,,,,17,minor,,,
Spider-Man: Homecoming,2017,2017,Action|Adventure|Science Fiction,315635,movie,Angourie Rice,1265629,1,,,Betty,,,,,18,minor,,,
Spider-Man: Homecoming,2017,2017,Action|Adventure|Science Fiction,315635,movie,Martin Starr,41089,2,,,Mr. Harrington,,,,,19,minor,,,
Spider-Man: Homecoming,2017,2017,Action|Adventure|Science Fiction,315635,movie,Garcelle Beauvais,31647,1,,,Doris Toomes,,,,,20,minor,,,
The Twilight Saga: Breaking Dawn - Part 1,2011,2011,Adventure|Fantasy|Romance,50619,movie,Kristen Stewart,37917,1,,,Bella Swan,,,,,1,lead,,,
The Twilight Saga: Breaking Dawn - Part 1,2011,2011,Adventure|Fantasy|Romance,50619,movie,Robert Pattinson,11288,2,,,Edward Cullen,,,,,2,lead,,,
The Twilight Saga: Breaking Dawn - Part 1,2011,2011,Adventure|Fantasy|Romance,50619,movie,Taylor Lautner,84214,2,,,Jacob Black,,,,,3,lead,,,
The Twilight Saga: Breaking Dawn - Part 1,2011,2011,Adventure|Fantasy|Romance,50619,movie,Billy Burke,21029,2,,,Charlie Swan,,,,,4,supporting,,,
The Twilight Saga: Breaking Dawn - Part 1,2011,2011,Adventure|Fantasy|Romance,50619,movie,Peter Facinelli,56857,2,,,Dr. Carlisle Cullen,,,,,5,supporting,,,
The Twilight Saga: Breaking Dawn - Part 1,2011,2011,Adventure|Fantasy|Romance,50619,movie,Michael Sheen,3968,2,,,Aro,,,,,6,supporting,,,
The Twilight Saga: Breaking Dawn - Part 1,2011,2011,Adventure|Fantasy|Romance,50619,movie,Elizabeth Reaser,53755,1,,,Esme Cullen,,,,,7,supporting,,,
The Twilight Saga: Breaking Dawn - Part 1,2011,2011,Adventure|Fantasy|Romance,50619,movie,Kellan Lutz,34502,2,,,Emmett Cullen,,,,,8,supporting,,,
The Twilight Saga: Breaking Dawn - Part 1,2011,2011,Adventure|Fantasy|Romance,50619,movie,Nikki Reed,59252,1,,,Rosalie Hale,,,,,9,supporting,,,
The Twilight Saga: Breaking Dawn - Part 1,2011,2011,Adventure|Fantasy|Romance,50619,movie,Jackson Rathbone,84215,2,,,Jasper Hale,,,,,10,supporting,,,
The Twilight Saga: Breaking Dawn - Part 1,2011,2011,Adventure|Fantasy|Romance,50619,movie,Ashley Greene,45827,1,,,Alice Cullen,,,,,11,minor,,,
The Twilight Saga: Breaking Dawn - Part 1,2011,2011,Adventure|Fantasy|Romance,50619,movie,Anna Kendrick,84223,1,,,Jessica,,,,,12,minor,,,
The Twilight Saga: Breaking Dawn - Part 1,2011,2011,Adventure|Fantasy|Romance,50619,movie,Sarah Clarke,25836,1,,,Renée,,,,,13,minor,,,
The Twilight Saga: Breaking Dawn - Part 1,2011,2011,Adventure|Fantasy|Romance,50619,movie,Christian Camargo,122029,2,,,Eleazar Denali,,,,,14,minor,,,
The Twilight Saga: Breaking Dawn - Part 1,2011,2011,Adventure|Fantasy|Romance,50619,movie,Gil Birmingham,84225,2,,,Billy,,,,,15,minor,,,
The Twilight Saga: Breaking Dawn - Part 1,2011,2011,Adventure|Fantasy|Romance,50619,movie,Julia Jones,87310,1,,,Leah,,,,,16,minor,,,
The Twilight Saga: Breaking Dawn - Part 1,2011,2011,Adventure|Fantasy|Romance,50619,movie,Booboo Stewart,121868,2,,,Seth,,,,,17,minor,,,
The Twilight Saga: Breaking Dawn - Part 1,2011,2011,Adventure|Fantasy|Romance,50619,movie,Mía Maestro,6859,1,,,Carmen Denali,,,,,18,minor,,,
The Twilight Saga: Breaking Dawn - Part 1,2011,2011,Adventure|Fantasy|Romance,50619,movie,Casey LaBow,208944,1,,,Kate Denali,,,,,19,minor,,,
The Twilight Saga: Breaking Dawn - Part 1,2011,2011,Adventure|Fantasy|Romance,50619,movie,Maggie Grace,11825,1,,,Irina Denali,,,,,20,minor,,,
The Wolf of Wall Street,2013,2013,Crime|Drama|Comedy,106646,movie,Leonardo DiCaprio,6193,2,,,Jordan Belfort,,,,,1,lead,,,
The Wolf of Wall Street,2013,2013,Crime|Drama|Comedy,106646,movie,Jonah Hill,21007,2,,,Donnie Azoff,,,,,2,lead,,,
The Wolf of Wall Street,2013,2013,Crime|Drama|Comedy,106646,movie,Margot Robbie,234352,1,,,Naomi Lapaglia,,,,,3,lead,,,
The Wolf of Wall Street,2013,2013,Crime|Drama|Comedy,106646,movie,Matthew McConaughey,10297,2,,,Mark Hanna,,,,,4,supporting,,,
The Wolf of Wall Street,2013,2013,Crime|Drama|Comedy,106646,movie,Kyle Chandler,3497,2,,,Agent Patrick Denham,,,,,5,supporting,,,
The Wolf of Wall Street,2013,2013,Crime|Drama|Comedy,106646,movie,Rob Reiner,3026,2,,,Max Belfort,,,,,6,supporting,,,
The Wolf of Wall Street,2013,2013,Crime|Drama|Comedy,106646,movie,Jon Bernthal,19498,2,,,Brad,,,,,7,supporting,,,
The Wolf of Wall Street,2013,2013,Crime|Drama|Comedy,106646,movie,Jon Favreau,15277,2,,,Manny Riskin,,,,,8,supporting,,,
The Wolf of Wall Street,2013,2013,Crime|Drama|Comedy,106646,movie,Jean Dujardin,56024,2,,,Jean Jacques Saurel,,,,,9,supporting,,,
The Wolf of Wall Street,2013,2013,Crime|Drama|Comedy,106646,movie,Joanna Lumley,34901,1,,,Aunt Emma,,,,,10,supporting,,,
The Wolf of Wall Street,2013,2013,Crime|Drama|Comedy,106646,movie,Cristin Milioti,204392,1,,,Teresa Petrillo,,,,,11,minor,,,
The Wolf of Wall Street,2013,2013,Crime|Drama|Comedy,106646,movie,Christine Ebersole,4003,1,,,Leah Belfort,,,,,12,minor,,,
The Wolf of Wall Street,2013,2013,Crime|Drama|Comedy,106646,movie,Shea Whigham,74242,2,,,Captain Ted Beecham,,,,,13,minor,,,
The Wolf of Wall Street,2013,2013,Crime|Drama|Comedy,106646,movie,Katarina Čas,549981,1,,,Chantalle,,,,,14,minor,,,
The Wolf of Wall Street,2013,2013,Crime|Drama|Comedy,106646,movie,P.J. Byrne,1211946,2,,,Nicky Koskoff ('Rugrat'),,,,,15,minor,,,
The Wolf of Wall Street,2013,2013,Crime|Drama|Comedy,106646,movie,Kenneth Choi,41561,2,,,Chester Ming,,,,,16,minor,,,
The Wolf of Wall Street,2013,2013,Crime|Drama|Comedy,106646,movie,Brian Sacca,1332746,2,,,Robbie Feinberg ('Pinhead'),,,,,17,minor,,,
The Wolf of Wall Street,2013,2013,Crime|Drama|Comedy,106646,movie,Henry Zebrowski,1332747,2,,,Alden Kupferberg ('Sea Otter'),,,,,18,minor,,,
The Wolf of Wall Street,2013,2013,Crime|Drama|Comedy,106646,movie,Ethan Suplee,824,2,,,Toby Welch,,,,,19,minor,,,
The Wolf of Wall Street,2013,2013,Crime|Drama|Comedy,106646,movie,Barry Rothbart,1633868,2,,,Peter DeBlasio,,,,,20,minor,,,
"Monsters, Inc.",2001,2001,Animation|Comedy|Family,585,movie,John Goodman,1230,2,,,Sullivan (voice),,,,,1,lead,,,
"Monsters, Inc.",2001,2001,Animation|Comedy|Family,585,movie,Billy Crystal,7904,2,,,Mike (voice),,,,,2,lead,,,
"Monsters, Inc.",2001,2001,Animation|Comedy|Family,585,movie,Mary Gibbs,7905,1,,,Boo (voice),,,,,3,lead,,,
"Monsters, Inc.",2001,2001,Animation|Comedy|Family,585,movie,Steve Buscemi,884,2,,,Randall (voice),,,,,4,supporting,,,
"Monsters, Inc.",2001,2001,Animation|Comedy|Family,585,movie,James Coburn,5563,2,,,Waternoose (voice),,,,,5,supporting,,,
"Monsters, Inc.",2001,2001,Animation|Comedy|Family,585,movie,Jennifer Tilly,7906,1,,,Celia (voice),,,,,6,supporting,,,
"Monsters, Inc.",2001,2001,Animation|Comedy|Family,585,movie,Bob Peterson,10,2,,,Roz (voice),,,,,7,supporting,,,
"Monsters, Inc.",2001,2001,Animation|Comedy|Family,585,movie,John Ratzenberger,7907,2,,,Yeti (voice),,,,,8,supporting,,,
"Monsters, Inc.",2001,2001,Animation|Comedy|Family,585,movie,Frank Oz,7908,2,,,Jeff Fungus (voice),,,,,9,supporting,,,
"Monsters, Inc.",2001,2001,Animation|Comedy|Family,585,movie,Daniel Gerson,7884,2,,,Needleman / Smitty (voice),,,,,10,supporting,,,
"Monsters, Inc.",2001,2001,Animation|Comedy|Family,585,movie,Steve Susskind,7909,2,,,Floor Manager (voice),,,,,11,minor,,,
"Monsters, Inc.",2001,2001,Animation|Comedy|Family,585,movie,Bonnie Hunt,5149,1,,,Flint (voice),,,,,12,minor,,,
"Monsters, Inc.",2001,2001,Animation|Comedy|Family,585,movie,Jeff Pidgeon,7882,2,,,Bile (voice),,,,,13,minor,,,
"Monsters, Inc.",2001,2001,Animation|Comedy|Family,585,movie,Samuel Lord Black,7910,2,,,George (voice),,,,,14,minor,,,
"Monsters, Inc.",2001,2001,Animation|Comedy|Family,585,movie,Jack Angel,19545,2,,,Additional Voices (voice),,,,,15,minor,,,
"Monsters, Inc.",2001,2001,Animation|Comedy|Family,585,movie,Bob Bergen,78317,2,,,Additional Voices (voice),,,,,16,minor,,,
"Monsters, Inc.",2001,2001,Animation|Comedy|Family,585,movie,Rodger Bumpass,70615,2,,,Additional Voices (voice),,,,,17,minor,,,
"Monsters, Inc.",2001,2001,Animation|Comedy|Family,585,movie,Gino Conforti,74492,2,,,Additional Voices (voice),,,,,18,minor,,,
"Monsters, Inc.",2001,2001,Animation|Comedy|Family,585,movie,Jennifer Darling,81843,1,,,Additional Voices (voice),,,,,19,minor,,,
"Monsters, Inc.",2001,2001,Animation|Comedy|Family,585,movie,Patti Deutsch,91024,1,,,Additional Voices (voice),,,,,20,minor,,,
Spider-Man: Into the Spider-Verse,2018,2018,Animation|Action|Adventure|Science Fiction,324857,movie,Shameik Moore,587506,2,,,Miles Morales (voice),,,,,1,lead,,,
Spider-Man: Into the Spider-Verse,2018,2018,Animation|Action|Adventure|Science Fiction,324857,movie,Jake Johnson,543505,2,,,Peter B. Parker (voice),,,,,2,lead,,,
Spider-Man: Into the Spider-Verse,2018,2018,Animation|Action|Adventure|Science Fiction,324857,movie,Hailee Steinfeld,130640,1,,,Gwen Stacy (voice),,,,,3,lead,,,
Spider-Man: Into the Spider-Verse,2018,2018,Animation|Action|Adventure|Science Fiction,324857,movie,Mahershala Ali,932967,2,,,Uncle Aaron (voice),,,,,4,supporting,,,
Spider-Man: Into the Spider-Verse,2018,2018,Animation|Action|Adventure|Science Fiction,324857,movie,Brian Tyree Henry,226366,2,,,Jefferson Davis (voice),,,,,5,supporting,,,
Spider-Man: Into the Spider-Verse,2018,2018,Animation|Action|Adventure|Science Fiction,324857,movie,Lily Tomlin,10437,1,,,Aunt May (voice),,,,,6,supporting,,,
Spider-Man: Into the Spider-Verse,2018,2018,Animation|Action|Adventure|Science Fiction,324857,movie,Luna Lauren Vélez,141610,1,,,Rio Morales (voice),,,,,7,supporting,,,
Spider-Man: Into the Spider-Verse,2018,2018,Animation|Action|Adventure|Science Fiction,324857,movie,Zoë Kravitz,37153,1,,,Mary Jane (voice),,,,,8,supporting,,,
Spider-Man: Into the Spider-Verse,2018,2018,Animation|Action|Adventure|Science Fiction,324857,movie,John Mulaney,933558,2,,,Spider-Ham (voice),,,,,9,supporting,,,
Spider-Man: Into the Spider-Verse,2018,2018,Animation|Action|Adventure|Science Fiction,324857,movie,Kimiko Glenn,1443708,1,,,Peni Parker (voice),,,,,10,supporting,,,
Spider-Man: Into the Spider-Verse,2018,2018,Animation|Action|Adventure|Science Fiction,324857,movie,Nicolas Cage,2963,2,,,Spider-Man Noir (voice),,,,,11,minor,,,
Spider-Man: Into the Spider-Verse,2018,2018,Animation|Action|Adventure|Science Fiction,324857,movie,Kathryn Hahn,17696,1,,,Doc Ock (voice),,,,,12,minor,,,
Spider-Man: Into the Spider-Verse,2018,2018,Animation|Action|Adventure|Science Fiction,324857,movie,Liev Schreiber,23626,2,,,Wilson Fisk (voice),,,,,13,minor,,,
Spider-Man: Into the Spider-Verse,2018,2018,Animation|Action|Adventure|Science Fiction,324857,movie,Chris Pine,62064,2,,,Peter Parker (voice),,,,,14,minor,,,
Spider-Man: Into the Spider-Verse,2018,2018,Animation|Action|Adventure|Science Fiction,324857,movie,Natalie Morales,118752,1,,,Miss Calleros (voice),,,,,15,minor,,,
Spider-Man: Into the Spider-Verse,2018,2018,Animation|Action|Adventure|Science Fiction,324857,movie,Edwin H. Bravo,1746631,2,,,Brooklyn Visions Security Guard (voice),,,,,16,minor,,,
Spider-Man: Into the Spider-Verse,2018,2018,Animation|Action|Adventure|Science Fiction,324857,movie,Oscar Isaac,25072,2,,,Interesting Person #1 (voice),,,,,17,minor,,,
Spider-Man: Into the Spider-Verse,2018,2018,Animation|Action|Adventure|Science Fiction,324857,movie,Greta Lee,1260481,1,,,Interesting Person #2 (voice),,,,,18,minor,,,
Spider-Man: Into the Spider-Verse,2018,2018,Animation|Action|Adventure|Science Fiction,324857,movie,Stan Lee,7624,2,,,Stan (voice),,,,,19,minor,,,
Spider-Man: Into the Spider-Verse,2018,2018,Animation|Action|Adventure|Science Fiction,324857,movie,Jorma Taccone,62863,2,,,Green Goblin / Last Dude (voice),,,,,20,minor,,,
Scarface,1983,1983,Action|Crime|Drama,111,movie,Al Pacino,1158,2,,,Tony Montana,,,,,1,lead,,,
Scarface,1983,1983,Action|Crime|Drama,111,movie,Steven Bauer,1159,2,,,Manny Ray,,,,,2,lead,,,
Scarface,1983,1983,Action|Crime|Drama,111,movie,Michelle Pfeiffer,1160,1,,,Elvira,,,,,3,lead,,,
Scarface,1983,1983,Action|Crime|Drama,111,movie,Mary Elizabeth Mastrantonio,1161,1,,,Gina,,,,,4,supporting,,,
Scarface,1983,1983,Action|Crime|Drama,111,movie,Robert Loggia,1162,2,,,Frank Lopez,,,,,5,supporting,,,
Scarface,1983,1983,Action|Crime|Drama,111,movie,Miriam Colon,1163,1,,,Mama Montana,,,,,6,supporting,,,
Scarface,1983,1983,Action|Crime|Drama,111,movie,F. Murray Abraham,1164,2,,,Omar,,,,,7,supporting,,,
Scarface,1983,1983,Action|Crime|Drama,111,movie,Paul Shenar,1165,2,,,Alejandro Sosa,,,,,8,supporting,,,
Scarface,1983,1983,Action|Crime|Drama,111,movie,Harris Yulin,1166,2,,,Bernstein,,,,,9,supporting,,,
Scarface,1983,1983,Action|Crime|Drama,111,movie,Ángel Salazar,1167,2,,,Chi Chi,,,,,10,supporting,,,
Scarface,1983,1983,Action|Crime|Drama,111,movie,Arnaldo Santana,1168,2,,,Ernie,,,,,11,minor,,,
Scarface,1983,1983,Action|Crime|Drama,111,movie,Pepe Serna,1169,2,,,Angel,,,,,12,minor,,,
Scarface,1983,1983,Action|Crime|Drama,111,movie,Michael P. Moran,1170,2,,,Nick The Pig,,,,,13,minor,,,
Scarface,1983,1983,Action|Crime|Drama,111,movie,Al Israel,1171,2,,,Hector The Toad,,,,,14,minor,,,
Scarface,1983,1983,Action|Crime|Drama,111,movie,Dennis Holahan,1172,2,,,Banker,,,,,15,minor,,,
Scarface,1983,1983,Action|Crime|Drama,111,movie,Mark Margolis,1173,2,,,Shadow,,,,,16,minor,,,
Scarface,1983,1983,Action|Crime|Drama,111,movie,Michael Alldredge,1216866,2,,,Sheffield,,,,,17,minor,,,
Scarface,1983,1983,Action|Crime|Drama,111,movie,Ted Beniades,932922,2,,,Seidelbaum,,,,,18,minor,,,
Scarface,1983,1983,Action|Crime|Drama,111,movie,Richard Belzer,32396,2,,,M.C. at Babylon Club,,,,,19,minor,,,
Scarface,1983,1983,Action|Crime|Drama,111,movie,Paul Espel,3254080,0,,,Luis,,,,,20,minor,,,
Zootopia,2016,2016,Animation|Adventure|Family|Comedy,269149,movie,Ginnifer Goodwin,417,1,,,Judy Hopps (voice),,,,,1,lead,,,
Zootopia,2016,2016,Animation|Adventure|Family|Comedy,269149,movie,Jason Bateman,23532,2,,,Nick Wilde (voice),,,,,2,lead,,,
Zootopia,2016,2016,Animation|Adventure|Family|Comedy,269149,movie,Idris Elba,17605,2,,,Chief Bogo (voice),,,,,3,lead,,,
Zootopia,2016,2016,Animation|Adventure|Family|Comedy,269149,movie,Jenny Slate,213001,1,,,Bellwether (voice),,,,,4,supporting,,,
Zootopia,2016,2016,Animation|Adventure|Family|Comedy,269149,movie,Nate Torrence,41565,2,,,Clawhauser (voice),,,,,5,supporting,,,
Zootopia,2016,2016,Animation|Adventure|Family|Comedy,269149,movie,Bonnie Hunt,5149,1,,,Bonnie Hopps (voice),,,,,6,supporting,,,
Zootopia,2016,2016,Animation|Adventure|Family|Comedy,269149,movie,Don Lake,27530,2,,,Stu Hopps (voice),,,,,7,supporting,,,
Zootopia,2016,2016,Animation|Adventure|Family|Comedy,269149,movie,Tommy Chong,63208,2,,,Yax (voice),,,,,8,supporting,,,
Zootopia,2016,2016,Animation|Adventure|Family|Comedy,269149,movie,J.K. Simmons,18999,2,,,Mayor Lionheart (voice),,,,,9,supporting,,,
Zootopia,2016,2016,Animation|Adventure|Family|Comedy,269149,movie,Octavia Spencer,6944,1,,,Mrs. Otterton (voice),,,,,10,supporting,,,
Zootopia,2016,2016,Animation|Adventure|Family|Comedy,269149,movie,Alan Tudyk,21088,2,,,Duke Weaselton (voice),,,,,11,minor,,,
Zootopia,2016,2016,Animation|Adventure|Family|Comedy,269149,movie,Shakira,446511,1,,,Gazelle (voice),,,,,12,minor,,,
Zootopia,2016,2016,Animation|Adventure|Family|Comedy,269149,movie,Raymond S. Persi,1223658,2,,,Flash (voice),,,,,13,minor,,,
Zootopia,2016,2016,Animation|Adventure|Family|Comedy,269149,movie,Della Saba,1610446,1,,,Young Hopps (voice),,,,,14,minor,,,
Zootopia,2016,2016,Animation|Adventure|Family|Comedy,269149,movie,Maurice LaMarche,34521,2,,,Mr. Big (voice),,,,,15,minor,,,
Zootopia,2016,2016,Animation|Adventure|Family|Comedy,269149,movie,Phil Johnston,567562,2,,,Gideon Grey (voice),,,,,16,minor,,,
Zootopia,2016,2016,Animation|Adventure|Family|Comedy,269149,movie,Fuschia!,1643257,1,,,Drill Sergeant (voice),,,,,17,minor,,,
Zootopia,2016,2016,Animation|Adventure|Family|Comedy,269149,movie,John DiMaggio,31531,2,,,Jerry Jumbeaux Jr. (voice),,,,,18,minor,,,
Zootopia,2016,2016,Animation|Adventure|Family|Comedy,269149,movie,Katie Lowes,108253,1,,,Badger Doctor (voice),,,,,19,minor,,,
Zootopia,2016,2016,Animation|Adventure|Family|Comedy,269149,movie,Gita Reddy,1456290,1,,,Nangi (voice),,,,,20,minor,,,
White Chicks,2004,2004,Comedy|Crime,12153,movie,Shawn Wayans,35690,2,,,Kevin Copeland / Brittany Wilson,,,,,1,lead,,,
White Chicks,2004,2004,Comedy|Crime,12153,movie,Marlon Wayans,9562,2,,,Marcus Anthony Copeland II / Tiffany Wilson,,,,,2,lead,,,
White Chicks,2004,2004,Comedy|Crime,12153,movie,Frankie Faison,13936,2,,,Elliott Gordon,,,,,3,lead,,,
White Chicks,2004,2004,Comedy|Crime,12153,movie,Terry Crews,53256,2,,,Latrell Spencer,,,,,4,supporting,,,
White Chicks,2004,2004,Comedy|Crime,12153,movie,Faune Chambers Watkins,58953,1,,,Gina Copeland,,,,,5,supporting,,,
White Chicks,2004,2004,Comedy|Crime,12153,movie,Rochelle Aytes,80760,1,,,Denise Porter,,,,,6,supporting,,,
White Chicks,2004,2004,Comedy|Crime,12153,movie,John Heard,11512,2,,,Warren Vandergeld,,,,,7,supporting,,,
White Chicks,2004,2004,Comedy|Crime,12153,movie,Lochlyn Munro,58058,2,,,Agent Jake Harper,,,,,8,supporting,,,
White Chicks,2004,2004,Comedy|Crime,12153,movie,Busy Philipps,60928,1,,,Karen Googlestein,,,,,9,supporting,,,
White Chicks,2004,2004,Comedy|Crime,12153,movie,Jennifer Carpenter,53828,1,,,Lisa Anderson,,,,,10,supporting,,,
White Chicks,2004,2004,Comedy|Crime,12153,movie,Jessica Cauffiel,22126,1,,,Tori Wilson,,,,,11,minor,,,
White Chicks,2004,2004,Comedy|Crime,12153,movie,Eddie Velez,88031,2,,,Agent Vincent Gomez,,,,,12,minor,,,
White Chicks,2004,2004,Comedy|Crime,12153,movie,Jaime King,5915,1,,,Heather Vandergeld,,,,,13,minor,,,
White Chicks,2004,2004,Comedy|Crime,12153,movie,Brittany Daniel,35476,1,,,Megan Vandergeld,,,,,14,minor,,,
White Chicks,2004,2004,Comedy|Crime,12153,movie,Maitland Ward,71482,1,,,Brittany Wilson,,,,,15,minor,,,
White Chicks,2004,2004,Comedy|Crime,12153,movie,Anne Dudek,24198,1,,,Tiffany Wilson,,,,,16,minor,,,
White Chicks,2004,2004,Comedy|Crime,12153,movie,John Reardon,62920,2,,,Heath,,,,,17,minor,,,
White Chicks,2004,2004,Comedy|Crime,12153,movie,Steven Grayhm,81014,2,,,Russ (Party Boy),,,,,18,minor,,,
White Chicks,2004,2004,Comedy|Crime,12153,movie,Drew Sidora,58962,1,,,Shaunice,,,,,19,minor,,,
White Chicks,2004,2004,Comedy|Crime,12153,movie,Casey Lee,165262,2,,,Tony,,,,,20,minor,,,
From the Ashes,2027,2027,Drama,1191876,movie,Jeanne Neilson,104686,1,,,Emma,,,,,1,lead,,,
From the Ashes,2027,2027,Drama,1191876,movie,Paul du Toit,230808,2,,,Lucius,,,,,2,lead,,,
From the Ashes,2027,2027,Drama,1191876,movie,Syreeta Banks,4322353,0,,,Aretha,,,,,3,lead,,,
From the Ashes,2027,2027,Drama,1191876,movie,Jeremy John Wells,2075067,2,,,Myles,,,,,4,supporting,,,
From the Ashes,2027,2027,Drama,1191876,movie,Lucy Capri,2434413,1,,,Riley,,,,,5,supporting,,,
From the Ashes,2027,2027,Drama,1191876,movie,Debbie Sutcliffe,2130998,1,,,Dolores,,,,,6,supporting,,,
From the Ashes,2027,2027,Drama,1191876,movie,Dolores Dermody,4339439,0,,,Officer Grim,,,,,7,supporting,,,
Eternal Sunshine of the Spotless Mind,2004,2004,Science Fiction|Drama|Romance,38,movie,Jim Carrey,206,2,,,Joel Barish,,,,,1,lead,,,
Eternal Sunshine of the Spotless Mind,2004,2004,Science Fiction|Drama|Romance,38,movie,Kate Winslet,204,1,,,Clementine Kruczynski,,,,,2,lead,,,
Eternal Sunshine of the Spotless Mind,2004,2004,Science Fiction|Drama|Romance,38,movie,Kirsten Dunst,205,1,,,Mary,,,,,3,lead,,,
Eternal Sunshine of the Spotless Mind,2004,2004,Science Fiction|Drama|Romance,38,movie,Mark Ruffalo,103,2,,,Stan,,,,,4,supporting,,,
Eternal Sunshine of the Spotless Mind,2004,2004,Science Fiction|Drama|Romance,38,movie,Elijah Wood,109,2,,,Patrick,,,,,5,supporting,,,
Eternal Sunshine of the Spotless Mind,2004,2004,Science Fiction|Drama|Romance,38,movie,Tom Wilkinson,207,2,,,Dr. Mierzwiak,,,,,6,supporting,,,
Eternal Sunshine of the Spotless Mind,2004,2004,Science Fiction|Drama|Romance,38,movie,Jane Adams,209,1,,,Carrie,,,,,7,supporting,,,
Eternal Sunshine of the Spotless Mind,2004,2004,Science Fiction|Drama|Romance,38,movie,David Cross,212,2,,,Rob,,,,,8,supporting,,,
Eternal Sunshine of the Spotless Mind,2004,2004,Science Fiction|Drama|Romance,38,movie,Deirdre O'Connell,77013,1,,,Hollis,,,,,9,supporting,,,
Eternal Sunshine of the Spotless Mind,2004,2004,Science Fiction|Drama|Romance,38,movie,Thomas Jay Ryan,130840,2,,,Frank,,,,,10,supporting,,,
Eternal Sunshine of the Spotless Mind,2004,2004,Science Fiction|Drama|Romance,38,movie,Ryan Whitney,208,0,,,Young Joel,,,,,11,minor,,,
Eternal Sunshine of the Spotless Mind,2004,2004,Science Fiction|Drama|Romance,38,movie,Lola Daehler,220,0,,,Young Clementine,,,,,12,minor,,,
Eternal Sunshine of the Spotless Mind,2004,2004,Science Fiction|Drama|Romance,38,movie,Debbon Ayer,211,1,,,Joel's Mother,,,,,13,minor,,,
Eternal Sunshine of the Spotless Mind,2004,2004,Science Fiction|Drama|Romance,38,movie,Gerry Robert Byrne,213,2,,,Train Conductor,,,,,14,minor,,,
Eternal Sunshine of the Spotless Mind,2004,2004,Science Fiction|Drama|Romance,38,movie,Brian Price,214,2,,,Young Bully,,,,,15,minor,,,
Eternal Sunshine of the Spotless Mind,2004,2004,Science Fiction|Drama|Romance,38,movie,Josh Flitter,216,2,,,Young Bully,,,,,16,minor,,,
Eternal Sunshine of the Spotless Mind,2004,2004,Science Fiction|Drama|Romance,38,movie,Paulie Litt,1611576,2,,,Young Bully,,,,,17,minor,,,
Eternal Sunshine of the Spotless Mind,2004,2004,Science Fiction|Drama|Romance,38,movie,Amir Ali Said,210,2,,,Young Bully,,,,,18,minor,,,
Eternal Sunshine of the Spotless Mind,2004,2004,Science Fiction|Drama|Romance,38,movie,Lauren Adler,221,1,,,Rollerblader (uncredited),,,,,19,minor,,,
"sex, lies, and videotape",1989,1989,Drama,1412,movie,James Spader,13548,2,,,Graham Dalton,,,,,1,lead,,,
"sex, lies, and videotape",1989,1989,Drama,1412,movie,Andie MacDowell,1533,1,,,Ann Bishop Mullany,,,,,2,lead,,,
"sex, lies, and videotape",1989,1989,Drama,1412,movie,Peter Gallagher,8212,2,,,John Mullany,,,,,3,lead,,,
"sex, lies, and videotape",1989,1989,Drama,1412,movie,Laura San Giacomo,1212,1,,,Cynthia Bishop,,,,,4,supporting,,,
"sex, lies, and videotape",1989,1989,Drama,1412,movie,Ron Vawter,32592,2,,,Therapist,,,,,5,supporting,,,
"sex, lies, and videotape",1989,1989,Drama,1412,movie,Steven Brill,32593,2,,,Barfly,,,,,6,supporting,,,
"sex, lies, and videotape",1989,1989,Drama,1412,movie,Alexandra Root,1403163,1,,,Girl on Tape,,,,,7,supporting,,,
"sex, lies, and videotape",1989,1989,Drama,1412,movie,Earl T. Taylor,1403165,2,,,Landlord,,,,,8,supporting,,,
"sex, lies, and videotape",1989,1989,Drama,1412,movie,David Foil,1403169,2,,,John's Colleague,,,,,9,supporting,,,
The SpongeBob Movie: Search for SquarePants,2025,2025,Adventure|Animation|Comedy|Family|Fantasy,991494,movie,Tom Kenny,78798,2,,,SpongeBob SquarePants / Gary / Morning DJ (voice),,,,,1,lead,,,
The SpongeBob Movie: Search for SquarePants,2025,2025,Adventure|Animation|Comedy|Family|Fantasy,991494,movie,Clancy Brown,6574,2,,,Mr. Krabs / Pirate / Narrator,,,,,2,lead,,,
The SpongeBob Movie: Search for SquarePants,2025,2025,Adventure|Animation|Comedy|Family|Fantasy,991494,movie,Rodger Bumpass,70615,2,,,Squidward Tentacles (voice),,,,,3,lead,,,
The SpongeBob Movie: Search for SquarePants,2025,2025,Adventure|Animation|Comedy|Family|Fantasy,991494,movie,Bill Fagerbakke,34398,2,,,Patrick Star (voice),,,,,4,supporting,,,
The SpongeBob Movie: Search for SquarePants,2025,2025,Adventure|Animation|Comedy|Family|Fantasy,991494,movie,Carolyn Lawrence,78799,1,,,Sandy Cheeks (voice),,,,,5,supporting,,,
The SpongeBob Movie: Search for SquarePants,2025,2025,Adventure|Animation|Comedy|Family|Fantasy,991494,movie,Mr. Lawrence,188229,2,,,Sheldon J. Plankton (voice),,,,,6,supporting,,,
The SpongeBob Movie: Search for SquarePants,2025,2025,Adventure|Animation|Comedy|Family|Fantasy,991494,movie,George López,41798,2,,,JK Fishlips (voice),,,,,7,supporting,,,
The SpongeBob Movie: Search for SquarePants,2025,2025,Adventure|Animation|Comedy|Family|Fantasy,991494,movie,Ice Spice,4118330,1,,,Ticket Taker (voice),,,,,8,supporting,,,
The SpongeBob Movie: Search for SquarePants,2025,2025,Adventure|Animation|Comedy|Family|Fantasy,991494,movie,Arturo Castro,1457999,2,,,Ride Operator,,,,,9,supporting,,,
The SpongeBob Movie: Search for SquarePants,2025,2025,Adventure|Animation|Comedy|Family|Fantasy,991494,movie,Sherry Cola,2088734,1,,,Studio Spokesperson / Krusty Krab Patron (voice),,,,,10,supporting,,,
The SpongeBob Movie: Search for SquarePants,2025,2025,Adventure|Animation|Comedy|Family|Fantasy,991494,movie,Regina Hall,35705,1,,,Barb (voice),,,,,11,minor,,,
The SpongeBob Movie: Search for SquarePants,2025,2025,Adventure|Animation|Comedy|Family|Fantasy,991494,movie,Mark Hamill,2,2,,,Flying Dutchman (voice),,,,,12,minor,,,
The SpongeBob Movie: Search for SquarePants,2025,2025,Adventure|Animation|Comedy|Family|Fantasy,991494,movie,Mark Whitten,1657897,2,,,Lookout Pirate (voice),,,,,13,minor,,,
The SpongeBob Movie: Search for SquarePants,2025,2025,Adventure|Animation|Comedy|Family|Fantasy,991494,movie,Thomas F. Wilson,1065,2,,,Coach Tuna (voice),,,,,14,minor,,,
The SpongeBob Movie: Search for SquarePants,2025,2025,Adventure|Animation|Comedy|Family|Fantasy,991494,movie,Grey DeLisle,15761,1,,,Mean Girl / Harp Fish (voice),,,,,15,minor,,,
The SpongeBob Movie: Search for SquarePants,2025,2025,Adventure|Animation|Comedy|Family|Fantasy,991494,movie,Jill Talley,17414,1,,,Judgy Girl (voice),,,,,16,minor,,,
The SpongeBob Movie: Search for SquarePants,2025,2025,Adventure|Animation|Comedy|Family|Fantasy,991494,movie,Juan Francisco Villa,1997735,2,,,Amusement Park Patron (voice),,,,,17,minor,,,
The SpongeBob Movie: Search for SquarePants,2025,2025,Adventure|Animation|Comedy|Family|Fantasy,991494,movie,Margaux Susi,1660709,1,,,Amusement Park Patron (voice),,,,,18,minor,,,
The SpongeBob Movie: Search for SquarePants,2025,2025,Adventure|Animation|Comedy|Family|Fantasy,991494,movie,Arthur Waite,5640739,0,,,Beach Kid (voice),,,,,19,minor,,,
The SpongeBob Movie: Search for SquarePants,2025,2025,Adventure|Animation|Comedy|Family|Fantasy,991494,movie,Capri O'Neill,4830647,1,,,Rollerblader (voice),,,,,20,minor,,,
Dune: Part Two,2024,2024,Science Fiction|Adventure,693134,movie,Timothée Chalamet,1190668,2,,,Paul Atreides,,,,,1,lead,,,
Dune: Part Two,2024,2024,Science Fiction|Adventure,693134,movie,Zendaya,505710,1,,,Chani,,,,,2,lead,,,
Dune: Part Two,2024,2024,Science Fiction|Adventure,693134,movie,Rebecca Ferguson,933238,1,,,Jessica,,,,,3,lead,,,
Dune: Part Two,2024,2024,Science Fiction|Adventure,693134,movie,Javier Bardem,3810,2,,,Stilgar,,,,,4,supporting,,,
Dune: Part Two,2024,2024,Science Fiction|Adventure,693134,movie,Josh Brolin,16851,2,,,Gurney Halleck,,,,,5,supporting,,,
Dune: Part Two,2024,2024,Science Fiction|Adventure,693134,movie,Austin Butler,86654,2,,,Feyd-Rautha,,,,,6,supporting,,,
Dune: Part Two,2024,2024,Science Fiction|Adventure,693134,movie,Florence Pugh,1373737,1,,,Princess Irulan,,,,,7,supporting,,,
Dune: Part Two,2024,2024,Science Fiction|Adventure,693134,movie,Dave Bautista,543530,2,,,Beast Rabban,,,,,8,supporting,,,
Dune: Part Two,2024,2024,Science Fiction|Adventure,693134,movie,Christopher Walken,4690,2,,,Emperor,,,,,9,supporting,,,
Dune: Part Two,2024,2024,Science Fiction|Adventure,693134,movie,Léa Seydoux,121529,1,,,Lady Margot Fenring,,,,,10,supporting,,,
Dune: Part Two,2024,2024,Science Fiction|Adventure,693134,movie,Stellan Skarsgård,1640,2,,,Baron Harkonnen,,,,,11,minor,,,
Dune: Part Two,2024,2024,Science Fiction|Adventure,693134,movie,Charlotte Rampling,44079,1,,,Reverend Mother Mohiam,,,,,12,minor,,,
Dune: Part Two,2024,2024,Science Fiction|Adventure,693134,movie,Souheila Yacoub,2037046,1,,,Shishakli,,,,,13,minor,,,
Dune: Part Two,2024,2024,Science Fiction|Adventure,693134,movie,Roger Yuan,2974,2,,,Lanville,,,,,14,minor,,,
Dune: Part Two,2024,2024,Science Fiction|Adventure,693134,movie,Babs Olusanmokun,205923,2,,,Jamis,,,,,15,minor,,,
Dune: Part Two,2024,2024,Science Fiction|Adventure,693134,movie,Alison Halstead,4033288,1,,,Maker Keeper,,,,,16,minor,,,
Dune: Part Two,2024,2024,Science Fiction|Adventure,693134,movie,Giusi Merli,1934576,1,,,Reverend Mother Ramallo,,,,,17,minor,,,
Dune: Part Two,2024,2024,Science Fiction|Adventure,693134,movie,Kait Tenison,1780346,1,,,Bene Gesserit Sister,,,,,18,minor,,,
Dune: Part Two,2024,2024,Science Fiction|Adventure,693134,movie,Tara Breathnach,1239728,1,,,Bene Gesserit Sister,,,,,19,minor,,,
Dune: Part Two,2024,2024,Science Fiction|Adventure,693134,movie,Akiko Hitomi,2855994,1,,,Bene Gesserit Sister,,,,,20,minor,,,
Ballerina,2025,2025,Action|Thriller|Crime,541671,movie,Ana de Armas,224513,1,,,Eve,,,,,1,lead,,,
Ballerina,2025,2025,Action|Thriller|Crime,541671,movie,Keanu Reeves,6384,2,,,John Wick,,,,,2,lead,,,
Ballerina,2025,2025,Action|Thriller|Crime,541671,movie,Ian McShane,6972,2,,,Winston,,,,,3,lead,,,
Ballerina,2025,2025,Action|Thriller|Crime,541671,movie,Anjelica Huston,5657,1,,,The Director,,,,,4,supporting,,,
Ballerina,2025,2025,Action|Thriller|Crime,541671,movie,Gabriel Byrne,5168,2,,,The Chancellor,,,,,5,supporting,,,
Ballerina,2025,2025,Action|Thriller|Crime,541671,movie,Catalina Sandino Moreno,5887,1,,,Lena,,,,,6,supporting,,,
Ballerina,2025,2025,Action|Thriller|Crime,541671,movie,Ava McCarthy,4872540,1,,,Ella,,,,,7,supporting,,,
Ballerina,2025,2025,Action|Thriller|Crime,541671,movie,Juliet Doherty,2052200,1,,,Tatiana,,,,,8,supporting,,,
Ballerina,2025,2025,Action|Thriller|Crime,541671,movie,Norman Reedus,4886,2,,,Daniel Pine,,,,,9,supporting,,,
Ballerina,2025,2025,Action|Thriller|Crime,541671,movie,Lance Reddick,129101,2,,,Charon,,,,,10,supporting,,,
Ballerina,2025,2025,Action|Thriller|Crime,541671,movie,Sharon Duncan-Brewster,195666,1,,,Nogi,,,,,11,minor,,,
Ballerina,2025,2025,Action|Thriller|Crime,541671,movie,David Castañeda,1450392,2,,,Javier,,,,,12,minor,,,
Ballerina,2025,2025,Action|Thriller|Crime,541671,movie,Victoria Comte,4276302,1,,,Young Eve,,,,,13,minor,,,
Ballerina,2025,2025,Action|Thriller|Crime,541671,movie,Robert Maaser,1464090,2,,,Dex,,,,,14,minor,,,
Ballerina,2025,2025,Action|Thriller|Crime,541671,movie,Sooyoung Choi,1326874,1,,,Katla Park,,,,,15,minor,,,
Ballerina,2025,2025,Action|Thriller|Crime,541671,movie,Jung Doo-hong,77058,2,,,Il Seong,,,,,16,minor,,,
Ballerina,2025,2025,Action|Thriller|Crime,541671,movie,Anne Parillaud,57298,1,,,Prague Concierge,,,,,17,minor,,,
Ballerina,2025,2025,Action|Thriller|Crime,541671,movie,Marc Cram,1950915,2,,,Prague Manager,,,,,18,minor,,,
Ballerina,2025,2025,Action|Thriller|Crime,541671,movie,Rila Fukushima,1179243,1,,,Petra,,,,,19,minor,,,
Ballerina,2025,2025,Action|Thriller|Crime,541671,movie,Abraham Popoola,1432064,2,,,Frank,,,,,20,minor,,,
Avengers: Age of Ultron,2015,2015,Action|Adventure|Science Fiction,99861,movie,Robert Downey Jr.,3223,2,,,Tony Stark / Iron Man,,,,,1,lead,,,
Avengers: Age of Ultron,2015,2015,Action|Adventure|Science Fiction,99861,movie,Chris Hemsworth,74568,2,,,Thor,,,,,2,lead,,,
Avengers: Age of Ultron,2015,2015,Action|Adventure|Science Fiction,99861,movie,Mark Ruffalo,103,2,,,Bruce Banner / Hulk,,,,,3,lead,,,
Avengers: Age of Ultron,2015,2015,Action|Adventure|Science Fiction,99861,movie,Chris Evans,16828,2,,,Steve Rogers / Captain America,,,,,4,supporting,,,
Avengers: Age of Ultron,2015,2015,Action|Adventure|Science Fiction,99861,movie,Scarlett Johansson,1245,1,,,Natasha Romanoff / Black Widow,,,,,5,supporting,,,
Avengers: Age of Ultron,2015,2015,Action|Adventure|Science Fiction,99861,movie,Jeremy Renner,17604,2,,,Clint Barton / Hawkeye,,,,,6,supporting,,,
Avengers: Age of Ultron,2015,2015,Action|Adventure|Science Fiction,99861,movie,James Spader,13548,2,,,Ultron (voice),,,,,7,supporting,,,
Avengers: Age of Ultron,2015,2015,Action|Adventure|Science Fiction,99861,movie,Samuel L. Jackson,2231,2,,,Nick Fury,,,,,8,supporting,,,
Avengers: Age of Ultron,2015,2015,Action|Adventure|Science Fiction,99861,movie,Don Cheadle,1896,2,,,James Rhodes / War Machine,,,,,9,supporting,,,
Avengers: Age of Ultron,2015,2015,Action|Adventure|Science Fiction,99861,movie,Aaron Taylor-Johnson,27428,2,,,Pietro Maximoff / Quicksilver,,,,,10,supporting,,,
Avengers: Age of Ultron,2015,2015,Action|Adventure|Science Fiction,99861,movie,Elizabeth Olsen,550843,1,,,Wanda Maximoff / Scarlet Witch,,,,,11,minor,,,
Avengers: Age of Ultron,2015,2015,Action|Adventure|Science Fiction,99861,movie,Paul Bettany,6162,2,,,Jarvis / Vision,,,,,12,minor,,,
Avengers: Age of Ultron,2015,2015,Action|Adventure|Science Fiction,99861,movie,Cobie Smulders,71189,1,,,Maria Hill,,,,,13,minor,,,
Avengers: Age of Ultron,2015,2015,Action|Adventure|Science Fiction,99861,movie,Anthony Mackie,53650,2,,,Sam Wilson / The Falcon,,,,,14,minor,,,
Avengers: Age of Ultron,2015,2015,Action|Adventure|Science Fiction,99861,movie,Hayley Atwell,39459,1,,,Peggy Carter,,,,,15,minor,,,
Avengers: Age of Ultron,2015,2015,Action|Adventure|Science Fiction,99861,movie,Idris Elba,17605,2,,,Heimdall,,,,,16,minor,,,
Avengers: Age of Ultron,2015,2015,Action|Adventure|Science Fiction,99861,movie,Linda Cardellini,1817,1,,,Laura Barton,,,,,17,minor,,,
Avengers: Age of Ultron,2015,2015,Action|Adventure|Science Fiction,99861,movie,Stellan Skarsgård,1640,2,,,Erik Selvig,,,,,18,minor,,,
Avengers: Age of Ultron,2015,2015,Action|Adventure|Science Fiction,99861,movie,Claudia Kim,1401531,1,,,Dr. Helen Cho,,,,,19,minor,,,
Avengers: Age of Ultron,2015,2015,Action|Adventure|Science Fiction,99861,movie,Thomas Kretschmann,3491,2,,,Strucker,,,,,20,minor,,,
How to Train Your Dragon,2025,2025,Fantasy|Family|Action|Adventure,1087192,movie,Mason Thames,2803710,2,,,Hiccup,,,,,1,lead,,,
How to Train Your Dragon,2025,2025,Fantasy|Family|Action|Adventure,1087192,movie,Nico Parker,2064124,1,,,Astrid,,,,,2,lead,,,
How to Train Your Dragon,2025,2025,Fantasy|Family|Action|Adventure,1087192,movie,Gerard Butler,17276,2,,,Stoick,,,,,3,lead,,,
How to Train Your Dragon,2025,2025,Fantasy|Family|Action|Adventure,1087192,movie,Nick Frost,11109,2,,,Gobber,,,,,4,supporting,,,
How to Train Your Dragon,2025,2025,Fantasy|Family|Action|Adventure,1087192,movie,Gabriel Howell,3792786,2,,,Snotlout,,,,,5,supporting,,,
How to Train Your Dragon,2025,2025,Fantasy|Family|Action|Adventure,1087192,movie,Julian Dennison,1139349,2,,,Fishlegs,,,,,6,supporting,,,
How to Train Your Dragon,2025,2025,Fantasy|Family|Action|Adventure,1087192,movie,Bronwyn James,1587577,1,,,Ruffnut,,,,,7,supporting,,,
How to Train Your Dragon,2025,2025,Fantasy|Family|Action|Adventure,1087192,movie,Harry Trevaldwyn,2104260,2,,,Tuffnut,,,,,8,supporting,,,
How to Train Your Dragon,2025,2025,Fantasy|Family|Action|Adventure,1087192,movie,Murray McArthur,1216581,2,,,Hoark,,,,,9,supporting,,,
How to Train Your Dragon,2025,2025,Fantasy|Family|Action|Adventure,1087192,movie,Peter Serafinowicz,11115,2,,,Spitelout,,,,,10,supporting,,,
How to Train Your Dragon,2025,2025,Fantasy|Family|Action|Adventure,1087192,movie,Naomi Wirthner,3399457,1,,,Gothi,,,,,11,minor,,,
How to Train Your Dragon,2025,2025,Fantasy|Family|Action|Adventure,1087192,movie,Ruth Codd,3295331,1,,,Phlegma,,,,,12,minor,,,
How to Train Your Dragon,2025,2025,Fantasy|Family|Action|Adventure,1087192,movie,Andrea Ware,1987916,1,,,Burnheart,,,,,13,minor,,,
How to Train Your Dragon,2025,2025,Fantasy|Family|Action|Adventure,1087192,movie,Anna Leong Brophy,1593227,1,,,Retcha,,,,,14,minor,,,
How to Train Your Dragon,2025,2025,Fantasy|Family|Action|Adventure,1087192,movie,Marcus Onilude,1919372,2,,,Snorti,,,,,15,minor,,,
How to Train Your Dragon,2025,2025,Fantasy|Family|Action|Adventure,1087192,movie,Pete Selwood,5505971,2,,,Drül,,,,,16,minor,,,
How to Train Your Dragon,2025,2025,Fantasy|Family|Action|Adventure,1087192,movie,Daniel-John Williams,2774982,0,,,Fungi,,,,,17,minor,,,
How to Train Your Dragon,2025,2025,Fantasy|Family|Action|Adventure,1087192,movie,Kate Kennedy,2486590,1,,,Flatula,,,,,18,minor,,,
How to Train Your Dragon,2025,2025,Fantasy|Family|Action|Adventure,1087192,movie,Selina Jones,5505972,0,,,Loogi,,,,,19,minor,,,
How to Train Your Dragon,2025,2025,Fantasy|Family|Action|Adventure,1087192,movie,Nick Cornwall,1516140,2,,,Hürl,,,,,20,minor,,,
The Lord of the Rings: The Two Towers,2002,2002,Adventure|Fantasy|Action,121,movie,Elijah Wood,109,2,,,Frodo,,,,,1,lead,,,
The Lord of the Rings: The Two Towers,2002,2002,Adventure|Fantasy|Action,121,movie,Ian McKellen,1327,2,,,Gandalf,,,,,2,lead,,,
The Lord of the Rings: The Two Towers,2002,2002,Adventure|Fantasy|Action,121,movie,Viggo Mortensen,110,2,,,Aragorn,,,,,3,lead,,,
The Lord of the Rings: The Two Towers,2002,2002,Adventure|Fantasy|Action,121,movie,Sean Astin,1328,2,,,Sam,,,,,4,supporting,,,
The Lord of the Rings: The Two Towers,2002,2002,Adventure|Fantasy|Action,121,movie,Andy Serkis,1333,2,,,Gollum,,,,,5,supporting,,,
The Lord of the Rings: The Two Towers,2002,2002,Adventure|Fantasy|Action,121,movie,John Rhys-Davies,655,2,,,Gimli / Treebeard (voice),,,,,6,supporting,,,
The Lord of the Rings: The Two Towers,2002,2002,Adventure|Fantasy|Action,121,movie,Orlando Bloom,114,2,,,Legolas,,,,,7,supporting,,,
The Lord of the Rings: The Two Towers,2002,2002,Adventure|Fantasy|Action,121,movie,Bernard Hill,1369,2,,,Théoden,,,,,8,supporting,,,
The Lord of the Rings: The Two Towers,2002,2002,Adventure|Fantasy|Action,121,movie,Miranda Otto,502,1,,,Éowyn,,,,,9,supporting,,,
The Lord of the Rings: The Two Towers,2002,2002,Adventure|Fantasy|Action,121,movie,Dominic Monaghan,1330,2,,,Merry,,,,,10,supporting,,,
The Lord of the Rings: The Two Towers,2002,2002,Adventure|Fantasy|Action,121,movie,Billy Boyd,1329,2,,,Pippin,,,,,11,minor,,,
The Lord of the Rings: The Two Towers,2002,2002,Adventure|Fantasy|Action,121,movie,Christopher Lee,113,2,,,Saruman,,,,,12,minor,,,
The Lord of the Rings: The Two Towers,2002,2002,Adventure|Fantasy|Action,121,movie,Cate Blanchett,112,1,,,Galadriel,,,,,13,minor,,,
The Lord of the Rings: The Two Towers,2002,2002,Adventure|Fantasy|Action,121,movie,Liv Tyler,882,1,,,Arwen,,,,,14,minor,,,
The Lord of the Rings: The Two Towers,2002,2002,Adventure|Fantasy|Action,121,movie,Hugo Weaving,1331,2,,,Elrond,,,,,15,minor,,,
The Lord of the Rings: The Two Towers,2002,2002,Adventure|Fantasy|Action,121,movie,David Wenham,1371,2,,,Faramir,,,,,16,minor,,,
The Lord of the Rings: The Two Towers,2002,2002,Adventure|Fantasy|Action,121,movie,Brad Dourif,1370,2,,,Wormtongue,,,,,17,minor,,,
The Lord of the Rings: The Two Towers,2002,2002,Adventure|Fantasy|Action,121,movie,Karl Urban,1372,2,,,Éomer,,,,,18,minor,,,
The Lord of the Rings: The Two Towers,2002,2002,Adventure|Fantasy|Action,121,movie,Craig Parker,1332,2,,,Haldir,,,,,19,minor,,,
The Lord of the Rings: The Two Towers,2002,2002,Adventure|Fantasy|Action,121,movie,Bruce Allpress,173431,2,,,Aldor,,,,,20,minor,,,
Weapons,2025,2025,Horror|Mystery,1078605,movie,Julia Garner,936970,1,,,Justine,,,,,1,lead,,,
Weapons,2025,2025,Horror|Mystery,1078605,movie,Josh Brolin,16851,2,,,Archer,,,,,2,lead,,,
Weapons,2025,2025,Horror|Mystery,1078605,movie,Alden Ehrenreich,71375,2,,,Paul,,,,,3,lead,,,
Weapons,2025,2025,Horror|Mystery,1078605,movie,Austin Abrams,148992,2,,,James,,,,,4,supporting,,,
Weapons,2025,2025,Horror|Mystery,1078605,movie,Benedict Wong,30082,2,,,Marcus,,,,,5,supporting,,,
Weapons,2025,2025,Horror|Mystery,1078605,movie,Amy Madigan,23882,1,,,Gladys,,,,,6,supporting,,,
Weapons,2025,2025,Horror|Mystery,1078605,movie,Cary Christopher,2407997,2,,,Alex,,,,,7,supporting,,,
Weapons,2025,2025,Horror|Mystery,1078605,movie,Toby Huss,18271,2,,,Captain Ed,,,,,8,supporting,,,
Weapons,2025,2025,Horror|Mystery,1078605,movie,Whitmer Thomas,1105322,2,,,Alex's Dad,,,,,9,supporting,,,
Weapons,2025,2025,Horror|Mystery,1078605,movie,Callie Schuttera,2438324,1,,,Alex's Mom,,,,,10,supporting,,,
Weapons,2025,2025,Horror|Mystery,1078605,movie,June Diane Raphael,83873,1,,,Donna,,,,,11,minor,,,
Weapons,2025,2025,Horror|Mystery,1078605,movie,Scarlett Sher,2476129,1,,,Narrator (voice),,,,,12,minor,,,
Weapons,2025,2025,Horror|Mystery,1078605,movie,Jason Turner,1084721,2,,,Counselor,,,,,13,minor,,,
Weapons,2025,2025,Horror|Mystery,1078605,movie,Anny Jules,3143736,0,,,Parent #1,,,,,14,minor,,,
Weapons,2025,2025,Horror|Mystery,1078605,movie,Ali Burch,2463892,0,,,Parent #2,,,,,15,minor,,,
Weapons,2025,2025,Horror|Mystery,1078605,movie,Michael Gene Conti,2917462,2,,,Parent #3,,,,,16,minor,,,
Weapons,2025,2025,Horror|Mystery,1078605,movie,Eric Jepson,3119213,2,,,Officer,,,,,17,minor,,,
Weapons,2025,2025,Horror|Mystery,1078605,movie,Ronny Mathew,1757755,2,,,Liquor Store Clerk,,,,,18,minor,,,
Weapons,2025,2025,Horror|Mystery,1078605,movie,Melissa Ponzio,168658,1,,,Archer's Wife,,,,,19,minor,,,
Weapons,2025,2025,Horror|Mystery,1078605,movie,Luke Speakman,2634434,2,,,Matthew,,,,,20,minor,,,
Alien,1979,1979,Horror|Science Fiction,348,movie,Tom Skerritt,4139,2,,,Dallas,,,,,1,lead,,,
Alien,1979,1979,Horror|Science Fiction,348,movie,Sigourney Weaver,10205,1,,,Ripley,,,,,2,lead,,,
Alien,1979,1979,Horror|Science Fiction,348,movie,Veronica Cartwright,5047,1,,,Lambert,,,,,3,lead,,,
Alien,1979,1979,Horror|Science Fiction,348,movie,Harry Dean Stanton,5048,2,,,Brett,,,,,4,supporting,,,
Alien,1979,1979,Horror|Science Fiction,348,movie,John Hurt,5049,2,,,Kane,,,,,5,supporting,,,
Alien,1979,1979,Horror|Science Fiction,348,movie,Ian Holm,65,2,,,Ash,,,,,6,supporting,,,
Alien,1979,1979,Horror|Science Fiction,348,movie,Yaphet Kotto,5050,2,,,Parker,,,,,7,supporting,,,
Alien,1979,1979,Horror|Science Fiction,348,movie,Bolaji Badejo,5051,2,,,Alien,,,,,8,supporting,,,
Alien,1979,1979,Horror|Science Fiction,348,movie,Helen Horton,5052,1,,,Mother (voice),,,,,9,supporting,,,
Ready or Not,2019,2019,Horror|Comedy,567609,movie,Samara Weaving,1372369,1,,,Grace,,,,,1,lead,,,
Ready or Not,2019,2019,Horror|Comedy,567609,movie,Mark O'Brien,225411,2,,,Alex Le Domas,,,,,2,lead,,,
Ready or Not,2019,2019,Horror|Comedy,567609,movie,Adam Brody,11702,2,,,Daniel Le Domas,,,,,3,lead,,,
Ready or Not,2019,2019,Horror|Comedy,567609,movie,Henry Czerny,15319,2,,,Tony Le Domas,,,,,4,supporting,,,
Ready or Not,2019,2019,Horror|Comedy,567609,movie,Andie MacDowell,1533,1,,,Becky Le Domas,,,,,5,supporting,,,
Ready or Not,2019,2019,Horror|Comedy,567609,movie,Melanie Scrofano,207491,1,,,Emilie Le Domas,,,,,6,supporting,,,
Ready or Not,2019,2019,Horror|Comedy,567609,movie,Kristian Bruun,1309774,2,,,Fitch Bradley,,,,,7,supporting,,,
Ready or Not,2019,2019,Horror|Comedy,567609,movie,Elyse Levesque,199486,1,,,Charity Le Domas,,,,,8,supporting,,,
Ready or Not,2019,2019,Horror|Comedy,567609,movie,Nicky Guadagni,5889,1,,,Helene Le Domas,,,,,9,supporting,,,
Ready or Not,2019,2019,Horror|Comedy,567609,movie,John Ralston,33343,2,,,Stevens,,,,,10,supporting,,,
Ready or Not,2019,2019,Horror|Comedy,567609,movie,Liam MacDonald,1913111,2,,,Georgie Bradley,,,,,11,minor,,,
Ready or Not,2019,2019,Horror|Comedy,567609,movie,Ethan Tavares,1653094,2,,,Gabe Bradley,,,,,12,minor,,,
Ready or Not,2019,2019,Horror|Comedy,567609,movie,Hanneke Talbot,2086212,1,,,Clara,,,,,13,minor,,,
Ready or Not,2019,2019,Horror|Comedy,567609,movie,Celine Tsai,1918875,1,,,Tina,,,,,14,minor,,,
Ready or Not,2019,2019,Horror|Comedy,567609,movie,Daniela Barbosa,1704782,1,,,Dora,,,,,15,minor,,,
Ready or Not,2019,2019,Horror|Comedy,567609,movie,Chase Churchill,2375820,2,,,Young Alex Le Domas,,,,,16,minor,,,
Ready or Not,2019,2019,Horror|Comedy,567609,movie,Etienne Kellici,2375821,2,,,Young Daniel Le Domas,,,,,17,minor,,,
Ready or Not,2019,2019,Horror|Comedy,567609,movie,Andrew Anthony,1785435,2,,,Charles,,,,,18,minor,,,
Ready or Not,2019,2019,Horror|Comedy,567609,movie,Elana Dunkelman,1725473,1,,,Young Helene Le Domas,,,,,19,minor,,,
Ready or Not,2019,2019,Horror|Comedy,567609,movie,Kate Ziegler,1605026,1,,,Young Becky Le Domas,,,,,20,minor,,,
Barbie,2023,2023,Comedy|Adventure|Fantasy,346698,movie,Margot Robbie,234352,1,,,Barbie,,,,,1,lead,,,
Barbie,2023,2023,Comedy|Adventure|Fantasy,346698,movie,Ryan Gosling,30614,2,,,Ken,,,,,2,lead,,,
Barbie,2023,2023,Comedy|Adventure|Fantasy,346698,movie,America Ferrera,59174,1,,,Gloria,,,,,3,lead,,,
Barbie,2023,2023,Comedy|Adventure|Fantasy,346698,movie,Ariana Greenblatt,1767250,1,,,Sasha,,,,,4,supporting,,,
Barbie,2023,2023,Comedy|Adventure|Fantasy,346698,movie,Issa Rae,1455336,1,,,Barbie,,,,,5,supporting,,,
Barbie,2023,2023,Comedy|Adventure|Fantasy,346698,movie,Kate McKinnon,1240487,1,,,Barbie,,,,,6,supporting,,,
Barbie,2023,2023,Comedy|Adventure|Fantasy,346698,movie,Alexandra Shipp,1253199,1,,,Barbie,,,,,7,supporting,,,
Barbie,2023,2023,Comedy|Adventure|Fantasy,346698,movie,Emma Mackey,2201315,1,,,Barbie,,,,,8,supporting,,,
Barbie,2023,2023,Comedy|Adventure|Fantasy,346698,movie,Hari Nef,1611609,1,,,Barbie,,,,,9,supporting,,,
Barbie,2023,2023,Comedy|Adventure|Fantasy,346698,movie,Sharon Rooney,1474028,1,,,Barbie,,,,,10,supporting,,,
Barbie,2023,2023,Comedy|Adventure|Fantasy,346698,movie,Ana Cruz Kayne,1168285,1,,,Barbie,,,,,11,minor,,,
Barbie,2023,2023,Comedy|Adventure|Fantasy,346698,movie,Ritu Arya,1742596,1,,,Barbie,,,,,12,minor,,,
Barbie,2023,2023,Comedy|Adventure|Fantasy,346698,movie,Dua Lipa,1959397,1,,,Barbie,,,,,13,minor,,,
Barbie,2023,2023,Comedy|Adventure|Fantasy,346698,movie,Nicola Coughlan,1267240,1,,,Barbie,,,,,14,minor,,,
Barbie,2023,2023,Comedy|Adventure|Fantasy,346698,movie,Emerald Fennell,1252934,1,,,Midge,,,,,15,minor,,,
Barbie,2023,2023,Comedy|Adventure|Fantasy,346698,movie,Simu Liu,1489211,2,,,Ken,,,,,16,minor,,,
Barbie,2023,2023,Comedy|Adventure|Fantasy,346698,movie,Kingsley Ben-Adir,1417352,2,,,Ken,,,,,17,minor,,,
Barbie,2023,2023,Comedy|Adventure|Fantasy,346698,movie,Ncuti Gatwa,1475239,2,,,Ken,,,,,18,minor,,,
Barbie,2023,2023,Comedy|Adventure|Fantasy,346698,movie,Scott Evans,1427684,2,,,Ken,,,,,19,minor,,,
Barbie,2023,2023,Comedy|Adventure|Fantasy,346698,movie,John Cena,56446,2,,,Ken,,,,,20,minor,,,
A Working Man,2025,2025,Action|Crime|Thriller,1197306,movie,Jason Statham,976,2,,,Levon Cade,,,,,1,lead,,,
A Working Man,2025,2025,Action|Crime|Thriller,1197306,movie,Jason Flemyng,973,2,,,Wolo Kolisnyk,,,,,2,lead,,,
A Working Man,2025,2025,Action|Crime|Thriller,1197306,movie,Merab Ninidze,17817,2,,,Yuri,,,,,3,lead,,,
A Working Man,2025,2025,Action|Crime|Thriller,1197306,movie,Maximilian Osinski,1011106,2,,,Dimi Kolisnyk,,,,,4,supporting,,,
A Working Man,2025,2025,Action|Crime|Thriller,1197306,movie,Cokey Falkow,950125,2,,,Dougie,,,,,5,supporting,,,
A Working Man,2025,2025,Action|Crime|Thriller,1197306,movie,Michael Peña,454,2,,,Joe Garcia,,,,,6,supporting,,,
A Working Man,2025,2025,Action|Crime|Thriller,1197306,movie,David Harbour,35029,2,,,Gunny Lefferty,,,,,7,supporting,,,
A Working Man,2025,2025,Action|Crime|Thriller,1197306,movie,Noemi Gonzalez,1862014,1,,,Carla Garcia,,,,,8,supporting,,,
A Working Man,2025,2025,Action|Crime|Thriller,1197306,movie,Arianna Rivas,3953574,1,,,Jenny Garcia,,,,,9,supporting,,,
A Working Man,2025,2025,Action|Crime|Thriller,1197306,movie,Isla Gie,3651199,1,,,Merry Cade,,,,,10,supporting,,,
A Working Man,2025,2025,Action|Crime|Thriller,1197306,movie,Emmett J. Scanlan,1111204,2,,,Viper,,,,,11,minor,,,
A Working Man,2025,2025,Action|Crime|Thriller,1197306,movie,Eve Mauro,147382,1,,,Artemis,,,,,12,minor,,,
A Working Man,2025,2025,Action|Crime|Thriller,1197306,movie,Kristina Poli,4642648,1,,,Svetlana Kolisnyk,,,,,13,minor,,,
A Working Man,2025,2025,Action|Crime|Thriller,1197306,movie,Andrej Kaminsky,1327564,2,,,Symon Kharchenko,,,,,14,minor,,,
A Working Man,2025,2025,Action|Crime|Thriller,1197306,movie,Greg Kolpakchi,1294465,2,,,Danya Kharchenko,,,,,15,minor,,,
A Working Man,2025,2025,Action|Crime|Thriller,1197306,movie,Piotr Witkowski,3120886,2,,,Vanko Kharchenko,,,,,16,minor,,,
A Working Man,2025,2025,Action|Crime|Thriller,1197306,movie,Chidi Ajufo,1285754,2,,,Dutch,,,,,17,minor,,,
A Working Man,2025,2025,Action|Crime|Thriller,1197306,movie,Ricky Champ,40478,2,,,Nestor,,,,,18,minor,,,
A Working Man,2025,2025,Action|Crime|Thriller,1197306,movie,Max Croes,2170346,2,,,Karp,,,,,19,minor,,,
A Working Man,2025,2025,Action|Crime|Thriller,1197306,movie,Kenneth Collard,997569,2,,,Mr. Boward,,,,,20,minor,,,
Iron Man,2008,2008,Action|Science Fiction|Adventure,1726,movie,Robert Downey Jr.,3223,2,,,Tony Stark,,,,,1,lead,,,
Iron Man,2008,2008,Action|Science Fiction|Adventure,1726,movie,Terrence Howard,18288,2,,,Rhodey,,,,,2,lead,,,
Iron Man,2008,2008,Action|Science Fiction|Adventure,1726,movie,Jeff Bridges,1229,2,,,Obadiah Stane,,,,,3,lead,,,
Iron Man,2008,2008,Action|Science Fiction|Adventure,1726,movie,Gwyneth Paltrow,12052,1,,,Pepper Potts,,,,,4,supporting,,,
Iron Man,2008,2008,Action|Science Fiction|Adventure,1726,movie,Leslie Bibb,57451,1,,,Christine Everhart,,,,,5,supporting,,,
Iron Man,2008,2008,Action|Science Fiction|Adventure,1726,movie,Shaun Toub,17857,2,,,Yinsen,,,,,6,supporting,,,
Iron Man,2008,2008,Action|Science Fiction|Adventure,1726,movie,Faran Tahir,57452,2,,,Raza,,,,,7,supporting,,,
Iron Man,2008,2008,Action|Science Fiction|Adventure,1726,movie,Clark Gregg,9048,2,,,Agent Coulson,,,,,8,supporting,,,
Iron Man,2008,2008,Action|Science Fiction|Adventure,1726,movie,Bill Smitrovich,17200,2,,,General Gabriel,,,,,9,supporting,,,
Iron Man,2008,2008,Action|Science Fiction|Adventure,1726,movie,Sayed Badreya,173810,2,,,Abu Bakaar,,,,,10,supporting,,,
Iron Man,2008,2008,Action|Science Fiction|Adventure,1726,movie,Paul Bettany,6162,2,,,Jarvis (voice),,,,,11,minor,,,
Iron Man,2008,2008,Action|Science Fiction|Adventure,1726,movie,Jon Favreau,15277,2,,,Hogan,,,,,12,minor,,,
Iron Man,2008,2008,Action|Science Fiction|Adventure,1726,movie,Peter Billingsley,12708,2,,,William Ginter Riva,,,,,13,minor,,,
Iron Man,2008,2008,Action|Science Fiction|Adventure,1726,movie,Tim Guinee,40275,2,,,Major Allen,,,,,14,minor,,,
Iron Man,2008,2008,Action|Science Fiction|Adventure,1726,movie,Will Lyman,163671,2,,,Award Ceremony Narrator (voice),,,,,15,minor,,,
Iron Man,2008,2008,Action|Science Fiction|Adventure,1726,movie,Tom Morello,78299,2,,,Guard,,,,,16,minor,,,
Iron Man,2008,2008,Action|Science Fiction|Adventure,1726,movie,Marco Khan,54809,2,,,Guard,,,,,17,minor,,,
Iron Man,2008,2008,Action|Science Fiction|Adventure,1726,movie,Daston Kalili,944830,2,,,Guard,,,,,18,minor,,,
Iron Man,2008,2008,Action|Science Fiction|Adventure,1726,movie,Ido Mor,1209417,2,,,Guard,,,,,19,minor,,,
Iron Man,2008,2008,Action|Science Fiction|Adventure,1726,movie,Kevin Foster,95698,2,,,Jimmy,,,,,20,minor,,,
Shamrocks,,,Crime|Comedy,1274477,movie,Brett Baker,1096595,2,,,Jones,,,,,1,lead,,,
Shamrocks,,,Crime|Comedy,1274477,movie,Jeno Wilkinson,4652957,0,,,Barry,,,,,2,lead,,,
Shamrocks,,,Crime|Comedy,1274477,movie,Michael Willis,4652958,0,,,Newkirk,,,,,3,lead,,,
Shamrocks,,,Crime|Comedy,1274477,movie,James Hiser,298552,2,,,Julien,,,,,4,supporting,,,
12 Angry Men,1957,1957,Drama,389,movie,Martin Balsam,1936,2,,,Juror 1,,,,,1,lead,,,
12 Angry Men,1957,1957,Drama,389,movie,John Fiedler,5247,2,,,Juror 2,,,,,2,lead,,,
12 Angry Men,1957,1957,Drama,389,movie,Lee J. Cobb,5248,2,,,Juror 3,,,,,3,lead,,,
12 Angry Men,1957,1957,Drama,389,movie,E.G. Marshall,5249,2,,,Juror 4,,,,,4,supporting,,,
12 Angry Men,1957,1957,Drama,389,movie,Jack Klugman,5250,2,,,Juror 5,,,,,5,supporting,,,
12 Angry Men,1957,1957,Drama,389,movie,Edward Binns,2651,2,,,Juror 6,,,,,6,supporting,,,
12 Angry Men,1957,1957,Drama,389,movie,Jack Warden,5251,2,,,Juror 7,,,,,7,supporting,,,
12 Angry Men,1957,1957,Drama,389,movie,Henry Fonda,4958,2,,,Juror 8,,,,,8,supporting,,,
12 Angry Men,1957,1957,Drama,389,movie,Joseph Sweeney,5252,2,,,Juror 9,,,,,9,supporting,,,
12 Angry Men,1957,1957,Drama,389,movie,Ed Begley,39816,2,,,Juror 10,,,,,10,supporting,,,
12 Angry Men,1957,1957,Drama,389,movie,George Voskovec,5254,2,,,Juror 11,,,,,11,minor,,,
12 Angry Men,1957,1957,Drama,389,movie,Robert Webber,5255,2,,,Juror 12,,,,,12,minor,,,
12 Angry Men,1957,1957,Drama,389,movie,Rudy Bond,3143,2,,,Judge (uncredited),,,,,13,minor,,,
12 Angry Men,1957,1957,Drama,389,movie,Tom Gorman,2498394,2,,,Stenographer (uncredited),,,,,14,minor,,,
12 Angry Men,1957,1957,Drama,389,movie,James Kelly,1437464,2,,,Guard (uncredited),,,,,15,minor,,,
12 Angry Men,1957,1957,Drama,389,movie,Billy Nelson,5257,2,,,Court Clerk (uncredited),,,,,16,minor,,,
12 Angry Men,1957,1957,Drama,389,movie,Walter Stocker,153394,2,,,Man Waiting for Elevator (uncredited),,,,,17,minor,,,
12 Angry Men,1957,1957,Drama,389,movie,John Savoca,5892050,0,,,Defendant (uncredited),,,,,18,minor,,,
Whiplash,2014,2014,Drama|Music|Thriller,244786,movie,Miles Teller,996701,2,,,Andrew,,,,,1,lead,,,
Whiplash,2014,2014,Drama|Music|Thriller,244786,movie,J.K. Simmons,18999,2,,,Fletcher,,,,,2,lead,,,
Whiplash,2014,2014,Drama|Music|Thriller,244786,movie,Paul Reiser,781,2,,,Jim,,,,,3,lead,,,
Whiplash,2014,2014,Drama|Music|Thriller,244786,movie,Melissa Benoist,129104,1,,,Nicole,,,,,4,supporting,,,
Whiplash,2014,2014,Drama|Music|Thriller,244786,movie,Austin Stowell,970216,2,,,Ryan,,,,,5,supporting,,,
Whiplash,2014,2014,Drama|Music|Thriller,244786,movie,Nate Lang,1451540,2,,,Carl,,,,,6,supporting,,,
Whiplash,2014,2014,Drama|Music|Thriller,244786,movie,Chris Mulkey,15824,2,,,Uncle Frank,,,,,7,supporting,,,
Whiplash,2014,2014,Drama|Music|Thriller,244786,movie,Damon Gupton,53454,2,,,Mr. Kramer,,,,,8,supporting,,,
Whiplash,2014,2014,Drama|Music|Thriller,244786,movie,Suanne Spoke,1212459,1,,,Aunt Emma,,,,,9,supporting,,,
Whiplash,2014,2014,Drama|Music|Thriller,244786,movie,Max Kasch,52939,2,,,Dorm Neighbor,,,,,10,supporting,,,
Whiplash,2014,2014,Drama|Music|Thriller,244786,movie,Charlie Ian,1451542,2,,,Dustin,,,,,11,minor,,,
Whiplash,2014,2014,Drama|Music|Thriller,244786,movie,Jayson Blair,223012,2,,,Travis,,,,,12,minor,,,
Whiplash,2014,2014,Drama|Music|Thriller,244786,movie,Kofi Siriboe,1451543,2,,,Bassist (Nassau),,,,,13,minor,,,
Whiplash,2014,2014,Drama|Music|Thriller,244786,movie,Kavita Patil,159366,1,,,Assistant - Sophie,,,,,14,minor,,,
Whiplash,2014,2014,Drama|Music|Thriller,244786,movie,C.J. Vana,1451545,2,,,Metz,,,,,15,minor,,,
Whiplash,2014,2014,Drama|Music|Thriller,244786,movie,Tarik Lowe,171766,2,,,Pianist (Studio Band),,,,,16,minor,,,
Whiplash,2014,2014,Drama|Music|Thriller,244786,movie,Tyler Kimball,1398714,2,,,Saxophonist #2 (Studio Band),,,,,17,minor,,,
Whiplash,2014,2014,Drama|Music|Thriller,244786,movie,Rogelio Douglas Jr.,1503721,2,,,Trumpeter #1 (Studio Band),,,,,18,minor,,,
Whiplash,2014,2014,Drama|Music|Thriller,244786,movie,Adrian Burks,1503834,2,,,Trumpeter #2 (Studio Band),,,,,19,minor,,,
Whiplash,2014,2014,Drama|Music|Thriller,244786,movie,Calvin C. Winbush,1145677,2,,,Saxophonist (Studio Band),,,,,20,minor,,,
Inside Out,2015,2015,Animation|Family|Adventure|Drama|Comedy,150540,movie,Amy Poehler,56322,1,,,Joy (voice),,,,,1,lead,,,
Inside Out,2015,2015,Animation|Family|Adventure|Drama|Comedy,150540,movie,Phyllis Smith,169200,1,,,Sadness (voice),,,,,2,lead,,,
Inside Out,2015,2015,Animation|Family|Adventure|Drama|Comedy,150540,movie,Richard Kind,21125,2,,,Bing Bong (voice),,,,,3,lead,,,
Inside Out,2015,2015,Animation|Family|Adventure|Drama|Comedy,150540,movie,Bill Hader,19278,2,,,Fear (voice),,,,,4,supporting,,,
Inside Out,2015,2015,Animation|Family|Adventure|Drama|Comedy,150540,movie,Lewis Black,59258,2,,,Anger (voice),,,,,5,supporting,,,
Inside Out,2015,2015,Animation|Family|Adventure|Drama|Comedy,150540,movie,Mindy Kaling,125167,1,,,Disgust (voice),,,,,6,supporting,,,
Inside Out,2015,2015,Animation|Family|Adventure|Drama|Comedy,150540,movie,Kaitlyn Dias,1371894,1,,,Riley (voice),,,,,7,supporting,,,
Inside Out,2015,2015,Animation|Family|Adventure|Drama|Comedy,150540,movie,Diane Lane,2882,1,,,Mom (voice),,,,,8,supporting,,,
Inside Out,2015,2015,Animation|Family|Adventure|Drama|Comedy,150540,movie,Kyle MacLachlan,6677,2,,,Dad (voice),,,,,9,supporting,,,
Inside Out,2015,2015,Animation|Family|Adventure|Drama|Comedy,150540,movie,Paula Poundstone,196502,1,,,Forgetter Paula (voice),,,,,10,supporting,,,
Inside Out,2015,2015,Animation|Family|Adventure|Drama|Comedy,150540,movie,Bobby Moynihan,452205,2,,,Forgetter Bobby (voice),,,,,11,minor,,,
Inside Out,2015,2015,Animation|Family|Adventure|Drama|Comedy,150540,movie,Paula Pell,1226294,1,,,Dream Director / Mom's Anger (voice),,,,,12,minor,,,
Inside Out,2015,2015,Animation|Family|Adventure|Drama|Comedy,150540,movie,Dave Goelz,64181,2,,,Subconscious Guard Frank (voice),,,,,13,minor,,,
Inside Out,2015,2015,Animation|Family|Adventure|Drama|Comedy,150540,movie,Frank Oz,7908,2,,,Subconscious Guard Dave (voice),,,,,14,minor,,,
Inside Out,2015,2015,Animation|Family|Adventure|Drama|Comedy,150540,movie,Josh Cooley,84496,2,,,Jangles (voice),,,,,15,minor,,,
Inside Out,2015,2015,Animation|Family|Adventure|Drama|Comedy,150540,movie,Flea,1237,2,,,Mind Worker Cop Jake (voice),,,,,16,minor,,,
Inside Out,2015,2015,Animation|Family|Adventure|Drama|Comedy,150540,movie,John Ratzenberger,7907,2,,,Fritz (voice),,,,,17,minor,,,
Inside Out,2015,2015,Animation|Family|Adventure|Drama|Comedy,150540,movie,Carlos Alazraqui,59784,2,,,Helicopter Pilot (voice),,,,,18,minor,,,
Inside Out,2015,2015,Animation|Family|Adventure|Drama|Comedy,150540,movie,Peter Sagal,1531657,2,,,Clown's Joy (voice),,,,,19,minor,,,
Inside Out,2015,2015,Animation|Family|Adventure|Drama|Comedy,150540,movie,Rashida Jones,80591,1,,,Cool Girl's Emotions (voice),,,,,20,minor,,,
Spider-Man,2002,2002,Action|Science Fiction,557,movie,Tobey Maguire,2219,2,,,Spider-Man / Peter Parker,,,,,1,lead,,,
Spider-Man,2002,2002,Action|Science Fiction,557,movie,Willem Dafoe,5293,2,,,Green Goblin / Norman Osborn,,,,,2,lead,,,
Spider-Man,2002,2002,Action|Science Fiction,557,movie,Kirsten Dunst,205,1,,,Mary Jane Watson,,,,,3,lead,,,
Spider-Man,2002,2002,Action|Science Fiction,557,movie,James Franco,17051,2,,,Harry Osborn,,,,,4,supporting,,,
Spider-Man,2002,2002,Action|Science Fiction,557,movie,Cliff Robertson,19153,2,,,Ben Parker,,,,,5,supporting,,,
Spider-Man,2002,2002,Action|Science Fiction,557,movie,Rosemary Harris,18998,1,,,May Parker,,,,,6,supporting,,,
Spider-Man,2002,2002,Action|Science Fiction,557,movie,J.K. Simmons,18999,2,,,J. Jonah Jameson,,,,,7,supporting,,,
Spider-Man,2002,2002,Action|Science Fiction,557,movie,Joe Manganiello,20580,2,,,Flash Thompson,,,,,8,supporting,,,
Spider-Man,2002,2002,Action|Science Fiction,557,movie,Gerry Becker,19468,2,,,Maximilian Fargas,,,,,9,supporting,,,
Spider-Man,2002,2002,Action|Science Fiction,557,movie,Bill Nunn,5502,2,,,Joseph 'Robbie' Robertson,,,,,10,supporting,,,
Spider-Man,2002,2002,Action|Science Fiction,557,movie,Jack Betts,20581,2,,,Henry Balkan,,,,,11,minor,,,
Spider-Man,2002,2002,Action|Science Fiction,557,movie,Stanley Anderson,15253,2,,,General Slocum,,,,,12,minor,,,
Spider-Man,2002,2002,Action|Science Fiction,557,movie,Ron Perkins,125024,2,,,Dr. Mendel Stromm,,,,,13,minor,,,
Spider-Man,2002,2002,Action|Science Fiction,557,movie,Michael Papajohn,20582,2,,,Carjacker,,,,,14,minor,,,
Spider-Man,2002,2002,Action|Science Fiction,557,movie,K.K. Dodds,6945,1,,,Simkins,,,,,15,minor,,,
Spider-Man,2002,2002,Action|Science Fiction,557,movie,Ted Raimi,11769,2,,,Hoffman,,,,,16,minor,,,
Spider-Man,2002,2002,Action|Science Fiction,557,movie,Bruce Campbell,11357,2,,,Ring Announcer,,,,,17,minor,,,
Spider-Man,2002,2002,Action|Science Fiction,557,movie,Elizabeth Banks,9281,1,,,Miss Brant,,,,,18,minor,,,
Spider-Man,2002,2002,Action|Science Fiction,557,movie,John Paxton,19326,2,,,Houseman,,,,,19,minor,,,
Spider-Man,2002,2002,Action|Science Fiction,557,movie,Tim DeZarn,956719,2,,,Philip Watson,,,,,20,minor,,,
The Batman,2022,2022,Crime|Mystery|Thriller,414906,movie,Robert Pattinson,11288,2,,,Bruce Wayne / The Batman,,,,,1,lead,,,
The Batman,2022,2022,Crime|Mystery|Thriller,414906,movie,Zoë Kravitz,37153,1,,,Selina Kyle,,,,,2,lead,,,
The Batman,2022,2022,Crime|Mystery|Thriller,414906,movie,Jeffrey Wright,2954,2,,,Lt. James Gordon,,,,,3,lead,,,
The Batman,2022,2022,Crime|Mystery|Thriller,414906,movie,Colin Farrell,72466,2,,,Oz / The Penguin,,,,,4,supporting,,,
The Batman,2022,2022,Crime|Mystery|Thriller,414906,movie,Paul Dano,17142,2,,,The Riddler,,,,,5,supporting,,,
The Batman,2022,2022,Crime|Mystery|Thriller,414906,movie,John Turturro,1241,2,,,Carmine Falcone,,,,,6,supporting,,,
The Batman,2022,2022,Crime|Mystery|Thriller,414906,movie,Andy Serkis,1333,2,,,Alfred,,,,,7,supporting,,,
The Batman,2022,2022,Crime|Mystery|Thriller,414906,movie,Peter Sarsgaard,133,2,,,District Attorney Gil Colson,,,,,8,supporting,,,
The Batman,2022,2022,Crime|Mystery|Thriller,414906,movie,Barry Keoghan,1290466,2,,,Unseen Arkham Prisoner,,,,,9,supporting,,,
The Batman,2022,2022,Crime|Mystery|Thriller,414906,movie,Jayme Lawson,2455272,1,,,Bella Reál,,,,,10,supporting,,,
The Batman,2022,2022,Crime|Mystery|Thriller,414906,movie,Gil Perez-Abraham,2193208,2,,,Officer Martinez,,,,,11,minor,,,
The Batman,2022,2022,Crime|Mystery|Thriller,414906,movie,Peter McDonald,73283,2,,,Kenzie,,,,,12,minor,,,
The Batman,2022,2022,Crime|Mystery|Thriller,414906,movie,Con O'Neill,96279,2,,,Chief Mackenzie Bock,,,,,13,minor,,,
The Batman,2022,2022,Crime|Mystery|Thriller,414906,movie,Alex Ferns,60416,2,,,Commissioner Pete Savage,,,,,14,minor,,,
The Batman,2022,2022,Crime|Mystery|Thriller,414906,movie,Rupert Penry-Jones,42276,2,,,"Mayor Don Mitchell, Jr.",,,,,15,minor,,,
The Batman,2022,2022,Crime|Mystery|Thriller,414906,movie,Kosha Engler,1159680,1,,,Mrs. Mitchell,,,,,16,minor,,,
The Batman,2022,2022,Crime|Mystery|Thriller,414906,movie,Archie Barnes,2230419,2,,,Mitchell's Son,,,,,17,minor,,,
The Batman,2022,2022,Crime|Mystery|Thriller,414906,movie,Janine Harouni,1850089,1,,,Carla,,,,,18,minor,,,
The Batman,2022,2022,Crime|Mystery|Thriller,414906,movie,Hana Hrzic,3450468,1,,,Annika,,,,,19,minor,,,
The Batman,2022,2022,Crime|Mystery|Thriller,414906,movie,Joseph Walker,3454169,2,,,Young Riddler,,,,,20,minor,,,
The Notebook,2004,2004,Romance|Drama,11036,movie,Ryan Gosling,30614,2,,,Noah Calhoun,,,,,1,lead,,,
The Notebook,2004,2004,Romance|Drama,11036,movie,Rachel McAdams,53714,1,,,Allie Hamilton,,,,,2,lead,,,
The Notebook,2004,2004,Romance|Drama,11036,movie,Gena Rowlands,4800,1,,,Older Allie,,,,,3,lead,,,
The Notebook,2004,2004,Romance|Drama,11036,movie,James Garner,16896,2,,,"Older Noah ""Duke""",,,,,4,supporting,,,
The Notebook,2004,2004,Romance|Drama,11036,movie,Joan Allen,11148,1,,,Anne Hamilton,,,,,5,supporting,,,
The Notebook,2004,2004,Romance|Drama,11036,movie,David Thornton,76526,2,,,John Hamilton,,,,,6,supporting,,,
The Notebook,2004,2004,Romance|Drama,11036,movie,James Marsden,11006,2,,,Lon Hammond,,,,,7,supporting,,,
The Notebook,2004,2004,Romance|Drama,11036,movie,Kevin Connolly,16666,2,,,Fin,,,,,8,supporting,,,
The Notebook,2004,2004,Romance|Drama,11036,movie,Sam Shepard,9880,2,,,Frank Calhoun,,,,,9,supporting,,,
The Notebook,2004,2004,Romance|Drama,11036,movie,Starletta DuPois,44822,1,,,Nurse Esther,,,,,10,supporting,,,
The Notebook,2004,2004,Romance|Drama,11036,movie,Ed Grady,102719,2,,,Harry,,,,,11,minor,,,
The Notebook,2004,2004,Romance|Drama,11036,movie,Jennifer Echols,24199,1,,,Nurse Selma,,,,,12,minor,,,
The Notebook,2004,2004,Romance|Drama,11036,movie,Heather Wahlquist,55317,1,,,Sara Tuffington,,,,,13,minor,,,
The Notebook,2004,2004,Romance|Drama,11036,movie,Cullen Moss,1215021,2,,,Bodee,,,,,14,minor,,,
The Notebook,2004,2004,Romance|Drama,11036,movie,Thunderbird Dinwiddie,174093,1,,,Veronica,,,,,15,minor,,,
The Notebook,2004,2004,Romance|Drama,11036,movie,James Middleton,107404,0,,,Aaron,,,,,16,minor,,,
The Notebook,2004,2004,Romance|Drama,11036,movie,Peter Rosenfeld,1399877,2,,,Professor,,,,,17,minor,,,
The Notebook,2004,2004,Romance|Drama,11036,movie,Obba Babatundé,52057,2,,,Band Leader,,,,,18,minor,,,
The Notebook,2004,2004,Romance|Drama,11036,movie,Chuck Pacheco,52654,2,,,Bus Driver,,,,,19,minor,,,
The Notebook,2004,2004,Romance|Drama,11036,movie,Todd Lewis,509950,2,,,Reporter,,,,,20,minor,,,
The Lion King,1994,1994,Animation|Family|Drama,8587,movie,Matthew Broderick,4756,2,,,Simba (voice),,,,,1,lead,,,
The Lion King,1994,1994,Animation|Family|Drama,8587,movie,Moira Kelly,20005,1,,,Nala (voice),,,,,2,lead,,,
The Lion King,1994,1994,Animation|Family|Drama,8587,movie,Nathan Lane,78729,2,,,Timon (voice),,,,,3,lead,,,
The Lion King,1994,1994,Animation|Family|Drama,8587,movie,Ernie Sabella,69415,2,,,Pumbaa (voice),,,,,4,supporting,,,
The Lion King,1994,1994,Animation|Family|Drama,8587,movie,James Earl Jones,15152,2,,,Mufasa (voice),,,,,5,supporting,,,
The Lion King,1994,1994,Animation|Family|Drama,8587,movie,Jeremy Irons,16940,2,,,Scar (voice),,,,,6,supporting,,,
The Lion King,1994,1994,Animation|Family|Drama,8587,movie,Robert Guillaume,8294,2,,,Rafiki (voice),,,,,7,supporting,,,
The Lion King,1994,1994,Animation|Family|Drama,8587,movie,Rowan Atkinson,10730,2,,,Zazu (voice),,,,,8,supporting,,,
The Lion King,1994,1994,Animation|Family|Drama,8587,movie,Jonathan Taylor Thomas,53283,2,,,Young Simba (voice),,,,,9,supporting,,,
The Lion King,1994,1994,Animation|Family|Drama,8587,movie,Niketa Calame-Harris,56043,1,,,Young Nala (voice),,,,,10,supporting,,,
The Lion King,1994,1994,Animation|Family|Drama,8587,movie,Whoopi Goldberg,2395,1,,,Shenzi (voice),,,,,11,minor,,,
The Lion King,1994,1994,Animation|Family|Drama,8587,movie,Cheech Marin,11159,2,,,Banzai (voice),,,,,12,minor,,,
The Lion King,1994,1994,Animation|Family|Drama,8587,movie,Jim Cummings,12077,2,,,Ed (voice),,,,,13,minor,,,
The Lion King,1994,1994,Animation|Family|Drama,8587,movie,Madge Sinclair,58074,1,,,Sarabi (voice),,,,,14,minor,,,
The Lion King,1994,1994,Animation|Family|Drama,8587,movie,Zoe Leader,723462,1,,,Sarafina (voice),,,,,15,minor,,,
The Lion King,1994,1994,Animation|Family|Drama,8587,movie,Frank Welker,15831,2,,,Lions Roars (voice) (uncredited),,,,,16,minor,,,
The Lion King,1994,1994,Animation|Family|Drama,8587,movie,Cathy Cavadini,64948,1,,,Additional Voices (voice),,,,,17,minor,,,
The Lion King,1994,1994,Animation|Family|Drama,8587,movie,Judi Durand,949895,1,,,Additional Voices (voice),,,,,18,minor,,,
The Lion King,1994,1994,Animation|Family|Drama,8587,movie,Daamen J. Krall,96310,2,,,Additional Voices (voice),,,,,19,minor,,,
The Lion King,1994,1994,Animation|Family|Drama,8587,movie,David McCharen,952996,2,,,Additional Voices (voice),,,,,20,minor,,,
Midnight Matinee,1988,1988,Horror|Mystery|Thriller|TV Movie,137051,movie,Ron White,1242148,2,,,Al Jason,,,,,1,lead,,,
Midnight Matinee,1988,1988,Horror|Mystery|Thriller|TV Movie,137051,movie,Gillian Barber,56522,1,,,Marilyn,,,,,2,lead,,,
Midnight Matinee,1988,1988,Horror|Mystery|Thriller|TV Movie,137051,movie,Jeff Schultz,100873,2,,,Lawrence,,,,,3,lead,,,
Midnight Matinee,1988,1988,Horror|Mystery|Thriller|TV Movie,137051,movie,Beatrice Boepple,189664,1,,,Sherri,,,,,4,supporting,,,
Midnight Matinee,1988,1988,Horror|Mystery|Thriller|TV Movie,137051,movie,Timothy Webber,53720,2,,,Geoff,,,,,5,supporting,,,
Midnight Matinee,1988,1988,Horror|Mystery|Thriller|TV Movie,137051,movie,Don S. Davis,15863,2,,,Earle Gardner,,,,,6,supporting,,,
Midnight Matinee,1988,1988,Horror|Mystery|Thriller|TV Movie,137051,movie,R. Nelson Brown,11833,2,,,Warren,,,,,7,supporting,,,
Midnight Matinee,1988,1988,Horror|Mystery|Thriller|TV Movie,137051,movie,William B. Davis,12643,2,,,Heath Harris,,,,,8,supporting,,,
Midnight Matinee,1988,1988,Horror|Mystery|Thriller|TV Movie,137051,movie,Stephen E. Miller,75467,2,,,Dallas,,,,,9,supporting,,,
Midnight Matinee,1988,1988,Horror|Mystery|Thriller|TV Movie,137051,movie,Matt Hill,27120,2,,,Bob Simpson,,,,,10,supporting,,,
Midnight Matinee,1988,1988,Horror|Mystery|Thriller|TV Movie,137051,movie,Kerry Sandomirsky,152410,1,,,Kelly,,,,,11,minor,,,
Midnight Matinee,1988,1988,Horror|Mystery|Thriller|TV Movie,137051,movie,Kimelly Anne Warren,3717580,0,,,Bridgette,,,,,12,minor,,,
Midnight Matinee,1988,1988,Horror|Mystery|Thriller|TV Movie,137051,movie,Walter Marsh,1219890,2,,,Shaw Sr.,,,,,13,minor,,,
Midnight Matinee,1988,1988,Horror|Mystery|Thriller|TV Movie,137051,movie,Claire Vardiel,79914,1,,,Mrs. Hallingson,,,,,14,minor,,,
Midnight Matinee,1988,1988,Horror|Mystery|Thriller|TV Movie,137051,movie,Boyd McConnachie,5039781,0,,,Kelly’s Boyfriend,,,,,15,minor,,,
Real Steel,2011,2011,Action|Science Fiction|Drama,39254,movie,Hugh Jackman,6968,2,,,Charlie Kenton,,,,,1,lead,,,
Real Steel,2011,2011,Action|Science Fiction|Drama,39254,movie,Dakota Goyo,234479,2,,,Max Kenton,,,,,2,lead,,,
Real Steel,2011,2011,Action|Science Fiction|Drama,39254,movie,Evangeline Lilly,19034,1,,,Bailey Tallet,,,,,3,lead,,,
Real Steel,2011,2011,Action|Science Fiction|Drama,39254,movie,Kevin Durand,79072,2,,,Ricky,,,,,4,supporting,,,
Real Steel,2011,2011,Action|Science Fiction|Drama,39254,movie,Anthony Mackie,53650,2,,,Finn,,,,,5,supporting,,,
Real Steel,2011,2011,Action|Science Fiction|Drama,39254,movie,Hope Davis,15250,1,,,Aunt Debra,,,,,6,supporting,,,
Real Steel,2011,2011,Action|Science Fiction|Drama,39254,movie,James Rebhorn,8986,2,,,Marvin,,,,,7,supporting,,,
Real Steel,2011,2011,Action|Science Fiction|Drama,39254,movie,Karl Yune,19860,2,,,Tak Mashido,,,,,8,supporting,,,
Real Steel,2011,2011,Action|Science Fiction|Drama,39254,movie,Sophie Levy,1126350,1,,,Big Sister,,,,,9,supporting,,,
Real Steel,2011,2011,Action|Science Fiction|Drama,39254,movie,Tess Levy,1126351,1,,,Little Sister,,,,,10,supporting,,,
Real Steel,2011,2011,Action|Science Fiction|Drama,39254,movie,Olga Fonda,111206,1,,,Farra Lemkova,,,,,11,minor,,,
Real Steel,2011,2011,Action|Science Fiction|Drama,39254,movie,John Gatins,53176,2,,,Kingpin,,,,,12,minor,,,
Real Steel,2011,2011,Action|Science Fiction|Drama,39254,movie,Gregory Sims,187983,2,,,Bill Panner,,,,,13,minor,,,
Real Steel,2011,2011,Action|Science Fiction|Drama,39254,movie,Torey Adkins,1358647,2,,,Large Texan Man,,,,,14,minor,,,
Real Steel,2011,2011,Action|Science Fiction|Drama,39254,movie,Phil LaMarr,31549,2,,,ESPN Boxing Commentator,,,,,15,minor,,,
Real Steel,2011,2011,Action|Science Fiction|Drama,39254,movie,John Hawkinson,87057,2,,,San Leandro Gentleman #2,,,,,16,minor,,,
Real Steel,2011,2011,Action|Science Fiction|Drama,39254,movie,David Alan Basche,59690,2,,,ESPN Boxing Commentator,,,,,17,minor,,,
Real Steel,2011,2011,Action|Science Fiction|Drama,39254,movie,Julian Gant,1738397,2,,,Starblaze Arena Reporter,,,,,18,minor,,,
Real Steel,2011,2011,Action|Science Fiction|Drama,39254,movie,Ken Alter,1561695,0,,,Virgin America Spectrum Ring Announcer,,,,,19,minor,,,
Real Steel,2011,2011,Action|Science Fiction|Drama,39254,movie,Leilani Barrett,1738398,2,,,Virgin America Spectrum Ref,,,,,20,minor,,,
Rose Bowl,1936,1936,Comedy|Romance,72216,movie,Eleanore Whitney,565334,1,,,'Cheers' Reynolds,,,,,1,lead,,,
Rose Bowl,1936,1936,Comedy|Romance,72216,movie,Tom Brown,89687,2,,,Paddy O'Riley,,,,,2,lead,,,
Rose Bowl,1936,1936,Comedy|Romance,72216,movie,Buster Crabbe,33359,2,,,Ossie Merrill,,,,,3,lead,,,
Rose Bowl,1936,1936,Comedy|Romance,72216,movie,William Frawley,34285,2,,,'Soapy' Moreland,,,,,4,supporting,,,
Rose Bowl,1936,1936,Comedy|Romance,72216,movie,Benny Baker,153337,2,,,'Dutch' Schultz,,,,,5,supporting,,,
Rose Bowl,1936,1936,Comedy|Romance,72216,movie,Nydia Westman,85847,1,,,Susie Reynolds,,,,,6,supporting,,,
Rose Bowl,1936,1936,Comedy|Romance,72216,movie,Nick Lukats,1317954,2,,,Donovan,,,,,7,supporting,,,
Rose Bowl,1936,1936,Comedy|Romance,72216,movie,Priscilla Lawson,33361,1,,,Florence Taylor,,,,,8,supporting,,,
Rose Bowl,1936,1936,Comedy|Romance,72216,movie,Adrian Morris,102071,2,,,Doc,,,,,9,supporting,,,
Rose Bowl,1936,1936,Comedy|Romance,72216,movie,Jimmy Conlin,89672,2,,,Browning Hills,,,,,10,supporting,,,
Rose Bowl,1936,1936,Comedy|Romance,72216,movie,Louis Mason,1184115,2,,,Thornton,,,,,11,minor,,,
Rose Bowl,1936,1936,Comedy|Romance,72216,movie,Lon Chaney Jr.,4072,2,,,Sierra Football Player,,,,,12,minor,,,
Rose Bowl,1936,1936,Comedy|Romance,72216,movie,Ellen Drew,84485,1,,,Mary Arnold,,,,,13,minor,,,
Rose Bowl,1936,1936,Comedy|Romance,72216,movie,Dennis O'Keefe,88462,2,,,Jones,,,,,14,minor,,,
Rose Bowl,1936,1936,Comedy|Romance,72216,movie,Robert Paige,94217,2,,,Football Player,,,,,15,minor,,,
Rose Bowl,1936,1936,Comedy|Romance,72216,movie,Bodil Rosing,9090,1,,,Mrs. Schultz,,,,,16,minor,,,
Rose Bowl,1936,1936,Comedy|Romance,72216,movie,Joe Sawyer,3341,2,,,Announcer,,,,,17,minor,,,
Fifty Shades of Grey,2015,2015,Drama|Romance|Thriller,216015,movie,Dakota Johnson,118545,1,,,Anastasia Steele,,,,,1,lead,,,
Fifty Shades of Grey,2015,2015,Drama|Romance|Thriller,216015,movie,Jamie Dornan,1254583,2,,,Christian Grey,,,,,2,lead,,,
Fifty Shades of Grey,2015,2015,Drama|Romance|Thriller,216015,movie,Jennifer Ehle,49971,1,,,Carla,,,,,3,lead,,,
Fifty Shades of Grey,2015,2015,Drama|Romance|Thriller,216015,movie,Eloise Mumford,222130,1,,,Kate,,,,,4,supporting,,,
Fifty Shades of Grey,2015,2015,Drama|Romance|Thriller,216015,movie,Victor Rasuk,59251,2,,,José,,,,,5,supporting,,,
Fifty Shades of Grey,2015,2015,Drama|Romance|Thriller,216015,movie,Luke Grimes,56680,2,,,Elliot Grey,,,,,6,supporting,,,
Fifty Shades of Grey,2015,2015,Drama|Romance|Thriller,216015,movie,Marcia Gay Harden,4726,1,,,Dr. Grey,,,,,7,supporting,,,
Fifty Shades of Grey,2015,2015,Drama|Romance|Thriller,216015,movie,Rita Ora,1089873,1,,,Mia Grey,,,,,8,supporting,,,
Fifty Shades of Grey,2015,2015,Drama|Romance|Thriller,216015,movie,Max Martini,94864,2,,,Taylor,,,,,9,supporting,,,
Fifty Shades of Grey,2015,2015,Drama|Romance|Thriller,216015,movie,Callum Keith Rennie,540,2,,,Ray,,,,,10,supporting,,,
Fifty Shades of Grey,2015,2015,Drama|Romance|Thriller,216015,movie,Andrew Airlie,41436,2,,,Mr. Grey,,,,,11,minor,,,
Fifty Shades of Grey,2015,2015,Drama|Romance|Thriller,216015,movie,Dylan Neal,79149,2,,,Bob,,,,,12,minor,,,
Fifty Shades of Grey,2015,2015,Drama|Romance|Thriller,216015,movie,Elliat Albrecht,1482050,1,,,Olivia,,,,,13,minor,,,
Fifty Shades of Grey,2015,2015,Drama|Romance|Thriller,216015,movie,Rachel Skarsten,80018,1,,,Andrea,,,,,14,minor,,,
Fifty Shades of Grey,2015,2015,Drama|Romance|Thriller,216015,movie,Emily Fonda,1411603,1,,,Martina,,,,,15,minor,,,
Fifty Shades of Grey,2015,2015,Drama|Romance|Thriller,216015,movie,Anthony Konechny,1381295,2,,,Paul Clayton,,,,,16,minor,,,
Fifty Shades of Grey,2015,2015,Drama|Romance|Thriller,216015,movie,Bruce Dawson,172847,2,,,Mr. Clayton,,,,,17,minor,,,
Fifty Shades of Grey,2015,2015,Drama|Romance|Thriller,216015,movie,Tom Butler,85922,2,,,WSU University President,,,,,18,minor,,,
Fifty Shades of Grey,2015,2015,Drama|Romance|Thriller,216015,movie,Christine Willes,189719,1,,,WSU Grad Speaker / Reader,,,,,19,minor,,,
Fifty Shades of Grey,2015,2015,Drama|Romance|Thriller,216015,movie,Chris Shields,198615,2,,,WSU Professor,,,,,20,minor,,,
The Bad Guys 2,2025,2025,Family|Comedy|Crime|Adventure|Animation,1175942,movie,Sam Rockwell,6807,2,,,Wolf (voice),,,,,1,lead,,,
The Bad Guys 2,2025,2025,Family|Comedy|Crime|Adventure|Animation,1175942,movie,Marc Maron,1231717,2,,,Snake (voice),,,,,2,lead,,,
The Bad Guys 2,2025,2025,Family|Comedy|Crime|Adventure|Animation,1175942,movie,Awkwafina,1625558,1,,,Tarantula (voice),,,,,3,lead,,,
The Bad Guys 2,2025,2025,Family|Comedy|Crime|Adventure|Animation,1175942,movie,Craig Robinson,64342,2,,,Shark (voice),,,,,4,supporting,,,
The Bad Guys 2,2025,2025,Family|Comedy|Crime|Adventure|Animation,1175942,movie,Anthony Ramos,1560244,2,,,Piranha (voice),,,,,5,supporting,,,
The Bad Guys 2,2025,2025,Family|Comedy|Crime|Adventure|Animation,1175942,movie,Zazie Beetz,1545693,1,,,Diane Foxington (voice),,,,,6,supporting,,,
The Bad Guys 2,2025,2025,Family|Comedy|Crime|Adventure|Animation,1175942,movie,Danielle Brooks,1075037,1,,,Kitty Kat (voice),,,,,7,supporting,,,
The Bad Guys 2,2025,2025,Family|Comedy|Crime|Adventure|Animation,1175942,movie,Natasha Lyonne,10871,1,,,Doom aka Susan (voice),,,,,8,supporting,,,
The Bad Guys 2,2025,2025,Family|Comedy|Crime|Adventure|Animation,1175942,movie,Maria Bakalova,2408703,1,,,Pigtail Petrova (voice),,,,,9,supporting,,,
The Bad Guys 2,2025,2025,Family|Comedy|Crime|Adventure|Animation,1175942,movie,Alex Borstein,24357,1,,,Commissioner Misty Luggins (voice),,,,,10,supporting,,,
The Bad Guys 2,2025,2025,Family|Comedy|Crime|Adventure|Animation,1175942,movie,Richard Ayoade,98103,2,,,Professor Marmalade (voice),,,,,11,minor,,,
The Bad Guys 2,2025,2025,Family|Comedy|Crime|Adventure|Animation,1175942,movie,Lilly Singh,1576058,1,,,Tiffany Fluffit (voice),,,,,12,minor,,,
The Bad Guys 2,2025,2025,Family|Comedy|Crime|Adventure|Animation,1175942,movie,Omid Djalili,41379,2,,,Mr. Soliman (voice),,,,,13,minor,,,
The Bad Guys 2,2025,2025,Family|Comedy|Crime|Adventure|Animation,1175942,movie,Colin Jost,1226277,2,,,Mr. Moon (voice),,,,,14,minor,,,
The Bad Guys 2,2025,2025,Family|Comedy|Crime|Adventure|Animation,1175942,movie,Jaime Camil,545087,2,,,Handsome Jorge Garcia (voice),,,,,15,minor,,,
The Bad Guys 2,2025,2025,Family|Comedy|Crime|Adventure|Animation,1175942,movie,Hugo Savinovich,5616526,2,,,Lucha Announcer (voice),,,,,16,minor,,,
The Bad Guys 2,2025,2025,Family|Comedy|Crime|Adventure|Animation,1175942,movie,Michael Godere,972294,2,,,Bank Manager (voice),,,,,17,minor,,,
The Bad Guys 2,2025,2025,Family|Comedy|Crime|Adventure|Animation,1175942,movie,Jorge R. Gutierrez,1265056,2,,,Lucha Spectator (voice),,,,,18,minor,,,
The Bad Guys 2,2025,2025,Family|Comedy|Crime|Adventure|Animation,1175942,movie,Joey Naber,154859,2,,,Servant / Cairo Cop 1 (voice),,,,,19,minor,,,
The Bad Guys 2,2025,2025,Family|Comedy|Crime|Adventure|Animation,1175942,movie,Monia Ayachi,3298731,1,,,Cairo Security Guard 1 (voice),,,,,20,minor,,,
Up,2009,2009,Animation|Comedy|Family|Adventure,14160,movie,Ed Asner,68812,2,,,Carl Fredricksen (voice),,,,,1,lead,,,
Up,2009,2009,Animation|Comedy|Family|Adventure,14160,movie,Christopher Plummer,290,2,,,Charles Muntz (voice),,,,,2,lead,,,
Up,2009,2009,Animation|Comedy|Family|Adventure,14160,movie,Jordan Nagai,80676,2,,,Russell (voice),,,,,3,lead,,,
Up,2009,2009,Animation|Comedy|Family|Adventure,14160,movie,Bob Peterson,10,2,,,Dug / Alpha (voice),,,,,4,supporting,,,
Up,2009,2009,Animation|Comedy|Family|Adventure,14160,movie,Delroy Lindo,18792,2,,,Beta (voice),,,,,5,supporting,,,
Up,2009,2009,Animation|Comedy|Family|Adventure,14160,movie,Jerome Ranft,7960,2,,,Gamma (voice),,,,,6,supporting,,,
Up,2009,2009,Animation|Comedy|Family|Adventure,14160,movie,John Ratzenberger,7907,2,,,Construction Foreman Tom (voice),,,,,7,supporting,,,
Up,2009,2009,Animation|Comedy|Family|Adventure,14160,movie,David Kaye,84490,2,,,Newsreel Announcer (voice),,,,,8,supporting,,,
Up,2009,2009,Animation|Comedy|Family|Adventure,14160,movie,Elie Docter,84491,1,,,Young Ellie (voice),,,,,9,supporting,,,
Up,2009,2009,Animation|Comedy|Family|Adventure,14160,movie,Jeremy Leary,84492,2,,,Young Carl (voice),,,,,10,supporting,,,
Up,2009,2009,Animation|Comedy|Family|Adventure,14160,movie,Mickie McGowan,84493,1,,,Police Officer Edith (voice),,,,,11,minor,,,
Up,2009,2009,Animation|Comedy|Family|Adventure,14160,movie,Danny Mann,52699,2,,,Construction Worker Steve (voice),,,,,12,minor,,,
Up,2009,2009,Animation|Comedy|Family|Adventure,14160,movie,Donald Fullilove,84494,2,,,Nurse George (voice),,,,,13,minor,,,
Up,2009,2009,Animation|Comedy|Family|Adventure,14160,movie,Jess Harnell,84495,2,,,Nurse AJ (voice),,,,,14,minor,,,
Up,2009,2009,Animation|Comedy|Family|Adventure,14160,movie,Josh Cooley,84496,2,,,Omega (voice),,,,,15,minor,,,
Up,2009,2009,Animation|Comedy|Family|Adventure,14160,movie,Pete Docter,12890,2,,,Campmaster Strauch (voice),,,,,16,minor,,,
Up,2009,2009,Animation|Comedy|Family|Adventure,14160,movie,Mark Andrews,126638,2,,,Additional Voices (voice),,,,,17,minor,,,
Up,2009,2009,Animation|Comedy|Family|Adventure,14160,movie,Bob Bergen,78317,2,,,Additional Voices (voice),,,,,18,minor,,,
Up,2009,2009,Animation|Comedy|Family|Adventure,14160,movie,Brenda Chapman,59803,1,,,Additional Voices (voice),,,,,19,minor,,,
Up,2009,2009,Animation|Comedy|Family|Adventure,14160,movie,Emma Coats,1266117,0,,,Additional Voices (voice),,,,,20,minor,,,
Gladiator,2000,2000,Action|Drama|Adventure,98,movie,Russell Crowe,934,2,,,Maximus,,,,,1,lead,,,
Gladiator,2000,2000,Action|Drama|Adventure,98,movie,Joaquin Phoenix,73421,2,,,Commodus,,,,,2,lead,,,
Gladiator,2000,2000,Action|Drama|Adventure,98,movie,Connie Nielsen,935,1,,,Lucilla,,,,,3,lead,,,
Gladiator,2000,2000,Action|Drama|Adventure,98,movie,Oliver Reed,936,2,,,Proximo,,,,,4,supporting,,,
Gladiator,2000,2000,Action|Drama|Adventure,98,movie,Richard Harris,194,2,,,Marcus Aurelius,,,,,5,supporting,,,
Gladiator,2000,2000,Action|Drama|Adventure,98,movie,Derek Jacobi,937,2,,,Gracchus,,,,,6,supporting,,,
Gladiator,2000,2000,Action|Drama|Adventure,98,movie,Djimon Hounsou,938,2,,,Juba,,,,,7,supporting,,,
Gladiator,2000,2000,Action|Drama|Adventure,98,movie,David Schofield,939,2,,,Falco,,,,,8,supporting,,,
Gladiator,2000,2000,Action|Drama|Adventure,98,movie,John Shrapnel,940,2,,,Gaius,,,,,9,supporting,,,
Gladiator,2000,2000,Action|Drama|Adventure,98,movie,Tomas Arana,941,2,,,Quintus,,,,,10,supporting,,,
Gladiator,2000,2000,Action|Drama|Adventure,98,movie,Ralf Moeller,942,2,,,Hagen,,,,,11,minor,,,
Gladiator,2000,2000,Action|Drama|Adventure,98,movie,Spencer Treat Clark,4012,2,,,Lucius,,,,,12,minor,,,
Gladiator,2000,2000,Action|Drama|Adventure,98,movie,David Hemmings,15196,2,,,Cassius,,,,,13,minor,,,
Gladiator,2000,2000,Action|Drama|Adventure,98,movie,Tommy Flanagan,2478,2,,,Cicero,,,,,14,minor,,,
Gladiator,2000,2000,Action|Drama|Adventure,98,movie,Sven-Ole Thorsen,20761,2,,,Tiger,,,,,15,minor,,,
Gladiator,2000,2000,Action|Drama|Adventure,98,movie,Omid Djalili,41379,2,,,Slave Trader,,,,,16,minor,,,
Gladiator,2000,2000,Action|Drama|Adventure,98,movie,Nicholas McGaughey,80368,2,,,Praetorian Officer,,,,,17,minor,,,
Gladiator,2000,2000,Action|Drama|Adventure,98,movie,Chris Kell,3785463,2,,,Scribe,,,,,18,minor,,,
Gladiator,2000,2000,Action|Drama|Adventure,98,movie,Tony Curran,2220,2,,,Assassin #1,,,,,19,minor,,,
Gladiator,2000,2000,Action|Drama|Adventure,98,movie,Mark Lewis,27408,2,,,Assassin #2,,,,,20,minor,,,
The Maze Runner,2014,2014,Action|Mystery|Science Fiction|Thriller,198663,movie,Dylan O'Brien,527393,2,,,Thomas,,,,,1,lead,,,
The Maze Runner,2014,2014,Action|Mystery|Science Fiction|Thriller,198663,movie,Kaya Scodelario,115150,1,,,Teresa Agnes,,,,,2,lead,,,
The Maze Runner,2014,2014,Action|Mystery|Science Fiction|Thriller,198663,movie,Thomas Brodie-Sangster,25663,2,,,Newt,,,,,3,lead,,,
The Maze Runner,2014,2014,Action|Mystery|Science Fiction|Thriller,198663,movie,Ki Hong Lee,1310760,2,,,Minho,,,,,4,supporting,,,
The Maze Runner,2014,2014,Action|Mystery|Science Fiction|Thriller,198663,movie,Will Poulter,93491,2,,,Gally,,,,,5,supporting,,,
The Maze Runner,2014,2014,Action|Mystery|Science Fiction|Thriller,198663,movie,Aml Ameen,78062,2,,,Alby,,,,,6,supporting,,,
The Maze Runner,2014,2014,Action|Mystery|Science Fiction|Thriller,198663,movie,Patricia Clarkson,1276,1,,,Ava Paige,,,,,7,supporting,,,
The Maze Runner,2014,2014,Action|Mystery|Science Fiction|Thriller,198663,movie,Blake Cooper,1389339,2,,,Chuck,,,,,8,supporting,,,
The Maze Runner,2014,2014,Action|Mystery|Science Fiction|Thriller,198663,movie,Dexter Darden,1036196,2,,,Frypan,,,,,9,supporting,,,
The Maze Runner,2014,2014,Action|Mystery|Science Fiction|Thriller,198663,movie,Jacob Latimore,512316,2,,,Jeff,,,,,10,supporting,,,
The Maze Runner,2014,2014,Action|Mystery|Science Fiction|Thriller,198663,movie,Chris Sheffield,969045,2,,,Ben,,,,,11,minor,,,
The Maze Runner,2014,2014,Action|Mystery|Science Fiction|Thriller,198663,movie,Joe Adler,970561,2,,,Zart,,,,,12,minor,,,
The Maze Runner,2014,2014,Action|Mystery|Science Fiction|Thriller,198663,movie,Randall D. Cunningham,1395491,2,,,Clint,,,,,13,minor,,,
The Maze Runner,2014,2014,Action|Mystery|Science Fiction|Thriller,198663,movie,Alexander Flores,1340889,2,,,Winston,,,,,14,minor,,,
The Maze Runner,2014,2014,Action|Mystery|Science Fiction|Thriller,198663,movie,Don McManus,79025,2,,,Masked Man,,,,,15,minor,,,
The Maze Runner,2014,2014,Action|Mystery|Science Fiction|Thriller,198663,movie,Michael Bow,1415403,2,,,Glader,,,,,16,minor,,,
The Maze Runner,2014,2014,Action|Mystery|Science Fiction|Thriller,198663,movie,Jerry Clark,1415405,2,,,Glader,,,,,17,minor,,,
The Maze Runner,2014,2014,Action|Mystery|Science Fiction|Thriller,198663,movie,Michael Deville,1415406,0,,,Glader,,,,,18,minor,,,
The Maze Runner,2014,2014,Action|Mystery|Science Fiction|Thriller,198663,movie,Dylan Gaspard,1415408,0,,,Glader,,,,,19,minor,,,
The Maze Runner,2014,2014,Action|Mystery|Science Fiction|Thriller,198663,movie,Cory Gooding,1415412,0,,,Glader,,,,,20,minor,,,
Cruella,2021,2021,Comedy|Crime|Drama,337404,movie,Emma Stone,54693,1,,,Estella / Cruella,,,,,1,lead,,,
Cruella,2021,2021,Comedy|Crime|Drama,337404,movie,Emma Thompson,7056,1,,,The Baroness,,,,,2,lead,,,
Cruella,2021,2021,Comedy|Crime|Drama,337404,movie,Joel Fry,54811,2,,,Jasper,,,,,3,lead,,,
Cruella,2021,2021,Comedy|Crime|Drama,337404,movie,Paul Walter Hauser,1294982,2,,,Horace,,,,,4,supporting,,,
Cruella,2021,2021,Comedy|Crime|Drama,337404,movie,John McCrea,1819918,2,,,Artie,,,,,5,supporting,,,
Cruella,2021,2021,Comedy|Crime|Drama,337404,movie,Emily Beecham,130414,1,,,Catherine / Maid,,,,,6,supporting,,,
Cruella,2021,2021,Comedy|Crime|Drama,337404,movie,Mark Strong,2983,2,,,John the Valet,,,,,7,supporting,,,
Cruella,2021,2021,Comedy|Crime|Drama,337404,movie,Kayvan Novak,2959,2,,,Roger,,,,,8,supporting,,,
Cruella,2021,2021,Comedy|Crime|Drama,337404,movie,Kirby Howell-Baptiste,1532312,1,,,Anita Darling,,,,,9,supporting,,,
Cruella,2021,2021,Comedy|Crime|Drama,337404,movie,Jamie Demetriou,1470911,2,,,Gerald,,,,,10,supporting,,,
Cruella,2021,2021,Comedy|Crime|Drama,337404,movie,Niamh Lynch,2451439,1,,,Liberty Shop Girl,,,,,11,minor,,,
Cruella,2021,2021,Comedy|Crime|Drama,337404,movie,Andrew Leung,1312526,2,,,Jeffrey,,,,,12,minor,,,
Cruella,2021,2021,Comedy|Crime|Drama,337404,movie,Ed Birch,1349801,2,,,Baroness Head of Security,,,,,13,minor,,,
Cruella,2021,2021,Comedy|Crime|Drama,337404,movie,Dylan Lowe,1503746,2,,,Mean Ginger,,,,,14,minor,,,
Cruella,2021,2021,Comedy|Crime|Drama,337404,movie,Paul Bazely,110075,2,,,Police Commissioner,,,,,15,minor,,,
Cruella,2021,2021,Comedy|Crime|Drama,337404,movie,Abraham Popoola,1432064,2,,,George,,,,,16,minor,,,
Cruella,2021,2021,Comedy|Crime|Drama,337404,movie,Leo Bill,29237,2,,,Headmaster,,,,,17,minor,,,
Cruella,2021,2021,Comedy|Crime|Drama,337404,movie,Ninette Finch,2160734,1,,,Lady,,,,,18,minor,,,
Cruella,2021,2021,Comedy|Crime|Drama,337404,movie,Sarah Crowden,1356007,1,,,Beehive Lady,,,,,19,minor,,,
Cruella,2021,2021,Comedy|Crime|Drama,337404,movie,Harrison Willmott,3107557,0,,,Mean Kid,,,,,20,minor,,,
The Conjuring,2013,2013,Horror|Thriller,138843,movie,Vera Farmiga,21657,1,,,Lorraine Warren,,,,,1,lead,,,
The Conjuring,2013,2013,Horror|Thriller,138843,movie,Patrick Wilson,17178,2,,,Ed Warren,,,,,2,lead,,,
The Conjuring,2013,2013,Horror|Thriller,138843,movie,Lili Taylor,3127,1,,,Carolyn Perron,,,,,3,lead,,,
The Conjuring,2013,2013,Horror|Thriller,138843,movie,Ron Livingston,17402,2,,,Roger Perron,,,,,4,supporting,,,
The Conjuring,2013,2013,Horror|Thriller,138843,movie,Hayley McFarland,63663,1,,,Nancy,,,,,5,supporting,,,
The Conjuring,2013,2013,Horror|Thriller,138843,movie,Sterling Jerins,1186840,1,,,Judy Warren,,,,,6,supporting,,,
The Conjuring,2013,2013,Horror|Thriller,138843,movie,Shanley Caswell,553504,1,,,Andrea,,,,,7,supporting,,,
The Conjuring,2013,2013,Horror|Thriller,138843,movie,Mackenzie Foy,851784,1,,,Cindy,,,,,8,supporting,,,
The Conjuring,2013,2013,Horror|Thriller,138843,movie,Joey King,125025,1,,,Christine,,,,,9,supporting,,,
The Conjuring,2013,2013,Horror|Thriller,138843,movie,Kyla Deaver,1186839,1,,,April,,,,,10,supporting,,,
The Conjuring,2013,2013,Horror|Thriller,138843,movie,Shannon Kook,979807,2,,,Drew,,,,,11,minor,,,
The Conjuring,2013,2013,Horror|Thriller,138843,movie,John Brotherton,222906,2,,,Brad,,,,,12,minor,,,
The Conjuring,2013,2013,Horror|Thriller,138843,movie,Marion Guyot,196899,1,,,Georgiana,,,,,13,minor,,,
The Conjuring,2013,2013,Horror|Thriller,138843,movie,Morganna Bridgers,1186841,1,,,Debbie,,,,,14,minor,,,
The Conjuring,2013,2013,Horror|Thriller,138843,movie,Amy Tipton,1186842,1,,,Camilla,,,,,15,minor,,,
The Conjuring,2013,2013,Horror|Thriller,138843,movie,Kymoura Kennedy,2228393,1,,,Student #1,,,,,16,minor,,,
The Conjuring,2013,2013,Horror|Thriller,138843,movie,Sean Flynn,2228394,2,,,Student #2,,,,,17,minor,,,
The Conjuring,2013,2013,Horror|Thriller,138843,movie,Ashley White,2005177,1,,,Female Student,,,,,18,minor,,,
The Conjuring,2013,2013,Horror|Thriller,138843,movie,Zach Pappas,1631174,2,,,Rick,,,,,19,minor,,,
The Conjuring,2013,2013,Horror|Thriller,138843,movie,Arnell Powell,181521,2,,,Reporter,,,,,20,minor,,,
Big Hero 6,2014,2014,Adventure|Family|Animation|Action|Comedy,177572,movie,Scott Adsit,66580,2,,,Baymax (voice),,,,,1,lead,,,
Big Hero 6,2014,2014,Adventure|Family|Animation|Action|Comedy,177572,movie,Ryan Potter,515510,2,,,Hiro Hamada (voice),,,,,2,lead,,,
Big Hero 6,2014,2014,Adventure|Family|Animation|Action|Comedy,177572,movie,Daniel Henney,82093,2,,,Tadashi Hamada (voice),,,,,3,lead,,,
Big Hero 6,2014,2014,Adventure|Family|Animation|Action|Comedy,177572,movie,T.J. Miller,51990,2,,,Fred (voice),,,,,4,supporting,,,
Big Hero 6,2014,2014,Adventure|Family|Animation|Action|Comedy,177572,movie,Jamie Chung,78324,1,,,GoGo Tomago (voice),,,,,5,supporting,,,
Big Hero 6,2014,2014,Adventure|Family|Animation|Action|Comedy,177572,movie,Damon Wayans Jr.,87822,2,,,Wasabi (voice),,,,,6,supporting,,,
Big Hero 6,2014,2014,Adventure|Family|Animation|Action|Comedy,177572,movie,Genesis Rodriguez,589162,1,,,Honey Lemon (voice),,,,,7,supporting,,,
Big Hero 6,2014,2014,Adventure|Family|Animation|Action|Comedy,177572,movie,James Cromwell,2505,2,,,Professor Robert Callaghan (voice),,,,,8,supporting,,,
Big Hero 6,2014,2014,Adventure|Family|Animation|Action|Comedy,177572,movie,Alan Tudyk,21088,2,,,Alistair Krei (voice),,,,,9,supporting,,,
Big Hero 6,2014,2014,Adventure|Family|Animation|Action|Comedy,177572,movie,Maya Rudolph,52792,1,,,Aunt Cass (voice),,,,,10,supporting,,,
Big Hero 6,2014,2014,Adventure|Family|Animation|Action|Comedy,177572,movie,Abraham Benrubi,21132,2,,,General (voice),,,,,11,minor,,,
Big Hero 6,2014,2014,Adventure|Family|Animation|Action|Comedy,177572,movie,Katie Lowes,108253,1,,,Abigail (voice),,,,,12,minor,,,
Big Hero 6,2014,2014,Adventure|Family|Animation|Action|Comedy,177572,movie,Billy Bush,287341,2,,,Newscaster (voice),,,,,13,minor,,,
Big Hero 6,2014,2014,Adventure|Family|Animation|Action|Comedy,177572,movie,Daniel Gerson,7884,2,,,Desk Sergeant (voice),,,,,14,minor,,,
Big Hero 6,2014,2014,Adventure|Family|Animation|Action|Comedy,177572,movie,Paul Briggs,1340669,2,,,Yama (voice),,,,,15,minor,,,
Big Hero 6,2014,2014,Adventure|Family|Animation|Action|Comedy,177572,movie,Charlie Adler,81178,2,,,Yokai (voice),,,,,16,minor,,,
Big Hero 6,2014,2014,Adventure|Family|Animation|Action|Comedy,177572,movie,Marcella Lentz-Pope,54698,1,,,Additional Voices (voice),,,,,17,minor,,,
Big Hero 6,2014,2014,Adventure|Family|Animation|Action|Comedy,177572,movie,David Shaughnessy,193254,2,,,Heathcliff (voice),,,,,18,minor,,,
Big Hero 6,2014,2014,Adventure|Family|Animation|Action|Comedy,177572,movie,Cam Clarke,60272,2,,,Additional Voice (voice),,,,,19,minor,,,
Big Hero 6,2014,2014,Adventure|Family|Animation|Action|Comedy,177572,movie,Nicholas Guest,36821,2,,,Additional Voice (voice),,,,,20,minor,,,
Nobody 2,2025,2025,Action|Thriller|Comedy,1007734,movie,Bob Odenkirk,59410,2,,,Hutch Mansell,,,,,1,lead,,,
Nobody 2,2025,2025,Action|Thriller|Comedy,1007734,movie,Connie Nielsen,935,1,,,Becca Mansell,,,,,2,lead,,,
Nobody 2,2025,2025,Action|Thriller|Comedy,1007734,movie,John Ortiz,40543,2,,,Wyatt Martin,,,,,3,lead,,,
Nobody 2,2025,2025,Action|Thriller|Comedy,1007734,movie,Colin Hanks,3492,2,,,Sheriff Abel,,,,,4,supporting,,,
Nobody 2,2025,2025,Action|Thriller|Comedy,1007734,movie,RZA,150,2,,,Harry Mansell,,,,,5,supporting,,,
Nobody 2,2025,2025,Action|Thriller|Comedy,1007734,movie,Colin Salmon,5414,2,,,The Barber,,,,,6,supporting,,,
Nobody 2,2025,2025,Action|Thriller|Comedy,1007734,movie,Christopher Lloyd,1062,2,,,David Mansell,,,,,7,supporting,,,
Nobody 2,2025,2025,Action|Thriller|Comedy,1007734,movie,Sharon Stone,4430,1,,,Lendina,,,,,8,supporting,,,
Nobody 2,2025,2025,Action|Thriller|Comedy,1007734,movie,Daniel Bernhardt,9452,2,,,Kartoush,,,,,9,supporting,,,
Nobody 2,2025,2025,Action|Thriller|Comedy,1007734,movie,Paisley Cadorath,2593447,1,,,Sammy Mansell,,,,,10,supporting,,,
Nobody 2,2025,2025,Action|Thriller|Comedy,1007734,movie,Gage Munroe,119251,2,,,Brady Mansell,,,,,11,minor,,,
Nobody 2,2025,2025,Action|Thriller|Comedy,1007734,movie,Lucius Hoyos,1178763,2,,,Max Martin,,,,,12,minor,,,
Nobody 2,2025,2025,Action|Thriller|Comedy,1007734,movie,Jacob Blair,208069,2,,,Deputy Dann,,,,,13,minor,,,
Nobody 2,2025,2025,Action|Thriller|Comedy,1007734,movie,David MacInnis,1224890,2,,,Toby,,,,,14,minor,,,
Nobody 2,2025,2025,Action|Thriller|Comedy,1007734,movie,David Lawrence Brown,55616,2,,,Government Agent,,,,,15,minor,,,
Nobody 2,2025,2025,Action|Thriller|Comedy,1007734,movie,Denesha Lee-Labiuk,5619701,1,,,Government Agent,,,,,16,minor,,,
Nobody 2,2025,2025,Action|Thriller|Comedy,1007734,movie,Rodrigo Beilfuss,2109762,2,,,Wild Bill Martin,,,,,17,minor,,,
Nobody 2,2025,2025,Action|Thriller|Comedy,1007734,movie,Joanne Rodriguez,61170,1,,,Bus Driver on Vacation,,,,,18,minor,,,
Nobody 2,2025,2025,Action|Thriller|Comedy,1007734,movie,Callum Anderson,1153566,2,,,Tour Guide,,,,,19,minor,,,
Nobody 2,2025,2025,Action|Thriller|Comedy,1007734,movie,Alec Carlos,2537199,2,,,Pontoon Boat Driver,,,,,20,minor,,,
Toy Story,1995,1995,Family|Comedy|Animation|Adventure,862,movie,Tom Hanks,31,2,,,Woody (voice),,,,,1,lead,,,
Toy Story,1995,1995,Family|Comedy|Animation|Adventure,862,movie,Tim Allen,12898,2,,,Buzz Lightyear (voice),,,,,2,lead,,,
Toy Story,1995,1995,Family|Comedy|Animation|Adventure,862,movie,Don Rickles,7167,2,,,Mr. Potato Head (voice),,,,,3,lead,,,
Toy Story,1995,1995,Family|Comedy|Animation|Adventure,862,movie,Jim Varney,12899,2,,,Slinky Dog (voice),,,,,4,supporting,,,
Toy Story,1995,1995,Family|Comedy|Animation|Adventure,862,movie,Wallace Shawn,12900,2,,,Rex (voice),,,,,5,supporting,,,
Toy Story,1995,1995,Family|Comedy|Animation|Adventure,862,movie,John Ratzenberger,7907,2,,,Hamm (voice),,,,,6,supporting,,,
Toy Story,1995,1995,Family|Comedy|Animation|Adventure,862,movie,Annie Potts,8873,1,,,Bo Peep (voice),,,,,7,supporting,,,
Toy Story,1995,1995,Family|Comedy|Animation|Adventure,862,movie,John Morris,1116442,2,,,Andy (voice),,,,,8,supporting,,,
Toy Story,1995,1995,Family|Comedy|Animation|Adventure,862,movie,Erik von Detten,12901,2,,,Sid (voice),,,,,9,supporting,,,
Toy Story,1995,1995,Family|Comedy|Animation|Adventure,862,movie,Laurie Metcalf,12133,1,,,Mrs. Davis (voice),,,,,10,supporting,,,
Toy Story,1995,1995,Family|Comedy|Animation|Adventure,862,movie,R. Lee Ermey,8655,2,,,Sergeant (voice),,,,,11,minor,,,
Toy Story,1995,1995,Family|Comedy|Animation|Adventure,862,movie,Sarah Freeman,12903,1,,,Hannah (voice),,,,,12,minor,,,
Toy Story,1995,1995,Family|Comedy|Animation|Adventure,862,movie,Penn Jillette,37221,2,,,TV Announcer (voice),,,,,13,minor,,,
Toy Story,1995,1995,Family|Comedy|Animation|Adventure,862,movie,Jack Angel,19545,2,,,Shark / Rocky Gibraltar (voice),,,,,14,minor,,,
Toy Story,1995,1995,Family|Comedy|Animation|Adventure,862,movie,Spencer Aste,1266092,0,,,Wounded Soldier (voice),,,,,15,minor,,,
Toy Story,1995,1995,Family|Comedy|Animation|Adventure,862,movie,Greg Berg,94038,2,,,Local Announcer (voice),,,,,16,minor,,,
Toy Story,1995,1995,Family|Comedy|Animation|Adventure,862,movie,Lisa Bradley,1202809,0,,,Kid (voice),,,,,17,minor,,,
Toy Story,1995,1995,Family|Comedy|Animation|Adventure,862,movie,Kendall Cunningham,134713,0,,,Kid (voice),,,,,18,minor,,,
Toy Story,1995,1995,Family|Comedy|Animation|Adventure,862,movie,Debi Derryberry,73016,1,,,Aliens / Pizza Planet Announcer (voice),,,,,19,minor,,,
Toy Story,1995,1995,Family|Comedy|Animation|Adventure,862,movie,Cody Dorkin,186614,2,,,Kid (voice),,,,,20,minor,,,
The Mummy,1999,1999,Adventure|Action|Fantasy,564,movie,Brendan Fraser,18269,2,,,Rick O'Connell,,,,,1,lead,,,
The Mummy,1999,1999,Adventure|Action|Fantasy,564,movie,Rachel Weisz,3293,1,,,Evelyn Carnahan,,,,,2,lead,,,
The Mummy,1999,1999,Adventure|Action|Fantasy,564,movie,John Hannah,10727,2,,,Jonathan Carnahan,,,,,3,lead,,,
The Mummy,1999,1999,Adventure|Action|Fantasy,564,movie,Arnold Vosloo,16743,2,,,Imhotep,,,,,4,supporting,,,
The Mummy,1999,1999,Adventure|Action|Fantasy,564,movie,Patricia Velásquez,18920,1,,,Anck-Su-Namun,,,,,5,supporting,,,
The Mummy,1999,1999,Adventure|Action|Fantasy,564,movie,Oded Fehr,18041,2,,,Ardeth Bay,,,,,6,supporting,,,
The Mummy,1999,1999,Adventure|Action|Fantasy,564,movie,Kevin J. O'Connor,18916,2,,,Beni Gabor,,,,,7,supporting,,,
The Mummy,1999,1999,Adventure|Action|Fantasy,564,movie,Jonathan Hyde,8537,2,,,Allen Chamberlain,,,,,8,supporting,,,
The Mummy,1999,1999,Adventure|Action|Fantasy,564,movie,Erick Avari,18917,2,,,Terence Bey,,,,,9,supporting,,,
The Mummy,1999,1999,Adventure|Action|Fantasy,564,movie,Stephen Dunham,36803,2,,,Isaac Henderson,,,,,10,supporting,,,
The Mummy,1999,1999,Adventure|Action|Fantasy,564,movie,Corey Johnson,17199,2,,,David Daniels,,,,,11,minor,,,
The Mummy,1999,1999,Adventure|Action|Fantasy,564,movie,Mohammed Afifi,947663,2,,,Hangman,,,,,12,minor,,,
The Mummy,1999,1999,Adventure|Action|Fantasy,564,movie,Tuc Watkins,157942,2,,,Bernard Burns,,,,,13,minor,,,
The Mummy,1999,1999,Adventure|Action|Fantasy,564,movie,Omid Djalili,41379,2,,,Gad Hassan,,,,,14,minor,,,
The Mummy,1999,1999,Adventure|Action|Fantasy,564,movie,Bernard Fox,8545,2,,,Winston Havelock,,,,,15,minor,,,
The Mummy,1999,1999,Adventure|Action|Fantasy,564,movie,Aharon Ipalé,25808,2,,,Seti I,,,,,16,minor,,,
The Mummy,1999,1999,Adventure|Action|Fantasy,564,movie,Carl Chase,127166,2,,,Hook,,,,,17,minor,,,
The Mummy,1999,1999,Adventure|Action|Fantasy,564,movie,Abderrahim El Aadili,1077867,2,,,Camel Trader,,,,,18,minor,,,
The Mummy,1999,1999,Adventure|Action|Fantasy,564,movie,Jake Arnott,1077868,2,,,Mummy,,,,,19,minor,,,
The Mummy,1999,1999,Adventure|Action|Fantasy,564,movie,Mason Ball,947511,2,,,Mummy,,,,,20,minor,,,
Lilo & Stitch,2025,2025,Family|Science Fiction|Comedy,552524,movie,Maia Kealoha,3988423,1,,,Lilo,,,,,1,lead,,,
Lilo & Stitch,2025,2025,Family|Science Fiction|Comedy,552524,movie,Sydney Agudong,3025125,1,,,Nani,,,,,2,lead,,,
Lilo & Stitch,2025,2025,Family|Science Fiction|Comedy,552524,movie,Chris Sanders,66193,2,,,Stitch (voice),,,,,3,lead,,,
Lilo & Stitch,2025,2025,Family|Science Fiction|Comedy,552524,movie,Zach Galifianakis,58225,2,,,Jumba,,,,,4,supporting,,,
Lilo & Stitch,2025,2025,Family|Science Fiction|Comedy,552524,movie,Billy Magnussen,141034,2,,,Pleakley,,,,,5,supporting,,,
Lilo & Stitch,2025,2025,Family|Science Fiction|Comedy,552524,movie,Courtney B. Vance,24047,2,,,Cobra Bubbles,,,,,6,supporting,,,
Lilo & Stitch,2025,2025,Family|Science Fiction|Comedy,552524,movie,Amy Hill,59401,1,,,Tūtū,,,,,7,supporting,,,
Lilo & Stitch,2025,2025,Family|Science Fiction|Comedy,552524,movie,Tia Carrere,13445,1,,,Mrs. Kekoa,,,,,8,supporting,,,
Lilo & Stitch,2025,2025,Family|Science Fiction|Comedy,552524,movie,Kaipo Dudoit,4022587,2,,,David,,,,,9,supporting,,,
Lilo & Stitch,2025,2025,Family|Science Fiction|Comedy,552524,movie,Hannah Waddingham,1278487,1,,,Grand Councilwoman (voice),,,,,10,supporting,,,
Lilo & Stitch,2025,2025,Family|Science Fiction|Comedy,552524,movie,Jason Scott Lee,58319,2,,,Lū'au Manager,,,,,11,minor,,,
Lilo & Stitch,2025,2025,Family|Science Fiction|Comedy,552524,movie,Celia Kenney,1997286,1,,,AJ,,,,,12,minor,,,
Lilo & Stitch,2025,2025,Family|Science Fiction|Comedy,552524,movie,Brutus LaBenz,2738916,0,,,Kumu Hula,,,,,13,minor,,,
Lilo & Stitch,2025,2025,Family|Science Fiction|Comedy,552524,movie,Skyler Bible,1670808,2,,,Agent Foster,,,,,14,minor,,,
Lilo & Stitch,2025,2025,Family|Science Fiction|Comedy,552524,movie,Judy Nguyen,3516911,0,,,Agent Huynh,,,,,15,minor,,,
Lilo & Stitch,2025,2025,Family|Science Fiction|Comedy,552524,movie,Christian Yeung,2655218,2,,,Agent Zhao,,,,,16,minor,,,
Lilo & Stitch,2025,2025,Family|Science Fiction|Comedy,552524,movie,Courtney Coleman,2139797,0,,,Concierge,,,,,17,minor,,,
Lilo & Stitch,2025,2025,Family|Science Fiction|Comedy,552524,movie,Christina Souza,1718812,1,,,Doctor Pereira,,,,,18,minor,,,
Lilo & Stitch,2025,2025,Family|Science Fiction|Comedy,552524,movie,Emery Ho‘okano-Briel,5449279,0,,,Mertle,,,,,19,minor,,,
Lilo & Stitch,2025,2025,Family|Science Fiction|Comedy,552524,movie,Justin Martin,5458101,0,,,Mertle's Dad,,,,,20,minor,,,
Brave,2012,2012,Animation|Family|Fantasy|Adventure,62177,movie,Kelly Macdonald,9015,1,,,Merida (voice),,,,,1,lead,,,
Brave,2012,2012,Animation|Family|Fantasy|Adventure,62177,movie,Emma Thompson,7056,1,,,Elinor (voice),,,,,2,lead,,,
Brave,2012,2012,Animation|Family|Fantasy|Adventure,62177,movie,Billy Connolly,9188,2,,,Fergus (voice),,,,,3,lead,,,
Brave,2012,2012,Animation|Family|Fantasy|Adventure,62177,movie,Julie Walters,477,1,,,The Witch (voice),,,,,4,supporting,,,
Brave,2012,2012,Animation|Family|Fantasy|Adventure,62177,movie,Robbie Coltrane,1923,2,,,Lord Dingwall (voice),,,,,5,supporting,,,
Brave,2012,2012,Animation|Family|Fantasy|Adventure,62177,movie,Kevin McKidd,9013,2,,,Lord MacGuffin / Young MacGuffin (voice),,,,,6,supporting,,,
Brave,2012,2012,Animation|Family|Fantasy|Adventure,62177,movie,Craig Ferguson,24264,2,,,Lord Macintosh (voice),,,,,7,supporting,,,
Brave,2012,2012,Animation|Family|Fantasy|Adventure,62177,movie,Peigi Barker,1113604,0,,,Young Merida (voice),,,,,8,supporting,,,
Brave,2012,2012,Animation|Family|Fantasy|Adventure,62177,movie,Steve Purcell,137262,2,,,The Crow (voice),,,,,9,supporting,,,
Brave,2012,2012,Animation|Family|Fantasy|Adventure,62177,movie,Patrick Doyle,9152,2,,,Martin (voice),,,,,10,supporting,,,
Brave,2012,2012,Animation|Family|Fantasy|Adventure,62177,movie,John Ratzenberger,7907,2,,,Gordon (voice),,,,,11,minor,,,
Brave,2012,2012,Animation|Family|Fantasy|Adventure,62177,movie,Sally Kinghorn,1052100,1,,,Maudie (voice),,,,,12,minor,,,
Brave,2012,2012,Animation|Family|Fantasy|Adventure,62177,movie,Eilidh Fraser,1438685,0,,,Maudie (voice),,,,,13,minor,,,
Brave,2012,2012,Animation|Family|Fantasy|Adventure,62177,movie,Steven Cree,1102427,2,,,Young Macintosh (voice),,,,,14,minor,,,
Brave,2012,2012,Animation|Family|Fantasy|Adventure,62177,movie,Callum O'Neill,1333216,0,,,Wee Dingwall (voice),,,,,15,minor,,,
Brave,2012,2012,Animation|Family|Fantasy|Adventure,62177,movie,Emma D'Inverno,3357818,0,,,Additional Voices (voice),,,,,16,minor,,,
Brave,2012,2012,Animation|Family|Fantasy|Adventure,62177,movie,Rudi Goodman,1364036,2,,,Additional Voices (voice),,,,,17,minor,,,
Brave,2012,2012,Animation|Family|Fantasy|Adventure,62177,movie,John Hasler,1229304,2,,,Additional Voices (voice),,,,,18,minor,,,
Brave,2012,2012,Animation|Family|Fantasy|Adventure,62177,movie,Kevin Howarth,92996,2,,,Additional Voices (voice),,,,,19,minor,,,
Brave,2012,2012,Animation|Family|Fantasy|Adventure,62177,movie,Emma Rose Lima,42914,0,,,Additional Voices (voice),,,,,20,minor,,,
Back to the Future,1985,1985,Adventure|Comedy|Science Fiction,105,movie,Michael J. Fox,521,2,,,Marty McFly,,,,,1,lead,,,
Back to the Future,1985,1985,Adventure|Comedy|Science Fiction,105,movie,Christopher Lloyd,1062,2,,,Emmett Brown,,,,,2,lead,,,
Back to the Future,1985,1985,Adventure|Comedy|Science Fiction,105,movie,Crispin Glover,1064,2,,,George McFly,,,,,3,lead,,,
Back to the Future,1985,1985,Adventure|Comedy|Science Fiction,105,movie,Lea Thompson,1063,1,,,Lorraine Baines,,,,,4,supporting,,,
Back to the Future,1985,1985,Adventure|Comedy|Science Fiction,105,movie,Claudia Wells,1066,1,,,Jennifer Parker,,,,,5,supporting,,,
Back to the Future,1985,1985,Adventure|Comedy|Science Fiction,105,movie,Thomas F. Wilson,1065,2,,,Biff Tannen,,,,,6,supporting,,,
Back to the Future,1985,1985,Adventure|Comedy|Science Fiction,105,movie,Marc McClure,1067,2,,,Dave McFly,,,,,7,supporting,,,
Back to the Future,1985,1985,Adventure|Comedy|Science Fiction,105,movie,Wendie Jo Sperber,1068,1,,,Linda McFly,,,,,8,supporting,,,
Back to the Future,1985,1985,Adventure|Comedy|Science Fiction,105,movie,George DiCenzo,1069,2,,,Sam Baines,,,,,9,supporting,,,
Back to the Future,1985,1985,Adventure|Comedy|Science Fiction,105,movie,Frances Lee McCain,1070,1,,,Stella Baines,,,,,10,supporting,,,
Back to the Future,1985,1985,Adventure|Comedy|Science Fiction,105,movie,James Tolkan,1072,2,,,Mr. Strickland,,,,,11,minor,,,
Back to the Future,1985,1985,Adventure|Comedy|Science Fiction,105,movie,J.J. Cohen,11673,2,,,Skinhead,,,,,12,minor,,,
Back to the Future,1985,1985,Adventure|Comedy|Science Fiction,105,movie,Casey Siemaszko,1953,2,,,3-D,,,,,13,minor,,,
Back to the Future,1985,1985,Adventure|Comedy|Science Fiction,105,movie,Billy Zane,1954,2,,,Match,,,,,14,minor,,,
Back to the Future,1985,1985,Adventure|Comedy|Science Fiction,105,movie,"Harry Waters, Jr.",1074,2,,,Marvin Berry,,,,,15,minor,,,
Back to the Future,1985,1985,Adventure|Comedy|Science Fiction,105,movie,Donald Fullilove,84494,2,,,Goldie Wilson,,,,,16,minor,,,
Back to the Future,1985,1985,Adventure|Comedy|Science Fiction,105,movie,Lisa Freeman,97708,1,,,Babs,,,,,17,minor,,,
Back to the Future,1985,1985,Adventure|Comedy|Science Fiction,105,movie,Cristen Kauffman,1116544,1,,,Betty,,,,,18,minor,,,
Back to the Future,1985,1985,Adventure|Comedy|Science Fiction,105,movie,Elsa Raven,172280,1,,,Clocktower Lady,,,,,19,minor,,,
Back to the Future,1985,1985,Adventure|Comedy|Science Fiction,105,movie,Will Hare,97718,2,,,Pa Peabody,,,,,20,minor,,,
John Wick: Chapter 4,2023,2023,Action|Thriller|Crime,603692,movie,Keanu Reeves,6384,2,,,John Wick,,,,,1,lead,,,
John Wick: Chapter 4,2023,2023,Action|Thriller|Crime,603692,movie,Donnie Yen,1341,2,,,Caine,,,,,2,lead,,,
John Wick: Chapter 4,2023,2023,Action|Thriller|Crime,603692,movie,Bill Skarsgård,137905,2,,,Marquis,,,,,3,lead,,,
John Wick: Chapter 4,2023,2023,Action|Thriller|Crime,603692,movie,Ian McShane,6972,2,,,Winston,,,,,4,supporting,,,
John Wick: Chapter 4,2023,2023,Action|Thriller|Crime,603692,movie,Laurence Fishburne,2975,2,,,Bowery King,,,,,5,supporting,,,
John Wick: Chapter 4,2023,2023,Action|Thriller|Crime,603692,movie,Lance Reddick,129101,2,,,Charon,,,,,6,supporting,,,
John Wick: Chapter 4,2023,2023,Action|Thriller|Crime,603692,movie,Clancy Brown,6574,2,,,Harbinger,,,,,7,supporting,,,
John Wick: Chapter 4,2023,2023,Action|Thriller|Crime,603692,movie,Hiroyuki Sanada,9195,2,,,Shimazu,,,,,8,supporting,,,
John Wick: Chapter 4,2023,2023,Action|Thriller|Crime,603692,movie,Rina Sawayama,2337629,1,,,Akira,,,,,9,supporting,,,
John Wick: Chapter 4,2023,2023,Action|Thriller|Crime,603692,movie,Scott Adkins,78110,2,,,Killa,,,,,10,supporting,,,
John Wick: Chapter 4,2023,2023,Action|Thriller|Crime,603692,movie,Aimée Kwan,3779452,1,,,Mia,,,,,11,minor,,,
John Wick: Chapter 4,2023,2023,Action|Thriller|Crime,603692,movie,Marko Zaror,118370,2,,,Chidi,,,,,12,minor,,,
John Wick: Chapter 4,2023,2023,Action|Thriller|Crime,603692,movie,Natalia Tena,3300,1,,,Katia,,,,,13,minor,,,
John Wick: Chapter 4,2023,2023,Action|Thriller|Crime,603692,movie,Shamier Anderson,1080969,2,,,Tracker,,,,,14,minor,,,
John Wick: Chapter 4,2023,2023,Action|Thriller|Crime,603692,movie,George Georgiou,570010,2,,,The Elder,,,,,15,minor,,,
John Wick: Chapter 4,2023,2023,Action|Thriller|Crime,603692,movie,Yoshinori Tashiro,2422484,2,,,Sumo #1,,,,,16,minor,,,
John Wick: Chapter 4,2023,2023,Action|Thriller|Crime,603692,movie,Hishofuji Hiroki,3978249,2,,,Sumo #2,,,,,17,minor,,,
John Wick: Chapter 4,2023,2023,Action|Thriller|Crime,603692,movie,Daiki Suzuki,1967379,2,,,Daiki,,,,,18,minor,,,
John Wick: Chapter 4,2023,2023,Action|Thriller|Crime,603692,movie,Julia Asuka Riedl,3978251,1,,,Operator,,,,,19,minor,,,
John Wick: Chapter 4,2023,2023,Action|Thriller|Crime,603692,movie,Milena Rendón,3978252,1,,,Operator,,,,,20,minor,,,
Primate,2026,2026,Horror|Thriller,1315303,movie,Johnny Sequoyah,1295282,1,,,Lucy,,,,,1,lead,,,
Primate,2026,2026,Horror|Thriller,1315303,movie,Jessica Alexander,2600509,1,,,Hannah,,,,,2,lead,,,
Primate,2026,2026,Horror|Thriller,1315303,movie,Troy Kotsur,1571661,2,,,Adam,,,,,3,lead,,,
Primate,2026,2026,Horror|Thriller,1315303,movie,Victoria Wyant,4979358,1,,,Kate,,,,,4,supporting,,,
Primate,2026,2026,Horror|Thriller,1315303,movie,Gia Hunter,3675179,1,,,Erin,,,,,5,supporting,,,
Primate,2026,2026,Horror|Thriller,1315303,movie,Benjamin Cheng,2745054,2,,,Nick,,,,,6,supporting,,,
Primate,2026,2026,Horror|Thriller,1315303,movie,Charlie Mann,4799831,2,,,Drew,,,,,7,supporting,,,
Primate,2026,2026,Horror|Thriller,1315303,movie,Tienne Simon,3645292,2,,,Brad,,,,,8,supporting,,,
Primate,2026,2026,Horror|Thriller,1315303,movie,Miguel Hernando Torres Umba,2718121,2,,,Ben,,,,,9,supporting,,,
Primate,2026,2026,Horror|Thriller,1315303,movie,Amina Abdi,4979364,1,,,Susan,,,,,10,supporting,,,
Primate,2026,2026,Horror|Thriller,1315303,movie,Robin Chalk,115151,2,,,Interpreter,,,,,11,minor,,,
Primate,2026,2026,Horror|Thriller,1315303,movie,Joe Abercrombie,3552560,2,,,Book Publisher,,,,,12,minor,,,
Primate,2026,2026,Horror|Thriller,1315303,movie,Nick Romano,5922544,2,,,Police Officer,,,,,13,minor,,,
Primate,2026,2026,Horror|Thriller,1315303,movie,Ben Pronsky,1243782,2,,,Ben (voice) (uncredited),,,,,14,minor,,,
Primate,2026,2026,Horror|Thriller,1315303,movie,Rob Delaney,1091324,2,,,Doc Lambert (uncredited),,,,,15,minor,,,
Primate,2026,2026,Horror|Thriller,1315303,movie,Kae Alexander,1399750,1,,,Mother (uncredited),,,,,16,minor,,,
Primate,2026,2026,Horror|Thriller,1315303,movie,Stuart Whelan,1840384,2,,,Passenger (uncredited),,,,,17,minor,,,
Man on Fire,2004,2004,Action|Drama|Thriller,9509,movie,Denzel Washington,5292,2,,,John W. Creasy,,,,,1,lead,,,
Man on Fire,2004,2004,Action|Drama|Thriller,9509,movie,Dakota Fanning,501,1,,,Lupita Ramos,,,,,2,lead,,,
Man on Fire,2004,2004,Action|Drama|Thriller,9509,movie,Christopher Walken,4690,2,,,Paul Rayburn,,,,,3,lead,,,
Man on Fire,2004,2004,Action|Drama|Thriller,9509,movie,Radha Mitchell,8329,1,,,Lisa Ramos,,,,,4,supporting,,,
Man on Fire,2004,2004,Action|Drama|Thriller,9509,movie,Marc Anthony,47775,2,,,Samuel Ramos,,,,,5,supporting,,,
Man on Fire,2004,2004,Action|Drama|Thriller,9509,movie,Giancarlo Giannini,3753,2,,,Miguel Manzano,,,,,6,supporting,,,
Man on Fire,2004,2004,Action|Drama|Thriller,9509,movie,Rachel Ticotin,10768,1,,,Mariana Garcia Guerrero,,,,,7,supporting,,,
Man on Fire,2004,2004,Action|Drama|Thriller,9509,movie,Mickey Rourke,2295,2,,,Jordan Kalfus,,,,,8,supporting,,,
Man on Fire,2004,2004,Action|Drama|Thriller,9509,movie,Roberto Sosa,61059,2,,,Daniel Sanchez,,,,,9,supporting,,,
Man on Fire,2004,2004,Action|Drama|Thriller,9509,movie,Jesús Ochoa,69865,2,,,Victor Fuentes,,,,,10,supporting,,,
Man on Fire,2004,2004,Action|Drama|Thriller,9509,movie,Gero Camilo,55105,2,,,Aurelio Sanchez,,,,,11,minor,,,
Man on Fire,2004,2004,Action|Drama|Thriller,9509,movie,Mario Zaragoza,942967,2,,,Jorge Gonzalez,,,,,12,minor,,,
Man on Fire,2004,2004,Action|Drama|Thriller,9509,movie,Charles Paraventi,1181464,2,,,Jersey Boy,,,,,13,minor,,,
Man on Fire,2004,2004,Action|Drama|Thriller,9509,movie,Carmen Salinas,243046,1,,,Guardian Three,,,,,14,minor,,,
Man on Fire,2004,2004,Action|Drama|Thriller,9509,movie,Esteban de La Trinidad,2065738,0,,,Guardian Thwo,,,,,15,minor,,,
Man on Fire,2004,2004,Action|Drama|Thriller,9509,movie,Angelina Peláez,23877,1,,,Sister Anna,,,,,16,minor,,,
Man on Fire,2004,2004,Action|Drama|Thriller,9509,movie,Norma Pablo,1211042,1,,,Reina Rosas,,,,,17,minor,,,
Man on Fire,2004,2004,Action|Drama|Thriller,9509,movie,Rosa María Hernández,2065739,1,,,Maria,,,,,18,minor,,,
Man on Fire,2004,2004,Action|Drama|Thriller,9509,movie,Heriberto del Castillo,2065740,2,,,Bruno,,,,,19,minor,,,
Man on Fire,2004,2004,Action|Drama|Thriller,9509,movie,Steve Gonzales,1759036,2,,,Insurance Lawyer,,,,,20,minor,,,
Kill Code,2026,2026,Action|Thriller|Science Fiction|Drama,949536,movie,Franzi Schissler,3465743,1,,,Elera,,,,,1,lead,,,
Kill Code,2026,2026,Action|Thriller|Science Fiction|Drama,949536,movie,Frank Grillo,81685,2,,,Benjamin,,,,,2,lead,,,
Kill Code,2026,2026,Action|Thriller|Science Fiction|Drama,949536,movie,Harvey Keitel,1037,2,,,Eion,,,,,3,lead,,,
Kill Code,2026,2026,Action|Thriller|Science Fiction|Drama,949536,movie,Tyrese Gibson,8169,2,,,Lukas,,,,,4,supporting,,,
Kill Code,2026,2026,Action|Thriller|Science Fiction|Drama,949536,movie,Peter Stormare,53,2,,,,,,,,5,supporting,,,
Kill Code,2026,2026,Action|Thriller|Science Fiction|Drama,949536,movie,Jacob Artist,1074888,2,,,Kyron,,,,,6,supporting,,,
Kill Code,2026,2026,Action|Thriller|Science Fiction|Drama,949536,movie,J. J. Soria,73127,2,,,Daxon,,,,,7,supporting,,,
Kill Code,2026,2026,Action|Thriller|Science Fiction|Drama,949536,movie,Brett Cullen,16841,2,,,Sawyer,,,,,8,supporting,,,
Kill Code,2026,2026,Action|Thriller|Science Fiction|Drama,949536,movie,Victoria Paige Watkins,3037585,1,,,Young Elera,,,,,9,supporting,,,
Kill Code,2026,2026,Action|Thriller|Science Fiction|Drama,949536,movie,Sherri Eakin,1376003,1,,,Amanda,,,,,10,supporting,,,
Kill Code,2026,2026,Action|Thriller|Science Fiction|Drama,949536,movie,Lance E. Nichols,101847,2,,,Cameron,,,,,11,minor,,,
Kill Code,2026,2026,Action|Thriller|Science Fiction|Drama,949536,movie,Anthony Michael Frederick,1411679,2,,,Patrick,,,,,12,minor,,,
Kill Code,2026,2026,Action|Thriller|Science Fiction|Drama,949536,movie,Erica Rowell Green,3419831,0,,,Danna (voice),,,,,13,minor,,,
Kill Code,2026,2026,Action|Thriller|Science Fiction|Drama,949536,movie,Brian Kurlander,1431351,2,,,Robert,,,,,14,minor,,,
Kill Code,2026,2026,Action|Thriller|Science Fiction|Drama,949536,movie,Luke Cannella,3465745,0,,,Alpire Detective,,,,,15,minor,,,
Kill Code,2026,2026,Action|Thriller|Science Fiction|Drama,949536,movie,Caroline Helander,2134389,0,,,Harrell,,,,,16,minor,,,
Kill Code,2026,2026,Action|Thriller|Science Fiction|Drama,949536,movie,Nick Loren,982098,2,,,Mason,,,,,17,minor,,,
Kill Code,2026,2026,Action|Thriller|Science Fiction|Drama,949536,movie,Guy Hershler,3465746,0,,,Sven,,,,,18,minor,,,
Kill Code,2026,2026,Action|Thriller|Science Fiction|Drama,949536,movie,Talia Asseraf,3465747,1,,,Rachel,,,,,19,minor,,,
Kill Code,2026,2026,Action|Thriller|Science Fiction|Drama,949536,movie,Julie Haught,2471120,0,,,Regan,,,,,20,minor,,,
Finding Nemo,2003,2003,Animation|Family|Adventure,12,movie,Albert Brooks,13,2,,,Marlin (voice),,,,,1,lead,,,
Finding Nemo,2003,2003,Animation|Family|Adventure,12,movie,Ellen DeGeneres,14,1,,,Dory (voice),,,,,2,lead,,,
Finding Nemo,2003,2003,Animation|Family|Adventure,12,movie,Alexander Gould,12,2,,,Nemo (voice),,,,,3,lead,,,
Finding Nemo,2003,2003,Animation|Family|Adventure,12,movie,Willem Dafoe,5293,2,,,Gill (voice),,,,,4,supporting,,,
Finding Nemo,2003,2003,Animation|Family|Adventure,12,movie,Geoffrey Rush,118,2,,,Nigel (voice),,,,,5,supporting,,,
Finding Nemo,2003,2003,Animation|Family|Adventure,12,movie,Brad Garrett,18,2,,,Bloat (voice),,,,,6,supporting,,,
Finding Nemo,2003,2003,Animation|Family|Adventure,12,movie,Allison Janney,19,1,,,Peach (voice),,,,,7,supporting,,,
Finding Nemo,2003,2003,Animation|Family|Adventure,12,movie,Austin Pendleton,6168,2,,,Gurgle (voice),,,,,8,supporting,,,
Finding Nemo,2003,2003,Animation|Family|Adventure,12,movie,Stephen Root,17401,2,,,Bubbles (voice),,,,,9,supporting,,,
Finding Nemo,2003,2003,Animation|Family|Adventure,12,movie,Vicki Lewis,14723,1,,,Deb / Flo (voice),,,,,10,supporting,,,
Finding Nemo,2003,2003,Animation|Family|Adventure,12,movie,Joe Ranft,7911,2,,,Jacques (voice),,,,,11,minor,,,
Finding Nemo,2003,2003,Animation|Family|Adventure,12,movie,Andrew Stanton,7,2,,,Crush (voice),,,,,12,minor,,,
Finding Nemo,2003,2003,Animation|Family|Adventure,12,movie,Elizabeth Perkins,20,1,,,Coral (voice),,,,,13,minor,,,
Finding Nemo,2003,2003,Animation|Family|Adventure,12,movie,Nicholas Bird,981048,2,,,Squirt (voice),,,,,14,minor,,,
Finding Nemo,2003,2003,Animation|Family|Adventure,12,movie,Bob Peterson,10,2,,,Mr. Ray / Additional Voices (voice),,,,,15,minor,,,
Finding Nemo,2003,2003,Animation|Family|Adventure,12,movie,Barry Humphries,22,2,,,Bruce (voice),,,,,16,minor,,,
Finding Nemo,2003,2003,Animation|Family|Adventure,12,movie,Eric Bana,8783,2,,,Anchor (voice),,,,,17,minor,,,
Finding Nemo,2003,2003,Animation|Family|Adventure,12,movie,Bruce Spence,27752,2,,,Chum (voice),,,,,18,minor,,,
Finding Nemo,2003,2003,Animation|Family|Adventure,12,movie,Bill Hunter,23,2,,,Dentist (voice),,,,,19,minor,,,
Finding Nemo,2003,2003,Animation|Family|Adventure,12,movie,LuLu Ebeling,981049,1,,,Darla (voice),,,,,20,minor,,,
Possessed,2005,2005,Horror,352707,movie,Debra Mayer,98817,1,,,"Ellen Delaney (segment ""Witches' Dolls"") (archive footage)",,,,,1,lead,,,
Possessed,2005,2005,Horror,352707,movie,Denise Gentile,156314,1,,,"Delores (segment ""Resurrection of the Damned"") (archive footage)",,,,,2,lead,,,
Possessed,2005,2005,Horror,352707,movie,Elizabeth Ince,100172,1,,,"Mrs. Albright (segment ""Witches' Dolls"") (archive footage)",,,,,3,lead,,,
Possessed,2005,2005,Horror,352707,movie,Ariauna Albright,99053,1,,,"Lilith (segment ""The Devil's Spell"") (archive footage)",,,,,4,supporting,,,
Possessed,2005,2005,Horror,352707,movie,Jason Faunt,170413,2,,,"Bob (segment ""The Devil's Spell"") (archive footage)",,,,,5,supporting,,,
Possessed,2005,2005,Horror,352707,movie,Marissa Tait,35456,1,,,"Maria (segment ""The Devil's Spell"") (archive footage)",,,,,6,supporting,,,
Possessed,2005,2005,Horror,352707,movie,Robert Donavan,83387,2,,,"Sam Gray (segment ""Witches' Dolls"") (archive footage)",,,,,7,supporting,,,
Possessed,2005,2005,Horror,352707,movie,Maggie Rose Fleck,100173,0,,,"Kathryn (segment ""Witches' Dolls"") (archive footage)",,,,,8,supporting,,,
Possessed,2005,2005,Horror,352707,movie,Michael Bendetti,42658,2,,,"Corey Thornton (segment ""Resurrection of the Damned"") (archive footage)",,,,,9,supporting,,,
Possessed,2005,2005,Horror,352707,movie,Anjanette Comer,80253,1,,,"Mrs. Palmer (segment ""Resurrection of the Damned"") (archive footage)",,,,,10,supporting,,,
Possessed,2005,2005,Horror,352707,movie,Holly Floria,174408,1,,,"Diane Palmer (segment ""Resurrection of the Damned"") (archive footage)",,,,,11,minor,,,
Possessed,2005,2005,Horror,352707,movie,Matt Raftery,1193001,2,,,Jack,,,,,12,minor,,,
Possessed,2005,2005,Horror,352707,movie,Monica Serene Garnich,1193002,1,,,Jennifer,,,,,13,minor,,,
Possessed,2005,2005,Horror,352707,movie,Brooke Mueller,1227230,1,,,Janet,,,,,14,minor,,,
Possessed,2005,2005,Horror,352707,movie,Dave Oren Ward,217485,0,,,Tony,,,,,15,minor,,,
Possessed,2005,2005,Horror,352707,movie,Ashley McKinney,3994383,0,,,Elizabeth,,,,,16,minor,,,
Possessed,2005,2005,Horror,352707,movie,Kimberly Pullis,3994387,0,,,Margaret,,,,,17,minor,,,
Possessed,2005,2005,Horror,352707,movie,Dane Northcutt,159452,2,,,Scott,,,,,18,minor,,,
Possessed,2005,2005,Horror,352707,movie,Ryan Scott Greene,190920,2,,,Brad,,,,,19,minor,,,
Possessed,2005,2005,Horror,352707,movie,Lindy Bryant,100176,0,,,Mrs. Grove,,,,,20,minor,,,
Troy,2004,2004,War|Action|History,652,movie,Brad Pitt,287,2,,,Achilles,,,,,1,lead,,,
Troy,2004,2004,War|Action|History,652,movie,Orlando Bloom,114,2,,,Paris,,,,,2,lead,,,
Troy,2004,2004,War|Action|History,652,movie,Eric Bana,8783,2,,,Hector,,,,,3,lead,,,
Troy,2004,2004,War|Action|History,652,movie,Brian Cox,1248,2,,,King Agamemnon,,,,,4,supporting,,,
Troy,2004,2004,War|Action|History,652,movie,Sean Bean,48,2,,,Odysseus,,,,,5,supporting,,,
Troy,2004,2004,War|Action|History,652,movie,Brendan Gleeson,2039,2,,,Menelaos,,,,,6,supporting,,,
Troy,2004,2004,War|Action|History,652,movie,Diane Kruger,9824,1,,,Helen,,,,,7,supporting,,,
Troy,2004,2004,War|Action|History,652,movie,Peter O'Toole,11390,2,,,Priam,,,,,8,supporting,,,
Troy,2004,2004,War|Action|History,652,movie,Rose Byrne,9827,1,,,Briseis,,,,,9,supporting,,,
Troy,2004,2004,War|Action|History,652,movie,Saffron Burrows,9825,1,,,Andromache,,,,,10,supporting,,,
Troy,2004,2004,War|Action|History,652,movie,Garrett Hedlund,9828,2,,,Patroclus,,,,,11,minor,,,
Troy,2004,2004,War|Action|History,652,movie,Vincent Regan,9831,2,,,Eudorus,,,,,12,minor,,,
Troy,2004,2004,War|Action|History,652,movie,Julie Christie,1666,1,,,Thetis,,,,,13,minor,,,
Troy,2004,2004,War|Action|History,652,movie,Nathan Jones,24898,2,,,Boagrius,,,,,14,minor,,,
Troy,2004,2004,War|Action|History,652,movie,Mark Lewis Jones,185460,2,,,Tecton,,,,,15,minor,,,
Troy,2004,2004,War|Action|History,652,movie,John Shrapnel,940,2,,,Nestor,,,,,16,minor,,,
Troy,2004,2004,War|Action|History,652,movie,James Cosmo,2467,2,,,Glaucus,,,,,17,minor,,,
Troy,2004,2004,War|Action|History,652,movie,Nigel Terry,31431,2,,,Archeptolemus,,,,,18,minor,,,
Troy,2004,2004,War|Action|History,652,movie,Julian Glover,740,2,,,Triopas,,,,,19,minor,,,
Troy,2004,2004,War|Action|History,652,movie,Trevor Eve,29407,2,,,Velior,,,,,20,minor,,,
A Home of Our Own,1993,1993,Drama,78133,movie,Kathy Bates,8534,1,,,Frances Lacey,,,,,1,lead,,,
A Home of Our Own,1993,1993,Drama,78133,movie,Edward Furlong,820,2,,,Shayne Lacey,,,,,2,lead,,,
A Home of Our Own,1993,1993,Drama,78133,movie,Clarissa Lassig,1344847,0,,,Lynn Lacey,,,,,3,lead,,,
A Home of Our Own,1993,1993,Drama,78133,movie,Sarah Schaub,180619,1,,,Faye Lacey,,,,,4,supporting,,,
A Home of Our Own,1993,1993,Drama,78133,movie,Miles Feulner,180610,2,,,Murray Lacey,,,,,5,supporting,,,
A Home of Our Own,1993,1993,Drama,78133,movie,Amy Sakasitz,954763,1,,,Annie Lacey,,,,,6,supporting,,,
A Home of Our Own,1993,1993,Drama,78133,movie,T.J. Lowther,64025,2,,,Craig Lacey,,,,,7,supporting,,,
A Home of Our Own,1993,1993,Drama,78133,movie,Soon-Tek Oh,10345,2,,,Mr. Munimura,,,,,8,supporting,,,
A Home of Our Own,1993,1993,Drama,78133,movie,Tony Bill,57138,2,,,Narrator,,,,,9,supporting,,,
A Home of Our Own,1993,1993,Drama,78133,movie,Tony Campisi,109180,2,,,Norman,,,,,10,supporting,,,
A Home of Our Own,1993,1993,Drama,78133,movie,Melvin Ward,4203421,0,,,Father Tomlin,,,,,11,minor,,,
A Home of Our Own,1993,1993,Drama,78133,movie,Michael Flynn,7144,2,,,Mr. Wolters,,,,,12,minor,,,
A Home of Our Own,1993,1993,Drama,78133,movie,Donré Sampson,954790,2,,,Gas Station Attendant,,,,,13,minor,,,
A Home of Our Own,1993,1993,Drama,78133,movie,Frank Gerrish,559660,2,,,Mr. Whitman,,,,,14,minor,,,
A Home of Our Own,1993,1993,Drama,78133,movie,George Sullivan,200803,2,,,Dave Pollock,,,,,15,minor,,,
Your Fault,2024,2024,Drama|Romance,1156593,movie,Nicole Wallace,2527414,1,,,Noah Morán,,,,,1,lead,,,
Your Fault,2024,2024,Drama|Romance,1156593,movie,Gabriel Guevara,2786960,2,,,Nick Leister,,,,,2,lead,,,
Your Fault,2024,2024,Drama|Romance,1156593,movie,Marta Hazas,970027,1,,,Rafaella Leister,,,,,3,lead,,,
Your Fault,2024,2024,Drama|Romance,1156593,movie,Iván Sánchez,1251336,2,,,William Leister,,,,,4,supporting,,,
Your Fault,2024,2024,Drama|Romance,1156593,movie,Eva Ruiz,4105602,1,,,Jenna,,,,,5,supporting,,,
Your Fault,2024,2024,Drama|Romance,1156593,movie,Víctor Varona,2126335,2,,,Lion,,,,,6,supporting,,,
Your Fault,2024,2024,Drama|Romance,1156593,movie,Gabriela Andrada,3513082,1,,,Sofía Zabala,,,,,7,supporting,,,
Your Fault,2024,2024,Drama|Romance,1156593,movie,Alex Bejar,3904252,1,,,Briar,,,,,8,supporting,,,
Your Fault,2024,2024,Drama|Romance,1156593,movie,Goya Toledo,261,1,,,Anabel,,,,,9,supporting,,,
Your Fault,2024,2024,Drama|Romance,1156593,movie,Javier Morgade,2785763,2,,,Michael,,,,,10,supporting,,,
Your Fault,2024,2024,Drama|Romance,1156593,movie,Jaime Ordóñez,1206196,2,,,Esteban,,,,,11,minor,,,
Your Fault,2024,2024,Drama|Romance,1156593,movie,Noah Casas,4105608,0,,,Maggie,,,,,12,minor,,,
Your Fault,2024,2024,Drama|Romance,1156593,movie,Sergi Mateu,549833,2,,,Andrew Leister,,,,,13,minor,,,
Your Fault,2024,2024,Drama|Romance,1156593,movie,Felipe Londoño,3117422,0,,,Luca,,,,,14,minor,,,
Your Fault,2024,2024,Drama|Romance,1156593,movie,Paloma Catalán,1377932,0,,,Petra,,,,,15,minor,,,
Your Fault,2024,2024,Drama|Romance,1156593,movie,Mariano Venancio,56468,2,,,Martin,,,,,16,minor,,,
Your Fault,2024,2024,Drama|Romance,1156593,movie,Fran Berenguer,3212974,0,,,Ronnie,,,,,17,minor,,,
Your Fault,2024,2024,Drama|Romance,1156593,movie,Pedro Gutiérrez,84772,2,,,Padre de Jenna,,,,,18,minor,,,
Your Fault,2024,2024,Drama|Romance,1156593,movie,Ángel Hidalgo,1639595,2,,,Ministro Zabala,,,,,19,minor,,,
Your Fault,2024,2024,Drama|Romance,1156593,movie,Claudia Bassols,144302,1,,,Senora Zabala,,,,,20,minor,,,
Twilight,2008,2008,Fantasy|Drama|Romance,8966,movie,Kristen Stewart,37917,1,,,Bella Swan,,,,,1,lead,,,
Twilight,2008,2008,Fantasy|Drama|Romance,8966,movie,Robert Pattinson,11288,2,,,Edward Cullen,,,,,2,lead,,,
Twilight,2008,2008,Fantasy|Drama|Romance,8966,movie,Billy Burke,21029,2,,,Charlie Swan,,,,,3,lead,,,
Twilight,2008,2008,Fantasy|Drama|Romance,8966,movie,Peter Facinelli,56857,2,,,Dr. Carlisle Cullen,,,,,4,supporting,,,
Twilight,2008,2008,Fantasy|Drama|Romance,8966,movie,Ashley Greene,45827,1,,,Alice Cullen,,,,,5,supporting,,,
Twilight,2008,2008,Fantasy|Drama|Romance,8966,movie,Jackson Rathbone,84215,2,,,Jasper,,,,,6,supporting,,,
Twilight,2008,2008,Fantasy|Drama|Romance,8966,movie,Nikki Reed,59252,1,,,Rosalie,,,,,7,supporting,,,
Twilight,2008,2008,Fantasy|Drama|Romance,8966,movie,Kellan Lutz,34502,2,,,Emmet Cullen,,,,,8,supporting,,,
Twilight,2008,2008,Fantasy|Drama|Romance,8966,movie,Elizabeth Reaser,53755,1,,,Esme Cullen,,,,,9,supporting,,,
Twilight,2008,2008,Fantasy|Drama|Romance,8966,movie,Taylor Lautner,84214,2,,,Jacob Black,,,,,10,supporting,,,
Twilight,2008,2008,Fantasy|Drama|Romance,8966,movie,Gil Birmingham,84225,2,,,Billy Black,,,,,11,minor,,,
Twilight,2008,2008,Fantasy|Drama|Romance,8966,movie,Cam Gigandet,55086,2,,,James,,,,,12,minor,,,
Twilight,2008,2008,Fantasy|Drama|Romance,8966,movie,Rachelle Lefevre,58168,1,,,Victoria,,,,,13,minor,,,
Twilight,2008,2008,Fantasy|Drama|Romance,8966,movie,Edi Gathegi,39391,2,,,Laurent,,,,,14,minor,,,
Twilight,2008,2008,Fantasy|Drama|Romance,8966,movie,Anna Kendrick,84223,1,,,Jessica,,,,,15,minor,,,
Twilight,2008,2008,Fantasy|Drama|Romance,8966,movie,Michael Welch,56676,2,,,Mike Newton,,,,,16,minor,,,
Twilight,2008,2008,Fantasy|Drama|Romance,8966,movie,Justin Chon,65225,2,,,Eric,,,,,17,minor,,,
Twilight,2008,2008,Fantasy|Drama|Romance,8966,movie,Christian Serratos,84224,1,,,Angela,,,,,18,minor,,,
Twilight,2008,2008,Fantasy|Drama|Romance,8966,movie,José Zúñiga,10963,2,,,Mr. Molina,,,,,19,minor,,,
Twilight,2008,2008,Fantasy|Drama|Romance,8966,movie,Sarah Clarke,25836,1,,,Renée,,,,,20,minor,,,
Spider-Man: Far From Home,2019,2019,Action|Adventure|Science Fiction,429617,movie,Tom Holland,1136406,2,,,Peter Parker / Spider-Man,,,,,1,lead,,,
Spider-Man: Far From Home,2019,2019,Action|Adventure|Science Fiction,429617,movie,Jake Gyllenhaal,131,2,,,Quentin Beck / Mysterio,,,,,2,lead,,,
Spider-Man: Far From Home,2019,2019,Action|Adventure|Science Fiction,429617,movie,Samuel L. Jackson,2231,2,,,Nick Fury,,,,,3,lead,,,
Spider-Man: Far From Home,2019,2019,Action|Adventure|Science Fiction,429617,movie,Marisa Tomei,3141,1,,,May Parker,,,,,4,supporting,,,
Spider-Man: Far From Home,2019,2019,Action|Adventure|Science Fiction,429617,movie,Jon Favreau,15277,2,,,Happy Hogan,,,,,5,supporting,,,
Spider-Man: Far From Home,2019,2019,Action|Adventure|Science Fiction,429617,movie,Zendaya,505710,1,,,MJ,,,,,6,supporting,,,
Spider-Man: Far From Home,2019,2019,Action|Adventure|Science Fiction,429617,movie,Jacob Batalon,1649152,2,,,Ned Leeds,,,,,7,supporting,,,
Spider-Man: Far From Home,2019,2019,Action|Adventure|Science Fiction,429617,movie,Tony Revolori,1291350,2,,,Flash Thompson,,,,,8,supporting,,,
Spider-Man: Far From Home,2019,2019,Action|Adventure|Science Fiction,429617,movie,Angourie Rice,1265629,1,,,Betty Brant,,,,,9,supporting,,,
Spider-Man: Far From Home,2019,2019,Action|Adventure|Science Fiction,429617,movie,Remy Hii,1347947,2,,,Brad Davis,,,,,10,supporting,,,
Spider-Man: Far From Home,2019,2019,Action|Adventure|Science Fiction,429617,movie,Martin Starr,41089,2,,,Mr. Harrington,,,,,11,minor,,,
Spider-Man: Far From Home,2019,2019,Action|Adventure|Science Fiction,429617,movie,JB Smoove,65920,2,,,Mr. Dell,,,,,12,minor,,,
Spider-Man: Far From Home,2019,2019,Action|Adventure|Science Fiction,429617,movie,Jorge Lendeborg Jr.,1563266,2,,,Jason Ionello,,,,,13,minor,,,
Spider-Man: Far From Home,2019,2019,Action|Adventure|Science Fiction,429617,movie,Cobie Smulders,71189,1,,,Maria Hill,,,,,14,minor,,,
Spider-Man: Far From Home,2019,2019,Action|Adventure|Science Fiction,429617,movie,Numan Acar,35434,2,,,Dimitri,,,,,15,minor,,,
Spider-Man: Far From Home,2019,2019,Action|Adventure|Science Fiction,429617,movie,Zach Barack,2351636,2,,,Zach,,,,,16,minor,,,
Spider-Man: Far From Home,2019,2019,Action|Adventure|Science Fiction,429617,movie,Zoha Rahman,2351637,1,,,Zoha,,,,,17,minor,,,
Spider-Man: Far From Home,2019,2019,Action|Adventure|Science Fiction,429617,movie,Yasmin Mwanza,1472668,1,,,Yasmin,,,,,18,minor,,,
Spider-Man: Far From Home,2019,2019,Action|Adventure|Science Fiction,429617,movie,Joshua Sinclair-Evans,2351611,2,,,Josh,,,,,19,minor,,,
Spider-Man: Far From Home,2019,2019,Action|Adventure|Science Fiction,429617,movie,Tyler Luke Cunningham,2351639,2,,,Tyler,,,,,20,minor,,,
Cold Storage,2026,2026,Horror|Science Fiction|Comedy,696393,movie,Georgina Campbell,1335315,1,,,Naomi,,,,,1,lead,,,
Cold Storage,2026,2026,Horror|Science Fiction|Comedy,696393,movie,Joe Keery,1467219,2,,,Teacake,,,,,2,lead,,,
Cold Storage,2026,2026,Horror|Science Fiction|Comedy,696393,movie,Sosie Bacon,1396124,1,,,Dr. Hero Martins,,,,,3,lead,,,
Cold Storage,2026,2026,Horror|Science Fiction|Comedy,696393,movie,Vanessa Redgrave,13333,1,,,Mary Rooney,,,,,4,supporting,,,
Cold Storage,2026,2026,Horror|Science Fiction|Comedy,696393,movie,Lesley Manville,72305,1,,,Trini Romano,,,,,5,supporting,,,
Cold Storage,2026,2026,Horror|Science Fiction|Comedy,696393,movie,Liam Neeson,3896,2,,,Robert Quinn,,,,,6,supporting,,,
Cold Storage,2026,2026,Horror|Science Fiction|Comedy,696393,movie,Richard Brake,3901,2,,,Wesley Jerabek,,,,,7,supporting,,,
Cold Storage,2026,2026,Horror|Science Fiction|Comedy,696393,movie,Aaron Heffernan,1624770,2,,,Mike Snyder,,,,,8,supporting,,,
Cold Storage,2026,2026,Horror|Science Fiction|Comedy,696393,movie,Ellora Torchia,1457454,1,,,Abigail,,,,,9,supporting,,,
Cold Storage,2026,2026,Horror|Science Fiction|Comedy,696393,movie,Rob Collins,1636490,2,,,Enos Namatjira,,,,,10,supporting,,,
Cold Storage,2026,2026,Horror|Science Fiction|Comedy,696393,movie,Justin Salinger,25657,2,,,Dr. Friedman,,,,,11,minor,,,
Cold Storage,2026,2026,Horror|Science Fiction|Comedy,696393,movie,Gavin Spokes,2085743,2,,,Griffin,,,,,12,minor,,,
Cold Storage,2026,2026,Horror|Science Fiction|Comedy,696393,movie,Andrew Brooke,202760,2,,,Ironhead,,,,,13,minor,,,
Cold Storage,2026,2026,Horror|Science Fiction|Comedy,696393,movie,Darrell D'Silva,186396,2,,,The Rev,,,,,14,minor,,,
Cold Storage,2026,2026,Horror|Science Fiction|Comedy,696393,movie,Lujza Richter,1977048,1,,,Garbage,,,,,15,minor,,,
Cold Storage,2026,2026,Horror|Science Fiction|Comedy,696393,movie,Nahel Tzegai,3063992,1,,,Cuba,,,,,16,minor,,,
Cold Storage,2026,2026,Horror|Science Fiction|Comedy,696393,movie,Clare Holman,47742,1,,,Annie,,,,,17,minor,,,
Cold Storage,2026,2026,Horror|Science Fiction|Comedy,696393,movie,Daniel Rigby,211368,2,,,Anthony,,,,,18,minor,,,
Cold Storage,2026,2026,Horror|Science Fiction|Comedy,696393,movie,Valentina Popkova,6008437,1,,,Naomi's Daughter,,,,,19,minor,,,
Cold Storage,2026,2026,Horror|Science Fiction|Comedy,696393,movie,Vanessa Popkova,6013100,1,,,Naomi's Daughter,,,,,20,minor,,,
Black Phone 2,2025,2025,Horror|Thriller,1197137,movie,Mason Thames,2803710,2,,,Finn,,,,,1,lead,,,
Black Phone 2,2025,2025,Horror|Thriller,1197137,movie,Madeleine McGraw,1530558,1,,,Gwen,,,,,2,lead,,,
Black Phone 2,2025,2025,Horror|Thriller,1197137,movie,Ethan Hawke,569,2,,,The Grabber,,,,,3,lead,,,
Black Phone 2,2025,2025,Horror|Thriller,1197137,movie,Miguel Mora,3586928,2,,,Ernesto,,,,,4,supporting,,,
Black Phone 2,2025,2025,Horror|Thriller,1197137,movie,Demián Bichir,76961,2,,,Mando,,,,,5,supporting,,,
Black Phone 2,2025,2025,Horror|Thriller,1197137,movie,Jeremy Davies,4654,2,,,Terrence,,,,,6,supporting,,,
Black Phone 2,2025,2025,Horror|Thriller,1197137,movie,Arianna Rivas,3953574,1,,,Mustang,,,,,7,supporting,,,
Black Phone 2,2025,2025,Horror|Thriller,1197137,movie,Maev Beaty,1545244,1,,,Barbara,,,,,8,supporting,,,
Black Phone 2,2025,2025,Horror|Thriller,1197137,movie,Graham Abbey,209537,2,,,Kenneth,,,,,9,supporting,,,
Black Phone 2,2025,2025,Horror|Thriller,1197137,movie,James Ransone,5296,2,,,Max,,,,,10,supporting,,,
Black Phone 2,2025,2025,Horror|Thriller,1197137,movie,Anna Lore,1441215,1,,,Hope,,,,,11,minor,,,
Black Phone 2,2025,2025,Horror|Thriller,1197137,movie,Simon Webster,3118207,2,,,Felix,,,,,12,minor,,,
Black Phone 2,2025,2025,Horror|Thriller,1197137,movie,Shepherd Munroe,5704432,0,,,Cal,,,,,13,minor,,,
Black Phone 2,2025,2025,Horror|Thriller,1197137,movie,Chase B. Robertson,5704426,2,,,Spike,,,,,14,minor,,,
Black Phone 2,2025,2025,Horror|Thriller,1197137,movie,Dexter Bolduc,5755676,2,,,New Kid,,,,,15,minor,,,
Black Phone 2,2025,2025,Horror|Thriller,1197137,movie,Jazlyn Wong-Lee,3978196,1,,,Mean Girl,,,,,16,minor,,,
Black Phone 2,2025,2025,Horror|Thriller,1197137,movie,Julien Norman,5755679,0,,,Wild Bill,,,,,17,minor,,,
Black Phone 2,2025,2025,Horror|Thriller,1197137,movie,Jacob Moran,3053616,2,,,Billy,,,,,18,minor,,,
Frozen,2013,2013,Animation|Family|Adventure|Fantasy,109445,movie,Idina Menzel,19394,1,,,Elsa (voice),,,,,1,lead,,,
Frozen,2013,2013,Animation|Family|Adventure|Fantasy,109445,movie,Kristen Bell,40462,1,,,Anna (voice),,,,,2,lead,,,
Frozen,2013,2013,Animation|Family|Adventure|Fantasy,109445,movie,Jonathan Groff,221611,2,,,Kristoff (voice),,,,,3,lead,,,
Frozen,2013,2013,Animation|Family|Adventure|Fantasy,109445,movie,Josh Gad,54415,2,,,Olaf (voice),,,,,4,supporting,,,
Frozen,2013,2013,Animation|Family|Adventure|Fantasy,109445,movie,Livvy Stubenrauch,1207489,1,,,Young Anna (voice),,,,,5,supporting,,,
Frozen,2013,2013,Animation|Family|Adventure|Fantasy,109445,movie,Santino Fontana,1188241,2,,,Hans (voice),,,,,6,supporting,,,
Frozen,2013,2013,Animation|Family|Adventure|Fantasy,109445,movie,Eva Bella,1207488,1,,,Young Elsa (voice),,,,,7,supporting,,,
Frozen,2013,2013,Animation|Family|Adventure|Fantasy,109445,movie,Alan Tudyk,21088,2,,,Duke (voice),,,,,8,supporting,,,
Frozen,2013,2013,Animation|Family|Adventure|Fantasy,109445,movie,Maia Wilson,1297610,0,,,Bulda (voice),,,,,9,supporting,,,
Frozen,2013,2013,Animation|Family|Adventure|Fantasy,109445,movie,Ciarán Hinds,8785,2,,,Pabbie / Grandpa (voice),,,,,10,supporting,,,
Frozen,2013,2013,Animation|Family|Adventure|Fantasy,109445,movie,Annie Lopez,1340678,0,,,Baby Troll (voice),,,,,11,minor,,,
Frozen,2013,2013,Animation|Family|Adventure|Fantasy,109445,movie,Annaleigh Ashford,120831,1,,,Girl Troll (voice),,,,,12,minor,,,
Frozen,2013,2013,Animation|Family|Adventure|Fantasy,109445,movie,Paul Briggs,1340669,2,,,Marshmallow (voice),,,,,13,minor,,,
Frozen,2013,2013,Animation|Family|Adventure|Fantasy,109445,movie,Stephen J. Anderson,16842,2,,,Kai (voice),,,,,14,minor,,,
Frozen,2013,2013,Animation|Family|Adventure|Fantasy,109445,movie,Maurice LaMarche,34521,2,,,King (voice),,,,,15,minor,,,
Frozen,2013,2013,Animation|Family|Adventure|Fantasy,109445,movie,Jennifer Lee,1120694,1,,,Queen / Additional Voices (voice),,,,,16,minor,,,
Frozen,2013,2013,Animation|Family|Adventure|Fantasy,109445,movie,Chris Williams,70238,2,,,Oaken (voice),,,,,17,minor,,,
Frozen,2013,2013,Animation|Family|Adventure|Fantasy,109445,movie,Edie McClurg,3202,1,,,Gerda (voice),,,,,18,minor,,,
Frozen,2013,2013,Animation|Family|Adventure|Fantasy,109445,movie,Robert Pine,74573,2,,,Bishop (voice),,,,,19,minor,,,
Frozen,2013,2013,Animation|Family|Adventure|Fantasy,109445,movie,Spencer Lacey Ganus,2435132,1,,,Teen Elsa (voice),,,,,20,minor,,,
Hacksaw Ridge,2016,2016,Drama|History|War,324786,movie,Andrew Garfield,37625,2,,,Desmond T. Doss,,,,,1,lead,,,
Hacksaw Ridge,2016,2016,Drama|History|War,324786,movie,Sam Worthington,65731,2,,,Captain Glover,,,,,2,lead,,,
Hacksaw Ridge,2016,2016,Drama|History|War,324786,movie,Vince Vaughn,4937,2,,,Sgt Howell,,,,,3,lead,,,
Hacksaw Ridge,2016,2016,Drama|History|War,324786,movie,Teresa Palmer,20374,1,,,Dorothy Schuttle,,,,,4,supporting,,,
Hacksaw Ridge,2016,2016,Drama|History|War,324786,movie,Luke Bracey,972356,2,,,Smitty Ryker,,,,,5,supporting,,,
Hacksaw Ridge,2016,2016,Drama|History|War,324786,movie,Hugo Weaving,1331,2,,,Tom Doss,,,,,6,supporting,,,
Hacksaw Ridge,2016,2016,Drama|History|War,324786,movie,Rachel Griffiths,3052,1,,,Bertha Doss,,,,,7,supporting,,,
Hacksaw Ridge,2016,2016,Drama|History|War,324786,movie,Ryan Corr,1213279,2,,,Lieutenant Manville,,,,,8,supporting,,,
Hacksaw Ridge,2016,2016,Drama|History|War,324786,movie,Richard Roxburgh,12206,2,,,Colonel Stelzer,,,,,9,supporting,,,
Hacksaw Ridge,2016,2016,Drama|History|War,324786,movie,Goran D. Kleut,61784,2,,,Andy 'Ghoul' Walker,,,,,10,supporting,,,
Hacksaw Ridge,2016,2016,Drama|History|War,324786,movie,Luke Pegler,61907,2,,,Milt 'Hollywood' Zane,,,,,11,minor,,,
Hacksaw Ridge,2016,2016,Drama|History|War,324786,movie,Firass Dirani,56450,2,,,Vito Rinnelli,,,,,12,minor,,,
Hacksaw Ridge,2016,2016,Drama|History|War,324786,movie,Michael Sheasby,2229725,2,,,Tex Lewis,,,,,13,minor,,,
Hacksaw Ridge,2016,2016,Drama|History|War,324786,movie,Nathaniel Buzolic,1483257,2,,,"Harold ""Hal"" Doss",,,,,14,minor,,,
Hacksaw Ridge,2016,2016,Drama|History|War,324786,movie,Ori Pfeffer,81480,2,,,Irv Schecter,,,,,15,minor,,,
Hacksaw Ridge,2016,2016,Drama|History|War,324786,movie,Matt Nable,123879,2,,,Lt. Cooney,,,,,16,minor,,,
Hacksaw Ridge,2016,2016,Drama|History|War,324786,movie,Jacob Warner,1709868,0,,,James Pinnick,,,,,17,minor,,,
Hacksaw Ridge,2016,2016,Drama|History|War,324786,movie,Richard Pyros,1706653,2,,,"Randall ""Teach"" Fuller",,,,,18,minor,,,
Hacksaw Ridge,2016,2016,Drama|History|War,324786,movie,Ben Mingay,1706654,2,,,Grease Nolan,,,,,19,minor,,,
Hacksaw Ridge,2016,2016,Drama|History|War,324786,movie,Harry Greenwood,1510769,2,,,Henry Brown,,,,,20,minor,,,
Final Destination Bloodlines,2025,2025,Horror|Mystery,574475,movie,Kaitlyn Santa Juana,3480304,1,,,Stefani Reyes,,,,,1,lead,,,
Final Destination Bloodlines,2025,2025,Horror|Mystery,574475,movie,Teo Briones,1547148,2,,,Charlie Reyes,,,,,2,lead,,,
Final Destination Bloodlines,2025,2025,Horror|Mystery,574475,movie,Rya Kihlstedt,58724,1,,,Darlene Campbell,,,,,3,lead,,,
Final Destination Bloodlines,2025,2025,Horror|Mystery,574475,movie,Richard Harmon,144852,2,,,Erik,,,,,4,supporting,,,
Final Destination Bloodlines,2025,2025,Horror|Mystery,574475,movie,Owen Patrick Joyner,1482198,2,,,Bobby,,,,,5,supporting,,,
Final Destination Bloodlines,2025,2025,Horror|Mystery,574475,movie,Anna Lore,1441215,1,,,Julia,,,,,6,supporting,,,
Final Destination Bloodlines,2025,2025,Horror|Mystery,574475,movie,Alex Zahara,62919,2,,,Uncle Howard,,,,,7,supporting,,,
Final Destination Bloodlines,2025,2025,Horror|Mystery,574475,movie,April Telek,45428,1,,,Aunt Brenda,,,,,8,supporting,,,
Final Destination Bloodlines,2025,2025,Horror|Mystery,574475,movie,Andrew Tinpo Lee,1376128,2,,,Marty Reyes,,,,,9,supporting,,,
Final Destination Bloodlines,2025,2025,Horror|Mystery,574475,movie,Tony Todd,19384,2,,,William John Bludworth,,,,,10,supporting,,,
Final Destination Bloodlines,2025,2025,Horror|Mystery,574475,movie,Brec Bassinger,1469128,1,,,Iris (1960's),,,,,11,minor,,,
Final Destination Bloodlines,2025,2025,Horror|Mystery,574475,movie,Gabrielle Rose,58804,1,,,Iris (Present Day),,,,,12,minor,,,
Final Destination Bloodlines,2025,2025,Horror|Mystery,574475,movie,Max Lloyd-Jones,83186,2,,,Paul Campbell,,,,,13,minor,,,
Final Destination Bloodlines,2025,2025,Horror|Mystery,574475,movie,Brenna Llewellyn,2051988,1,,,Val,,,,,14,minor,,,
Final Destination Bloodlines,2025,2025,Horror|Mystery,574475,movie,Natasha Burnett,1512170,1,,,Evie - Sky View Female Singer,,,,,15,minor,,,
Final Destination Bloodlines,2025,2025,Horror|Mystery,574475,movie,Jayden Oniah,4444280,2,,,Little Boy,,,,,16,minor,,,
Final Destination Bloodlines,2025,2025,Horror|Mystery,574475,movie,Mark Brandon,153847,2,,,Mr. Fuller,,,,,17,minor,,,
Final Destination Bloodlines,2025,2025,Horror|Mystery,574475,movie,Yvette Ferguson,2029947,1,,,Mrs. Fuller,,,,,18,minor,,,
Final Destination Bloodlines,2025,2025,Horror|Mystery,574475,movie,Garfield Wilson,62709,2,,,Chuck - Sky View Male Singer,,,,,19,minor,,,
Final Destination Bloodlines,2025,2025,Horror|Mystery,574475,movie,Justin Stone,1404066,2,,,Sky View Bartender,,,,,20,minor,,,
Despicable Me,2010,2010,Animation|Comedy|Crime|Family|Science Fiction,20352,movie,Steve Carell,4495,2,,,Gru (voice),,,,,1,lead,,,
Despicable Me,2010,2010,Animation|Comedy|Crime|Family|Science Fiction,20352,movie,Jason Segel,41088,2,,,Vector (voice),,,,,2,lead,,,
Despicable Me,2010,2010,Animation|Comedy|Crime|Family|Science Fiction,20352,movie,Miranda Cosgrove,17743,1,,,Margo (voice),,,,,3,lead,,,
Despicable Me,2010,2010,Animation|Comedy|Crime|Family|Science Fiction,20352,movie,Dana Gaier,124750,1,,,Edith (voice),,,,,4,supporting,,,
Despicable Me,2010,2010,Animation|Comedy|Crime|Family|Science Fiction,20352,movie,Elsie Fisher,122851,1,,,Agnes (voice),,,,,5,supporting,,,
Despicable Me,2010,2010,Animation|Comedy|Crime|Family|Science Fiction,20352,movie,Russell Brand,59919,2,,,Dr. Nefario (voice),,,,,6,supporting,,,
Despicable Me,2010,2010,Animation|Comedy|Crime|Family|Science Fiction,20352,movie,Julie Andrews,5823,1,,,Gru's Mother (voice),,,,,7,supporting,,,
Despicable Me,2010,2010,Animation|Comedy|Crime|Family|Science Fiction,20352,movie,Will Arnett,21200,2,,,Mr. Perkins (voice),,,,,8,supporting,,,
Despicable Me,2010,2010,Animation|Comedy|Crime|Family|Science Fiction,20352,movie,Kristen Wiig,41091,1,,,Miss Hattie (voice),,,,,9,supporting,,,
Despicable Me,2010,2010,Animation|Comedy|Crime|Family|Science Fiction,20352,movie,Pierre Coffin,124747,2,,,Tim / Bob / Mark / Phil / Stuart (voice),,,,,10,supporting,,,
Despicable Me,2010,2010,Animation|Comedy|Crime|Family|Science Fiction,20352,movie,Chris Renaud,124748,2,,,Dave (voice),,,,,11,minor,,,
Despicable Me,2010,2010,Animation|Comedy|Crime|Family|Science Fiction,20352,movie,Jemaine Clement,55936,2,,,Jerry (voice),,,,,12,minor,,,
Despicable Me,2010,2010,Animation|Comedy|Crime|Family|Science Fiction,20352,movie,Jack McBrayer,58737,2,,,Carnival Barker / Tourist Dad (voice),,,,,13,minor,,,
Despicable Me,2010,2010,Animation|Comedy|Crime|Family|Science Fiction,20352,movie,Danny McBride,62862,2,,,Fred McDade (voice),,,,,14,minor,,,
Despicable Me,2010,2010,Animation|Comedy|Crime|Family|Science Fiction,20352,movie,Mindy Kaling,125167,1,,,Tourist Mom (voice),,,,,15,minor,,,
Despicable Me,2010,2010,Animation|Comedy|Crime|Family|Science Fiction,20352,movie,Rob Huebel,80595,2,,,Anchorman (voice),,,,,16,minor,,,
Despicable Me,2010,2010,Animation|Comedy|Crime|Family|Science Fiction,20352,movie,Ken Daurio,52360,2,,,Egyptian Guard (voice),,,,,17,minor,,,
Despicable Me,2010,2010,Animation|Comedy|Crime|Family|Science Fiction,20352,movie,Ken Jeong,83586,2,,,Talk Show Host (voice),,,,,18,minor,,,
Despicable Me,2010,2010,Animation|Comedy|Crime|Family|Science Fiction,20352,movie,Charles Bright,1444032,0,,,Additional Voices (voice),,,,,19,minor,,,
Despicable Me,2010,2010,Animation|Comedy|Crime|Family|Science Fiction,20352,movie,Katie Leigh,194804,1,,,Additional Voices (voice),,,,,20,minor,,,
Wrath of Man,2021,2021,Thriller|Crime|Drama,637649,movie,Jason Statham,976,2,,,H,,,,,1,lead,,,
Wrath of Man,2021,2021,Thriller|Crime|Drama,637649,movie,Holt McCallany,7497,2,,,Bullet,,,,,2,lead,,,
Wrath of Man,2021,2021,Thriller|Crime|Drama,637649,movie,Rocci Williams,1629429,2,,,Hollow Bob,,,,,3,lead,,,
Wrath of Man,2021,2021,Thriller|Crime|Drama,637649,movie,Josh Hartnett,2299,2,,,Boy Sweat Dave,,,,,4,supporting,,,
Wrath of Man,2021,2021,Thriller|Crime|Drama,637649,movie,Jeffrey Donovan,52886,2,,,Jackson,,,,,5,supporting,,,
Wrath of Man,2021,2021,Thriller|Crime|Drama,637649,movie,Scott Eastwood,928572,2,,,Jan,,,,,6,supporting,,,
Wrath of Man,2021,2021,Thriller|Crime|Drama,637649,movie,Andy Garcia,1271,2,,,Agent King,,,,,7,supporting,,,
Wrath of Man,2021,2021,Thriller|Crime|Drama,637649,movie,Deobia Oparei,58758,2,,,Brad,,,,,8,supporting,,,
Wrath of Man,2021,2021,Thriller|Crime|Drama,637649,movie,Laz Alonso,10964,2,,,Carlos,,,,,9,supporting,,,
Wrath of Man,2021,2021,Thriller|Crime|Drama,637649,movie,Raúl Castillo,557579,2,,,Sam,,,,,10,supporting,,,
Wrath of Man,2021,2021,Thriller|Crime|Drama,637649,movie,Chris Reilly,1384499,2,,,Tom,,,,,11,minor,,,
Wrath of Man,2021,2021,Thriller|Crime|Drama,637649,movie,Eddie Marsan,1665,2,,,Terry,,,,,12,minor,,,
Wrath of Man,2021,2021,Thriller|Crime|Drama,637649,movie,Niamh Algar,1362813,1,,,Dana,,,,,13,minor,,,
Wrath of Man,2021,2021,Thriller|Crime|Drama,637649,movie,Tadhg Murphy,1256162,2,,,Shirley,,,,,14,minor,,,
Wrath of Man,2021,2021,Thriller|Crime|Drama,637649,movie,Alessandro Babalola,2766048,2,,,Stuart,,,,,15,minor,,,
Wrath of Man,2021,2021,Thriller|Crime|Drama,637649,movie,Mark Arnold,119893,2,,,Super,,,,,16,minor,,,
Wrath of Man,2021,2021,Thriller|Crime|Drama,637649,movie,Gerald Tyler,1919072,2,,,Armourer,,,,,17,minor,,,
Wrath of Man,2021,2021,Thriller|Crime|Drama,637649,movie,Alex Ferns,60416,2,,,John,,,,,18,minor,,,
Wrath of Man,2021,2021,Thriller|Crime|Drama,637649,movie,Josh Cowdery,1479957,2,,,FBI Agent Hubbard,,,,,19,minor,,,
Wrath of Man,2021,2021,Thriller|Crime|Drama,637649,movie,Jason Wong,1033691,2,,,FBI Agent Okey,,,,,20,minor,,,
Predator,1987,1987,Science Fiction|Action|Adventure|Thriller,106,movie,Arnold Schwarzenegger,1100,2,,,"Major Alan ""Dutch"" Schaefer",,,,,1,lead,,,
Predator,1987,1987,Science Fiction|Action|Adventure|Thriller,106,movie,Carl Weathers,1101,2,,,Al Dillon,,,,,2,lead,,,
Predator,1987,1987,Science Fiction|Action|Adventure|Thriller,106,movie,Kevin Peter Hall,1109,2,,,The Predator / Helicopter Pilot,,,,,3,lead,,,
Predator,1987,1987,Science Fiction|Action|Adventure|Thriller,106,movie,Elpidia Carrillo,1102,1,,,Anna Gonsalves,,,,,4,supporting,,,
Predator,1987,1987,Science Fiction|Action|Adventure|Thriller,106,movie,Bill Duke,1103,2,,,Mac Eliot,,,,,5,supporting,,,
Predator,1987,1987,Science Fiction|Action|Adventure|Thriller,106,movie,Jesse Ventura,1104,2,,,Blain Cooper,,,,,6,supporting,,,
Predator,1987,1987,Science Fiction|Action|Adventure|Thriller,106,movie,Sonny Landham,1105,2,,,Billy Sole,,,,,7,supporting,,,
Predator,1987,1987,Science Fiction|Action|Adventure|Thriller,106,movie,Richard Chaves,1106,2,,,"Jorge ""Poncho"" Ramirez",,,,,8,supporting,,,
Predator,1987,1987,Science Fiction|Action|Adventure|Thriller,106,movie,R.G. Armstrong,1107,2,,,Major General Homer Phillips,,,,,9,supporting,,,
Predator,1987,1987,Science Fiction|Action|Adventure|Thriller,106,movie,Shane Black,1108,2,,,Rick Hawkins,,,,,10,supporting,,,
Predator,1987,1987,Science Fiction|Action|Adventure|Thriller,106,movie,Peter Cullen,19540,2,,,Predator (voice) (uncredited),,,,,11,minor,,,
Predator,1987,1987,Science Fiction|Action|Adventure|Thriller,106,movie,Steve Boyum,72258,2,,,Hostage Executed by the Russian (uncredited),,,,,12,minor,,,
Predator,1987,1987,Science Fiction|Action|Adventure|Thriller,106,movie,William H. Burton Jr.,1412253,2,,,Guerilla Soldier Shot Down from Tree (uncredited),,,,,13,minor,,,
Predator,1987,1987,Science Fiction|Action|Adventure|Thriller,106,movie,Henry Kingi,24969,2,,,Guerilla Soldier Blown Up in Van (uncredited),,,,,14,minor,,,
Predator,1987,1987,Science Fiction|Action|Adventure|Thriller,106,movie,Sven-Ole Thorsen,20761,2,,,Russian Officer (uncredited),,,,,15,minor,,,
Predator,1987,1987,Science Fiction|Action|Adventure|Thriller,106,movie,Jack Verbois,176448,2,,,Guerilla Soldier Helicopter Pilot (uncredited),,,,,16,minor,,,
Predator,1987,1987,Science Fiction|Action|Adventure|Thriller,106,movie,Franco Columbu,35710,2,,,Medic (uncredited),,,,,17,minor,,,
Top Gun,1986,1986,Action|Drama|Romance,744,movie,Tom Cruise,500,2,,,Maverick,,,,,1,lead,,,
Top Gun,1986,1986,Action|Drama|Romance,744,movie,Kelly McGillis,11084,1,,,Charlie,,,,,2,lead,,,
Top Gun,1986,1986,Action|Drama|Romance,744,movie,Val Kilmer,5576,2,,,Ice,,,,,3,lead,,,
Top Gun,1986,1986,Action|Drama|Romance,744,movie,Anthony Edwards,11085,2,,,Goose,,,,,4,supporting,,,
Top Gun,1986,1986,Action|Drama|Romance,744,movie,Tom Skerritt,4139,2,,,Viper,,,,,5,supporting,,,
Top Gun,1986,1986,Action|Drama|Romance,744,movie,Michael Ironside,11086,2,,,Jester,,,,,6,supporting,,,
Top Gun,1986,1986,Action|Drama|Romance,744,movie,John Stockwell,57082,2,,,Cougar,,,,,7,supporting,,,
Top Gun,1986,1986,Action|Drama|Romance,744,movie,Barry Tubb,11088,2,,,Wolfman,,,,,8,supporting,,,
Top Gun,1986,1986,Action|Drama|Romance,744,movie,Rick Rossovich,2717,2,,,Slider,,,,,9,supporting,,,
Top Gun,1986,1986,Action|Drama|Romance,744,movie,Tim Robbins,504,2,,,Merlin,,,,,10,supporting,,,
Top Gun,1986,1986,Action|Drama|Romance,744,movie,Clarence Gilyard Jr.,51581,2,,,Sundown,,,,,11,minor,,,
Top Gun,1986,1986,Action|Drama|Romance,744,movie,Whip Hubley,11089,2,,,Hollywood,,,,,12,minor,,,
Top Gun,1986,1986,Action|Drama|Romance,744,movie,James Tolkan,1072,2,,,Stinger,,,,,13,minor,,,
Top Gun,1986,1986,Action|Drama|Romance,744,movie,Meg Ryan,5344,1,,,Carole,,,,,14,minor,,,
Top Gun,1986,1986,Action|Drama|Romance,744,movie,Adrian Pasdar,17304,2,,,Chipper,,,,,15,minor,,,
Top Gun,1986,1986,Action|Drama|Romance,744,movie,Randall Brady,1681008,2,,,Lt. Davis,,,,,16,minor,,,
Top Gun,1986,1986,Action|Drama|Romance,744,movie,Duke Stroud,44896,2,,,Air Boss Johnson,,,,,17,minor,,,
Top Gun,1986,1986,Action|Drama|Romance,744,movie,Brian Sheehan,1219833,2,,,Sprawl,,,,,18,minor,,,
Top Gun,1986,1986,Action|Drama|Romance,744,movie,Ron Clark,47845,2,,,Inquiry Commander,,,,,19,minor,,,
Top Gun,1986,1986,Action|Drama|Romance,744,movie,Frank Pesce,101615,2,,,Bartender,,,,,20,minor,,,
Pirates of the Caribbean: Dead Man's Chest,2006,2006,Adventure|Fantasy|Action,58,movie,Johnny Depp,85,2,,,Jack Sparrow,,,,,1,lead,,,
Pirates of the Caribbean: Dead Man's Chest,2006,2006,Adventure|Fantasy|Action,58,movie,Orlando Bloom,114,2,,,Will Turner,,,,,2,lead,,,
Pirates of the Caribbean: Dead Man's Chest,2006,2006,Adventure|Fantasy|Action,58,movie,Keira Knightley,116,1,,,Elizabeth Swann,,,,,3,lead,,,
Pirates of the Caribbean: Dead Man's Chest,2006,2006,Adventure|Fantasy|Action,58,movie,Jack Davenport,1709,2,,,Norrington,,,,,4,supporting,,,
Pirates of the Caribbean: Dead Man's Chest,2006,2006,Adventure|Fantasy|Action,58,movie,Bill Nighy,2440,2,,,Davy Jones,,,,,5,supporting,,,
Pirates of the Caribbean: Dead Man's Chest,2006,2006,Adventure|Fantasy|Action,58,movie,Jonathan Pryce,378,2,,,Governor Weatherby Swann,,,,,6,supporting,,,
Pirates of the Caribbean: Dead Man's Chest,2006,2006,Adventure|Fantasy|Action,58,movie,Lee Arenberg,1710,2,,,Pintel,,,,,7,supporting,,,
Pirates of the Caribbean: Dead Man's Chest,2006,2006,Adventure|Fantasy|Action,58,movie,Mackenzie Crook,1711,2,,,Ragetti,,,,,8,supporting,,,
Pirates of the Caribbean: Dead Man's Chest,2006,2006,Adventure|Fantasy|Action,58,movie,Kevin McNally,2449,2,,,Gibbs,,,,,9,supporting,,,
Pirates of the Caribbean: Dead Man's Chest,2006,2006,Adventure|Fantasy|Action,58,movie,David Bailie,1715,2,,,Cotton,,,,,10,supporting,,,
Pirates of the Caribbean: Dead Man's Chest,2006,2006,Adventure|Fantasy|Action,58,movie,Stellan Skarsgård,1640,2,,,Bootstrap Bill,,,,,11,minor,,,
Pirates of the Caribbean: Dead Man's Chest,2006,2006,Adventure|Fantasy|Action,58,movie,Tom Hollander,2441,2,,,Cutler Beckett,,,,,12,minor,,,
Pirates of the Caribbean: Dead Man's Chest,2006,2006,Adventure|Fantasy|Action,58,movie,Naomie Harris,2038,1,,,Tia Dalma,,,,,13,minor,,,
Pirates of the Caribbean: Dead Man's Chest,2006,2006,Adventure|Fantasy|Action,58,movie,Martin Klebba,4030,2,,,Marty,,,,,14,minor,,,
Pirates of the Caribbean: Dead Man's Chest,2006,2006,Adventure|Fantasy|Action,58,movie,David Schofield,939,2,,,Mercer,,,,,15,minor,,,
Pirates of the Caribbean: Dead Man's Chest,2006,2006,Adventure|Fantasy|Action,58,movie,Alex Norton,2451,2,,,Captain Bellamy,,,,,16,minor,,,
Pirates of the Caribbean: Dead Man's Chest,2006,2006,Adventure|Fantasy|Action,58,movie,Lauren Maher,2450,1,,,Scarlett,,,,,17,minor,,,
Pirates of the Caribbean: Dead Man's Chest,2006,2006,Adventure|Fantasy|Action,58,movie,Nej Adamson,1227685,2,,,Short Sailor,,,,,18,minor,,,
Pirates of the Caribbean: Dead Man's Chest,2006,2006,Adventure|Fantasy|Action,58,movie,Jimmy Roussounis,1380903,2,,,Large Sailor,,,,,19,minor,,,
Pirates of the Caribbean: Dead Man's Chest,2006,2006,Adventure|Fantasy|Action,58,movie,Moray Treadwell,1791599,2,,,Sunburned Sailor,,,,,20,minor,,,
The House on Haunted Grounds,2026,2026,Horror,1610418,movie,Logan Wallace,3270848,1,,,Amy,,,,,1,lead,,,
The House on Haunted Grounds,2026,2026,Horror,1610418,movie,Andrew Thomas,4341284,2,,,Tony,,,,,2,lead,,,
The House on Haunted Grounds,2026,2026,Horror,1610418,movie,Stuart Maxheimer,3206199,2,,,Bradley,,,,,3,lead,,,
The House on Haunted Grounds,2026,2026,Horror,1610418,movie,Cashmere Moniqué,5320568,1,,,Kate,,,,,4,supporting,,,
The House on Haunted Grounds,2026,2026,Horror,1610418,movie,Dylan DeVane,3206202,2,,,Dylan,,,,,5,supporting,,,
The House on Haunted Grounds,2026,2026,Horror,1610418,movie,Brent Downs,3206201,0,,,Cop 1,,,,,6,supporting,,,
The House on Haunted Grounds,2026,2026,Horror,1610418,movie,Austin J. Rhodes,4144829,2,,,Cop 2,,,,,7,supporting,,,
The House on Haunted Grounds,2026,2026,Horror,1610418,movie,Kellan Rudnicki,2932735,2,,,Moe,,,,,8,supporting,,,
The House on Haunted Grounds,2026,2026,Horror,1610418,movie,Shaelyn Clark,5947764,0,,,Hostage Ghost,,,,,9,supporting,,,
The House on Haunted Grounds,2026,2026,Horror,1610418,movie,Emily Thorton,5947766,0,,,Barrel Ghost,,,,,10,supporting,,,
The House on Haunted Grounds,2026,2026,Horror,1610418,movie,Kristi Tavolacci,5855140,0,,,Torture Victim,,,,,11,minor,,,
The House on Haunted Grounds,2026,2026,Horror,1610418,movie,Jordan Patterson,5947770,0,,,Ghost 3,,,,,12,minor,,,
The Hobbit: The Battle of the Five Armies,2014,2014,Action|Adventure|Fantasy,122917,movie,Ian McKellen,1327,2,,,Gandalf the Grey,,,,,1,lead,,,
The Hobbit: The Battle of the Five Armies,2014,2014,Action|Adventure|Fantasy,122917,movie,Martin Freeman,7060,2,,,Bilbo Baggins,,,,,2,lead,,,
The Hobbit: The Battle of the Five Armies,2014,2014,Action|Adventure|Fantasy,122917,movie,Richard Armitage,30315,2,,,Thorin Oakenshield,,,,,3,lead,,,
The Hobbit: The Battle of the Five Armies,2014,2014,Action|Adventure|Fantasy,122917,movie,Orlando Bloom,114,2,,,Legolas,,,,,4,supporting,,,
The Hobbit: The Battle of the Five Armies,2014,2014,Action|Adventure|Fantasy,122917,movie,Evangeline Lilly,19034,1,,,Tauriel,,,,,5,supporting,,,
The Hobbit: The Battle of the Five Armies,2014,2014,Action|Adventure|Fantasy,122917,movie,Luke Evans,114019,2,,,Bard,,,,,6,supporting,,,
The Hobbit: The Battle of the Five Armies,2014,2014,Action|Adventure|Fantasy,122917,movie,Lee Pace,72095,2,,,King Thranduil,,,,,7,supporting,,,
The Hobbit: The Battle of the Five Armies,2014,2014,Action|Adventure|Fantasy,122917,movie,Benedict Cumberbatch,71580,2,,,Smaug / Sauron (voice),,,,,8,supporting,,,
The Hobbit: The Battle of the Five Armies,2014,2014,Action|Adventure|Fantasy,122917,movie,Ken Stott,25136,2,,,Balin,,,,,9,supporting,,,
The Hobbit: The Battle of the Five Armies,2014,2014,Action|Adventure|Fantasy,122917,movie,Aidan Turner,207558,2,,,Kili,,,,,10,supporting,,,
The Hobbit: The Battle of the Five Armies,2014,2014,Action|Adventure|Fantasy,122917,movie,Dean O'Gorman,152566,2,,,Fili,,,,,11,minor,,,
The Hobbit: The Battle of the Five Armies,2014,2014,Action|Adventure|Fantasy,122917,movie,Billy Connolly,9188,2,,,Dain Ironfoot,,,,,12,minor,,,
The Hobbit: The Battle of the Five Armies,2014,2014,Action|Adventure|Fantasy,122917,movie,Graham McTavish,95047,2,,,Dwalin,,,,,13,minor,,,
The Hobbit: The Battle of the Five Armies,2014,2014,Action|Adventure|Fantasy,122917,movie,James Nesbitt,34715,2,,,Bofur,,,,,14,minor,,,
The Hobbit: The Battle of the Five Armies,2014,2014,Action|Adventure|Fantasy,122917,movie,Stephen Fry,11275,2,,,Master of Laketown,,,,,15,minor,,,
The Hobbit: The Battle of the Five Armies,2014,2014,Action|Adventure|Fantasy,122917,movie,Ryan Gage,60349,2,,,Alfrid,,,,,16,minor,,,
The Hobbit: The Battle of the Five Armies,2014,2014,Action|Adventure|Fantasy,122917,movie,Cate Blanchett,112,1,,,Galadriel,,,,,17,minor,,,
The Hobbit: The Battle of the Five Armies,2014,2014,Action|Adventure|Fantasy,122917,movie,Ian Holm,65,2,,,Old Bilbo Baggins,,,,,18,minor,,,
The Hobbit: The Battle of the Five Armies,2014,2014,Action|Adventure|Fantasy,122917,movie,Christopher Lee,113,2,,,Saruman the White,,,,,19,minor,,,
The Hobbit: The Battle of the Five Armies,2014,2014,Action|Adventure|Fantasy,122917,movie,Hugo Weaving,1331,2,,,Elrond,,,,,20,minor,,,
A Perfect Ending,2012,2012,Drama|Romance,107257,movie,Barbara Niven,104646,1,,,Rebecca Westridge,,,,,1,lead,,,
A Perfect Ending,2012,2012,Drama|Romance,107257,movie,Jessica Clark,138690,1,,,Paris,,,,,2,lead,,,
A Perfect Ending,2012,2012,Drama|Romance,107257,movie,John Heard,11512,2,,,Mason Westridge,,,,,3,lead,,,
A Perfect Ending,2012,2012,Drama|Romance,107257,movie,Morgan Fairchild,14990,1,,,Valentina,,,,,4,supporting,,,
A Perfect Ending,2012,2012,Drama|Romance,107257,movie,Kerry Knuppe,1180941,1,,,Jessica Westridge,,,,,5,supporting,,,
A Perfect Ending,2012,2012,Drama|Romance,107257,movie,Imelda Corcoran,212050,1,,,Kelly,,,,,6,supporting,,,
A Perfect Ending,2012,2012,Drama|Romance,107257,movie,Mary Jane Wells,1510827,0,,,Shirin,,,,,7,supporting,,,
A Perfect Ending,2012,2012,Drama|Romance,107257,movie,Rebecca Staab,88168,1,,,Sylvie,,,,,8,supporting,,,
A Perfect Ending,2012,2012,Drama|Romance,107257,movie,Michael Adam Hamilton,928695,2,,,Aaron Westridge,,,,,9,supporting,,,
A Perfect Ending,2012,2012,Drama|Romance,107257,movie,Bryan Mordechai Jackson,1510829,0,,,Hank Westridge,,,,,10,supporting,,,
A Perfect Ending,2012,2012,Drama|Romance,107257,movie,Gloria Gifford,92587,1,,,Sharon,,,,,11,minor,,,
A Perfect Ending,2012,2012,Drama|Romance,107257,movie,Marc Crumpton,1510830,2,,,Jared,,,,,12,minor,,,
A Perfect Ending,2012,2012,Drama|Romance,107257,movie,Lauryn Nicole Hamilton,1510832,1,,,Janice,,,,,13,minor,,,
A Perfect Ending,2012,2012,Drama|Romance,107257,movie,Cathy DeBuono,120976,1,,,Dawn,,,,,14,minor,,,
A Perfect Ending,2012,2012,Drama|Romance,107257,movie,Lee Anne Matusek,1510834,0,,,Megan,,,,,15,minor,,,
A Perfect Ending,2012,2012,Drama|Romance,107257,movie,Erika Schiff,4446345,0,,,Ella,,,,,16,minor,,,
A Perfect Ending,2012,2012,Drama|Romance,107257,movie,Gary Weeks,168875,2,,,Dr. Weiller,,,,,17,minor,,,
A Perfect Ending,2012,2012,Drama|Romance,107257,movie,Steve Tyler,207671,2,,,Business John,,,,,18,minor,,,
A Perfect Ending,2012,2012,Drama|Romance,107257,movie,Todd Gilliam,4446359,0,,,S&M John,,,,,19,minor,,,
A Perfect Ending,2012,2012,Drama|Romance,107257,movie,Terrence Beasor,159327,2,,,Older John,,,,,20,minor,,,
Coco,2017,2017,Family|Animation|Music|Adventure,354912,movie,Anthony Gonzalez,1193391,2,,,Miguel Rivera (voice),,,,,1,lead,,,
Coco,2017,2017,Family|Animation|Music|Adventure,354912,movie,Gael García Bernal,258,2,,,Héctor (voice),,,,,2,lead,,,
Coco,2017,2017,Family|Animation|Music|Adventure,354912,movie,Benjamin Bratt,4589,2,,,Ernesto de la Cruz (voice),,,,,3,lead,,,
Coco,2017,2017,Family|Animation|Music|Adventure,354912,movie,Alanna Ubach,10402,1,,,Mamá Imelda (voice),,,,,4,supporting,,,
Coco,2017,2017,Family|Animation|Music|Adventure,354912,movie,Renée Victor,154004,1,,,Abuelita (voice),,,,,5,supporting,,,
Coco,2017,2017,Family|Animation|Music|Adventure,354912,movie,Jaime Camil,545087,2,,,Papá (voice),,,,,6,supporting,,,
Coco,2017,2017,Family|Animation|Music|Adventure,354912,movie,Alfonso Arau,22767,2,,,Papá Julio (voice),,,,,7,supporting,,,
Coco,2017,2017,Family|Animation|Music|Adventure,354912,movie,Herbert Siguenza,178667,2,,,Tío Oscar / Tío Felipe (voice),,,,,8,supporting,,,
Coco,2017,2017,Family|Animation|Music|Adventure,354912,movie,Gabriel Iglesias,86498,2,,,Clerk (voice),,,,,9,supporting,,,
Coco,2017,2017,Family|Animation|Music|Adventure,354912,movie,Lombardo Boyar,4992,2,,,Plaza Mariachi / Gustavo (voice),,,,,10,supporting,,,
Coco,2017,2017,Family|Animation|Music|Adventure,354912,movie,Ana Ofelia Murguía,1043869,1,,,Mamá Coco (voice),,,,,11,minor,,,
Coco,2017,2017,Family|Animation|Music|Adventure,354912,movie,Natalia Cordova-Buckley,1693947,1,,,Frida Kahlo (voice),,,,,12,minor,,,
Coco,2017,2017,Family|Animation|Music|Adventure,354912,movie,Sofía Espinosa,1007527,1,,,Mamá (voice),,,,,13,minor,,,
Coco,2017,2017,Family|Animation|Music|Adventure,354912,movie,Selene Luna,48161,1,,,Tía Rosita (voice),,,,,14,minor,,,
Coco,2017,2017,Family|Animation|Music|Adventure,354912,movie,Edward James Olmos,587,2,,,Chicharrón (voice),,,,,15,minor,,,
Coco,2017,2017,Family|Animation|Music|Adventure,354912,movie,Carla Medina,1938082,1,,,Departures Agent / Additional Voices (voice),,,,,16,minor,,,
Coco,2017,2017,Family|Animation|Music|Adventure,354912,movie,Dyana Ortelli,104382,1,,,Tía Victoria / Additional Voices (voice),,,,,17,minor,,,
Coco,2017,2017,Family|Animation|Music|Adventure,354912,movie,Luis Valdez,82219,2,,,Tío Berto / Don Hidalgo (voice),,,,,18,minor,,,
Coco,2017,2017,Family|Animation|Music|Adventure,354912,movie,Blanca Araceli,1830409,1,,,Emcee (voice),,,,,19,minor,,,
Coco,2017,2017,Family|Animation|Music|Adventure,354912,movie,Salvador Reyes,1496949,2,,,Security Guard (voice),,,,,20,minor,,,
Venom: The Last Dance,2024,2024,Science Fiction|Action|Adventure,912649,movie,Tom Hardy,2524,2,,,Eddie Brock / Venom,,,,,1,lead,,,
Venom: The Last Dance,2024,2024,Science Fiction|Action|Adventure,912649,movie,Chiwetel Ejiofor,5294,2,,,Strickland,,,,,2,lead,,,
Venom: The Last Dance,2024,2024,Science Fiction|Action|Adventure,912649,movie,Juno Temple,36594,1,,,Dr. Teddy Paine,,,,,3,lead,,,
Venom: The Last Dance,2024,2024,Science Fiction|Action|Adventure,912649,movie,Rhys Ifans,7026,2,,,Martin,,,,,4,supporting,,,
Venom: The Last Dance,2024,2024,Science Fiction|Action|Adventure,912649,movie,Stephen Graham,1115,2,,,Detective Mulligan,,,,,5,supporting,,,
Venom: The Last Dance,2024,2024,Science Fiction|Action|Adventure,912649,movie,Peggy Lu,2141479,1,,,Mrs. Chen,,,,,6,supporting,,,
Venom: The Last Dance,2024,2024,Science Fiction|Action|Adventure,912649,movie,Clark Backo,1861573,1,,,Sadie,,,,,7,supporting,,,
Venom: The Last Dance,2024,2024,Science Fiction|Action|Adventure,912649,movie,Alanna Ubach,10402,1,,,Nova,,,,,8,supporting,,,
Venom: The Last Dance,2024,2024,Science Fiction|Action|Adventure,912649,movie,Cristo Fernández,2627590,2,,,Barman,,,,,9,supporting,,,
Venom: The Last Dance,2024,2024,Science Fiction|Action|Adventure,912649,movie,Jared Abrahamson,1011019,2,,,Captain Forrest,,,,,10,supporting,,,
Venom: The Last Dance,2024,2024,Science Fiction|Action|Adventure,912649,movie,Hala Finley,1368479,1,,,Echo,,,,,11,minor,,,
Venom: The Last Dance,2024,2024,Science Fiction|Action|Adventure,912649,movie,Dash McCloud,3106475,2,,,Leaf,,,,,12,minor,,,
Venom: The Last Dance,2024,2024,Science Fiction|Action|Adventure,912649,movie,Andy Serkis,1333,2,,,Knull (voice),,,,,13,minor,,,
Venom: The Last Dance,2024,2024,Science Fiction|Action|Adventure,912649,movie,Reid Scott,81316,2,,,Dr. Dan Lewis,,,,,14,minor,,,
Venom: The Last Dance,2024,2024,Science Fiction|Action|Adventure,912649,movie,Jack Brady,1688381,2,,,Jim - Security,,,,,15,minor,,,
Venom: The Last Dance,2024,2024,Science Fiction|Action|Adventure,912649,movie,Ivo Nandi,1346980,2,,,Javier,,,,,16,minor,,,
Venom: The Last Dance,2024,2024,Science Fiction|Action|Adventure,912649,movie,Jake Allyn,1491348,2,,,Las Vegas Security Guard,,,,,17,minor,,,
Venom: The Last Dance,2024,2024,Science Fiction|Action|Adventure,912649,movie,Otis Winston,1736538,2,,,Donald the Security Guard,,,,,18,minor,,,
Venom: The Last Dance,2024,2024,Science Fiction|Action|Adventure,912649,movie,Jacob Tomuri,215913,2,,,Tuxedo Guy,,,,,19,minor,,,
Venom: The Last Dance,2024,2024,Science Fiction|Action|Adventure,912649,movie,Brooke Carter,2750967,1,,,Young Paine,,,,,20,minor,,,
The Long Walk,2025,2025,Science Fiction|Thriller|Horror,604079,movie,Cooper Hoffman,2764542,2,,,Raymond Garraty #47,,,,,1,lead,,,
The Long Walk,2025,2025,Science Fiction|Thriller|Horror,604079,movie,David Jonsson,2761308,2,,,Peter McVries #23,,,,,2,lead,,,
The Long Walk,2025,2025,Science Fiction|Thriller|Horror,604079,movie,Ben Wang,3033265,2,,,Hank Olson #46,,,,,3,lead,,,
The Long Walk,2025,2025,Science Fiction|Thriller|Horror,604079,movie,Tut Nyuot,2362672,2,,,Arthur Baker #6,,,,,4,supporting,,,
The Long Walk,2025,2025,Science Fiction|Thriller|Horror,604079,movie,Charlie Plummer,1440574,2,,,Gary Barkovitch #5,,,,,5,supporting,,,
The Long Walk,2025,2025,Science Fiction|Thriller|Horror,604079,movie,Garrett Wareing,1446466,2,,,Stebbins #38,,,,,6,supporting,,,
The Long Walk,2025,2025,Science Fiction|Thriller|Horror,604079,movie,Jordan Gonzalez,3395594,2,,,Richard Harkness #49,,,,,7,supporting,,,
The Long Walk,2025,2025,Science Fiction|Thriller|Horror,604079,movie,Joshua Odjick,3238101,2,,,Collie Parker #48,,,,,8,supporting,,,
The Long Walk,2025,2025,Science Fiction|Thriller|Horror,604079,movie,Mark Hamill,2,2,,,The Major,,,,,9,supporting,,,
The Long Walk,2025,2025,Science Fiction|Thriller|Horror,604079,movie,Roman Griffin Davis,2054851,2,,,Curly #7,,,,,10,supporting,,,
The Long Walk,2025,2025,Science Fiction|Thriller|Horror,604079,movie,Judy Greer,20750,1,,,Mrs. Ginnie Garraty,,,,,11,minor,,,
The Long Walk,2025,2025,Science Fiction|Thriller|Horror,604079,movie,Josh Hamilton,52419,2,,,Mr. William Garraty,,,,,12,minor,,,
The Long Walk,2025,2025,Science Fiction|Thriller|Horror,604079,movie,Noah de Mel,4602237,2,,,Ewing #1,,,,,13,minor,,,
The Long Walk,2025,2025,Science Fiction|Thriller|Horror,604079,movie,Daymon Wrightly,5313193,2,,,Rank #19,,,,,14,minor,,,
The Long Walk,2025,2025,Science Fiction|Thriller|Horror,604079,movie,Jack Giffin,1882285,2,,,Ronald #45,,,,,15,minor,,,
The Long Walk,2025,2025,Science Fiction|Thriller|Horror,604079,movie,Thamela Mpumlwana,1467907,2,,,Pearson #8,,,,,16,minor,,,
The Long Walk,2025,2025,Science Fiction|Thriller|Horror,604079,movie,Keenan Lehmann,1356225,0,,,Larson #14,,,,,17,minor,,,
The Long Walk,2025,2025,Science Fiction|Thriller|Horror,604079,movie,Dale Neri,5691798,2,,,Percy Grimes #31,,,,,18,minor,,,
The Long Walk,2025,2025,Science Fiction|Thriller|Horror,604079,movie,Teagan Stark,4190380,2,,,Patrick Smith #4,,,,,19,minor,,,
The Long Walk,2025,2025,Science Fiction|Thriller|Horror,604079,movie,Samuel Clark,5687969,2,,,Tressler #24,,,,,20,minor,,,
The Watchers,2024,2024,Fantasy|Horror|Mystery,1086747,movie,Dakota Fanning,501,1,,,Mina / Lucy,,,,,1,lead,,,
The Watchers,2024,2024,Fantasy|Horror|Mystery,1086747,movie,Georgina Campbell,1335315,1,,,Ciara,,,,,2,lead,,,
The Watchers,2024,2024,Fantasy|Horror|Mystery,1086747,movie,Olwen Fouéré,933272,1,,,Madeline,,,,,3,lead,,,
The Watchers,2024,2024,Fantasy|Horror|Mystery,1086747,movie,Oliver Finnegan,2710312,2,,,Daniel,,,,,4,supporting,,,
The Watchers,2024,2024,Fantasy|Horror|Mystery,1086747,movie,Alistair Brammer,231666,2,,,John,,,,,5,supporting,,,
The Watchers,2024,2024,Fantasy|Horror|Mystery,1086747,movie,John Lynch,28743,2,,,Kilmartin,,,,,6,supporting,,,
The Watchers,2024,2024,Fantasy|Horror|Mystery,1086747,movie,Siobhan Hewlett,19997,1,,,Mina's Mother,,,,,7,supporting,,,
The Watchers,2024,2024,Fantasy|Horror|Mystery,1086747,movie,Hannah Dargan,4753648,1,,,Young Mina,,,,,8,supporting,,,
The Watchers,2024,2024,Fantasy|Horror|Mystery,1086747,movie,Emily Dargan,4753649,1,,,Young Lucy,,,,,9,supporting,,,
The Watchers,2024,2024,Fantasy|Horror|Mystery,1086747,movie,Joel Figueroa,4272046,2,,,Darwin (voice),,,,,10,supporting,,,
The Watchers,2024,2024,Fantasy|Horror|Mystery,1086747,movie,Thabile Michelle Hlongwane,4817253,1,,,Newscaster,,,,,11,minor,,,
The Watchers,2024,2024,Fantasy|Horror|Mystery,1086747,movie,Anthony Morris,1865000,2,,,Burke,,,,,12,minor,,,
The Watchers,2024,2024,Fantasy|Horror|Mystery,1086747,movie,Shane O'Regan,3291912,2,,,Collin,,,,,13,minor,,,
The Watchers,2024,2024,Fantasy|Horror|Mystery,1086747,movie,Jim Tighe,587778,2,,,Bus Driver,,,,,14,minor,,,
The Watchers,2024,2024,Fantasy|Horror|Mystery,1086747,movie,Zarima McDermott,4799823,1,,,University Student,,,,,15,minor,,,
The Watchers,2024,2024,Fantasy|Horror|Mystery,1086747,movie,Morgan Bailey-Rocks,4817260,2,,,Younger Boy,,,,,16,minor,,,
The Watchers,2024,2024,Fantasy|Horror|Mystery,1086747,movie,Christian Bailey-Rocks,4817261,2,,,Older Brother,,,,,17,minor,,,
The Watchers,2024,2024,Fantasy|Horror|Mystery,1086747,movie,Éabha Connolly,4799824,1,,,Little Girl,,,,,18,minor,,,
The Watchers,2024,2024,Fantasy|Horror|Mystery,1086747,movie,Hannah Howland,4329965,1,,,Chloe,,,,,19,minor,,,
The Watchers,2024,2024,Fantasy|Horror|Mystery,1086747,movie,Kya Brame,3863344,1,,,Georgia,,,,,20,minor,,,
WALL·E,2008,2008,Animation|Family|Science Fiction,10681,movie,Ben Burtt,670,2,,,WALL·E / M-O (voice),,,,,1,lead,,,
WALL·E,2008,2008,Animation|Family|Science Fiction,10681,movie,Elissa Knight,72754,1,,,EVE (voice),,,,,2,lead,,,
WALL·E,2008,2008,Animation|Family|Science Fiction,10681,movie,Jeff Garlin,60074,2,,,Captain (voice),,,,,3,lead,,,
WALL·E,2008,2008,Animation|Family|Science Fiction,10681,movie,Fred Willard,20753,2,,,"Shelby Forthright, BnL CEO",,,,,4,supporting,,,
WALL·E,2008,2008,Animation|Family|Science Fiction,10681,movie,John Ratzenberger,7907,2,,,John (voice),,,,,5,supporting,,,
WALL·E,2008,2008,Animation|Family|Science Fiction,10681,movie,Kathy Najimy,11074,1,,,Mary (voice),,,,,6,supporting,,,
WALL·E,2008,2008,Animation|Family|Science Fiction,10681,movie,Sigourney Weaver,10205,1,,,Ship's Computer (voice),,,,,7,supporting,,,
WALL·E,2008,2008,Animation|Family|Science Fiction,10681,movie,Lori Alan,24358,1,,,Additional Voices (voice),,,,,8,supporting,,,
WALL·E,2008,2008,Animation|Family|Science Fiction,10681,movie,Bob Bergen,78317,2,,,Additional Voices (voice),,,,,9,supporting,,,
WALL·E,2008,2008,Animation|Family|Science Fiction,10681,movie,John Cygan,167295,2,,,Additional Voices (voice),,,,,10,supporting,,,
WALL·E,2008,2008,Animation|Family|Science Fiction,10681,movie,Pete Docter,12890,2,,,Additional Voices (voice),,,,,11,minor,,,
WALL·E,2008,2008,Animation|Family|Science Fiction,10681,movie,Paul Eiding,86006,2,,,Additional Voices (voice),,,,,12,minor,,,
WALL·E,2008,2008,Animation|Family|Science Fiction,10681,movie,Donald Fullilove,84494,2,,,Additional Voices (voice),,,,,13,minor,,,
WALL·E,2008,2008,Animation|Family|Science Fiction,10681,movie,Teresa Ganzel,117081,1,,,Additional Voices (voice),,,,,14,minor,,,
WALL·E,2008,2008,Animation|Family|Science Fiction,10681,movie,Jess Harnell,84495,2,,,Additional Voices (voice),,,,,15,minor,,,
WALL·E,2008,2008,Animation|Family|Science Fiction,10681,movie,Sherry Lynn,214701,1,,,Additional Voices (voice),,,,,16,minor,,,
WALL·E,2008,2008,Animation|Family|Science Fiction,10681,movie,Mickie McGowan,84493,1,,,Additional Voices (voice),,,,,17,minor,,,
WALL·E,2008,2008,Animation|Family|Science Fiction,10681,movie,Laraine Newman,35159,1,,,Additional Voices (voice),,,,,18,minor,,,
WALL·E,2008,2008,Animation|Family|Science Fiction,10681,movie,Teddy Newton,59357,2,,,Additional Voices (voice),,,,,19,minor,,,
WALL·E,2008,2008,Animation|Family|Science Fiction,10681,movie,Jeff Pidgeon,7882,2,,,Additional Voices (voice),,,,,20,minor,,,
Road House,2024,2024,Action|Thriller|Drama,359410,movie,Jake Gyllenhaal,131,2,,,Dalton,,,,,1,lead,,,
Road House,2024,2024,Action|Thriller|Drama,359410,movie,Conor McGregor,1199115,2,,,Knox,,,,,2,lead,,,
Road House,2024,2024,Action|Thriller|Drama,359410,movie,Billy Magnussen,141034,2,,,Ben Brandt,,,,,3,lead,,,
Road House,2024,2024,Action|Thriller|Drama,359410,movie,Travis Van Winkle,74290,2,,,Dex,,,,,4,supporting,,,
Road House,2024,2024,Action|Thriller|Drama,359410,movie,Darren Barnet,2000335,2,,,Sam,,,,,5,supporting,,,
Road House,2024,2024,Action|Thriller|Drama,359410,movie,Daniela Melchior,1784612,1,,,Ellie,,,,,6,supporting,,,
Road House,2024,2024,Action|Thriller|Drama,359410,movie,Jessica Williams,1394648,1,,,Frankie,,,,,7,supporting,,,
Road House,2024,2024,Action|Thriller|Drama,359410,movie,Joaquim de Almeida,22462,2,,,Sheriff,,,,,8,supporting,,,
Road House,2024,2024,Action|Thriller|Drama,359410,movie,Hannah Love Lanier,3647727,1,,,Charlie,,,,,9,supporting,,,
Road House,2024,2024,Action|Thriller|Drama,359410,movie,J. D. Pardo,81391,2,,,Dell,,,,,10,supporting,,,
Road House,2024,2024,Action|Thriller|Drama,359410,movie,Arturo Castro,1457999,2,,,Moe,,,,,11,minor,,,
Road House,2024,2024,Action|Thriller|Drama,359410,movie,B.K. Cannon,1437461,1,,,Laura,,,,,12,minor,,,
Road House,2024,2024,Action|Thriller|Drama,359410,movie,Post Malone,1821863,2,,,Carter,,,,,13,minor,,,
Road House,2024,2024,Action|Thriller|Drama,359410,movie,Lukas Gage,1371509,2,,,Billy,,,,,14,minor,,,
Road House,2024,2024,Action|Thriller|Drama,359410,movie,Dominique Columbus,1650612,0,,,Reef,,,,,15,minor,,,
Road House,2024,2024,Action|Thriller|Drama,359410,movie,Beau Knapp,1078613,2,,,Vince,,,,,16,minor,,,
Road House,2024,2024,Action|Thriller|Drama,359410,movie,Kevin Carroll,6950,2,,,Stephen,,,,,17,minor,,,
Road House,2024,2024,Action|Thriller|Drama,359410,movie,Bob Menery,3647730,2,,,Jack,,,,,18,minor,,,
Road House,2024,2024,Action|Thriller|Drama,359410,movie,Cesar Báez,4607920,0,,,Sheriff's Deputy,,,,,19,minor,,,
Road House,2024,2024,Action|Thriller|Drama,359410,movie,Franklin Romero Jr.,4607921,0,,,Sheriff's Deputy,,,,,20,minor,,,
Oscar Shaw,2026,2026,Action|Crime|Thriller|Western,1601243,movie,Michael Jai White,64856,2,,,Oscar Shaw,,,,,1,lead,,,
Oscar Shaw,2026,2026,Action|Crime|Thriller|Western,1601243,movie,Tyrese Gibson,8169,2,,,Ray Jay,,,,,2,lead,,,
Oscar Shaw,2026,2026,Action|Crime|Thriller|Western,1601243,movie,Isaiah Washington,21353,2,,,Ernie,,,,,3,lead,,,
Oscar Shaw,2026,2026,Action|Crime|Thriller|Western,1601243,movie,Andrew C. English Jr.,4316762,0,,,Tron,,,,,4,supporting,,,
Oscar Shaw,2026,2026,Action|Crime|Thriller|Western,1601243,movie,Cecile Cubiló,1264690,1,,,Detective Nina Perez,,,,,5,supporting,,,
Oscar Shaw,2026,2026,Action|Crime|Thriller|Western,1601243,movie,Jeanette Josue,4049290,0,,,Vanessa Shaw,,,,,6,supporting,,,
Oscar Shaw,2026,2026,Action|Crime|Thriller|Western,1601243,movie,Hiro Ortiz,4363797,0,,,Soo Kwon,,,,,7,supporting,,,
Oscar Shaw,2026,2026,Action|Crime|Thriller|Western,1601243,movie,James Choi,1502543,0,,,Jintao kwon,,,,,8,supporting,,,
Oscar Shaw,2026,2026,Action|Crime|Thriller|Western,1601243,movie,Rich Paul,2884173,2,,,Chuck Ross,,,,,9,supporting,,,
Oscar Shaw,2026,2026,Action|Crime|Thriller|Western,1601243,movie,Vince Jolivette,622844,2,,,Commander Archer,,,,,10,supporting,,,
Oscar Shaw,2026,2026,Action|Crime|Thriller|Western,1601243,movie,Jabari Striblin,4713924,0,,,Andre,,,,,11,minor,,,
Oscar Shaw,2026,2026,Action|Crime|Thriller|Western,1601243,movie,Kayo Terrell,5926324,0,,,Slay,,,,,12,minor,,,
Oscar Shaw,2026,2026,Action|Crime|Thriller|Western,1601243,movie,Jesús Carús,5926325,0,,,Cesar,,,,,13,minor,,,
Oscar Shaw,2026,2026,Action|Crime|Thriller|Western,1601243,movie,Irvin Hodrick Jr.,4893326,0,,,Whack,,,,,14,minor,,,
Oscar Shaw,2026,2026,Action|Crime|Thriller|Western,1601243,movie,Isaac Francois,5023993,0,,,Brash,,,,,15,minor,,,
Oscar Shaw,2026,2026,Action|Crime|Thriller|Western,1601243,movie,J. Wells Jr.,5926326,0,,,Damon Williams,,,,,16,minor,,,
Oscar Shaw,2026,2026,Action|Crime|Thriller|Western,1601243,movie,Katie Kinman,4370886,1,,,Junkie Woman,,,,,17,minor,,,
Oscar Shaw,2026,2026,Action|Crime|Thriller|Western,1601243,movie,Esaii Cole,5928995,0,,,Ghost,,,,,18,minor,,,
Oscar Shaw,2026,2026,Action|Crime|Thriller|Western,1601243,movie,Melissa Cox,5294017,0,,,Reporter 'Mother',,,,,19,minor,,,
Oscar Shaw,2026,2026,Action|Crime|Thriller|Western,1601243,movie,David Garrett,5929011,0,,,Pastor Hobson,,,,,20,minor,,,
Fifty Shades Freed,2018,2018,Drama|Romance,337167,movie,Dakota Johnson,118545,1,,,Anastasia Steele,,,,,1,lead,,,
Fifty Shades Freed,2018,2018,Drama|Romance,337167,movie,Jamie Dornan,1254583,2,,,Christian Grey,,,,,2,lead,,,
Fifty Shades Freed,2018,2018,Drama|Romance,337167,movie,Eric Johnson,33337,2,,,Jack Hyde,,,,,3,lead,,,
Fifty Shades Freed,2018,2018,Drama|Romance,337167,movie,Eloise Mumford,222130,1,,,Kate Kavanagh,,,,,4,supporting,,,
Fifty Shades Freed,2018,2018,Drama|Romance,337167,movie,Rita Ora,1089873,1,,,Mia Grey,,,,,5,supporting,,,
Fifty Shades Freed,2018,2018,Drama|Romance,337167,movie,Luke Grimes,56680,2,,,Elliot Grey,,,,,6,supporting,,,
Fifty Shades Freed,2018,2018,Drama|Romance,337167,movie,Victor Rasuk,59251,2,,,José,,,,,7,supporting,,,
Fifty Shades Freed,2018,2018,Drama|Romance,337167,movie,Max Martini,94864,2,,,Taylor,,,,,8,supporting,,,
Fifty Shades Freed,2018,2018,Drama|Romance,337167,movie,Jennifer Ehle,49971,1,,,Carla,,,,,9,supporting,,,
Fifty Shades Freed,2018,2018,Drama|Romance,337167,movie,Kim Basinger,326,1,,,Elena Lincoln,,,,,10,supporting,,,
Fifty Shades Freed,2018,2018,Drama|Romance,337167,movie,Marcia Gay Harden,4726,1,,,Grace Grey,,,,,11,minor,,,
Fifty Shades Freed,2018,2018,Drama|Romance,337167,movie,Bruce Altman,27545,2,,,Jerry Roach,,,,,12,minor,,,
Fifty Shades Freed,2018,2018,Drama|Romance,337167,movie,Arielle Kebbel,20373,1,,,Gia Matteo,,,,,13,minor,,,
Fifty Shades Freed,2018,2018,Drama|Romance,337167,movie,Callum Keith Rennie,540,2,,,Ray,,,,,14,minor,,,
Fifty Shades Freed,2018,2018,Drama|Romance,337167,movie,Robinne Lee,55258,1,,,Ros Bailey,,,,,15,minor,,,
Fifty Shades Freed,2018,2018,Drama|Romance,337167,movie,Brant Daugherty,1211093,2,,,Sawyer,,,,,16,minor,,,
Fifty Shades Freed,2018,2018,Drama|Romance,337167,movie,Andrew Airlie,41436,2,,,Carrick Grey,,,,,17,minor,,,
Fifty Shades Freed,2018,2018,Drama|Romance,337167,movie,Amy Price-Francis,78861,1,,,Liz,,,,,18,minor,,,
Fifty Shades Freed,2018,2018,Drama|Romance,337167,movie,Fay Masterson,65409,1,,,Mrs. Jones,,,,,19,minor,,,
Fifty Shades Freed,2018,2018,Drama|Romance,337167,movie,Ashleigh LaThrop,1611582,1,,,Hannah,,,,,20,minor,,,
Fast X,2023,2023,Action|Crime|Thriller,385687,movie,Vin Diesel,12835,2,,,Dominic Toretto,,,,,1,lead,,,
Fast X,2023,2023,Action|Crime|Thriller,385687,movie,Michelle Rodriguez,17647,1,,,Letty,,,,,2,lead,,,
Fast X,2023,2023,Action|Crime|Thriller,385687,movie,Tyrese Gibson,8169,2,,,Roman,,,,,3,lead,,,
Fast X,2023,2023,Action|Crime|Thriller,385687,movie,Ludacris,8171,2,,,Tej,,,,,4,supporting,,,
Fast X,2023,2023,Action|Crime|Thriller,385687,movie,John Cena,56446,2,,,Jakob,,,,,5,supporting,,,
Fast X,2023,2023,Action|Crime|Thriller,385687,movie,Nathalie Emmanuel,1251069,1,,,Ramsey,,,,,6,supporting,,,
Fast X,2023,2023,Action|Crime|Thriller,385687,movie,Jordana Brewster,22123,1,,,Mia,,,,,7,supporting,,,
Fast X,2023,2023,Action|Crime|Thriller,385687,movie,Sung Kang,61697,2,,,Han,,,,,8,supporting,,,
Fast X,2023,2023,Action|Crime|Thriller,385687,movie,Jason Momoa,117642,2,,,Dante,,,,,9,supporting,,,
Fast X,2023,2023,Action|Crime|Thriller,385687,movie,Scott Eastwood,928572,2,,,Little Nobody,,,,,10,supporting,,,
Fast X,2023,2023,Action|Crime|Thriller,385687,movie,Daniela Melchior,1784612,1,,,Isabel,,,,,11,minor,,,
Fast X,2023,2023,Action|Crime|Thriller,385687,movie,Alan Ritchson,64295,2,,,Aimes,,,,,12,minor,,,
Fast X,2023,2023,Action|Crime|Thriller,385687,movie,Helen Mirren,15735,1,,,Queenie,,,,,13,minor,,,
Fast X,2023,2023,Action|Crime|Thriller,385687,movie,Brie Larson,60073,1,,,Tess,,,,,14,minor,,,
Fast X,2023,2023,Action|Crime|Thriller,385687,movie,Jason Statham,976,2,,,Shaw,,,,,15,minor,,,
Fast X,2023,2023,Action|Crime|Thriller,385687,movie,Charlize Theron,6885,1,,,Cipher,,,,,16,minor,,,
Fast X,2023,2023,Action|Crime|Thriller,385687,movie,Rita Moreno,13299,1,,,Abuelita,,,,,17,minor,,,
Fast X,2023,2023,Action|Crime|Thriller,385687,movie,Joaquim de Almeida,22462,2,,,Hernan Reyes,,,,,18,minor,,,
Fast X,2023,2023,Action|Crime|Thriller,385687,movie,Leo Abelo Perry,2984075,2,,,Little Brian,,,,,19,minor,,,
Fast X,2023,2023,Action|Crime|Thriller,385687,movie,"Luis Da Silva, Jr.",37149,2,,,Diogo,,,,,20,minor,,,
Toy Story 5,2026,2026,Animation|Family|Comedy|Adventure,1084244,movie,Tom Hanks,31,2,,,Woody (voice),,,,,1,lead,,,
Toy Story 5,2026,2026,Animation|Family|Comedy|Adventure,1084244,movie,Tim Allen,12898,2,,,Buzz Lightyear (voice),,,,,2,lead,,,
Toy Story 5,2026,2026,Animation|Family|Comedy|Adventure,1084244,movie,Joan Cusack,3234,1,,,Jessie (voice),,,,,3,lead,,,
Toy Story 5,2026,2026,Animation|Family|Comedy|Adventure,1084244,movie,Greta Lee,1260481,1,,,Lilypad (voice),,,,,4,supporting,,,
Toy Story 5,2026,2026,Animation|Family|Comedy|Adventure,1084244,movie,Conan O'Brien,81200,2,,,Smarty Pants (voice),,,,,5,supporting,,,
Toy Story 5,2026,2026,Animation|Family|Comedy|Adventure,1084244,movie,Craig Robinson,64342,2,,,Atlas (voice),,,,,6,supporting,,,
Toy Story 5,2026,2026,Animation|Family|Comedy|Adventure,1084244,movie,Shelby Rabara,206869,1,,,Snappy (voice),,,,,7,supporting,,,
Toy Story 5,2026,2026,Animation|Family|Comedy|Adventure,1084244,movie,Tony Hale,25147,2,,,Forky (voice),,,,,8,supporting,,,
Toy Story 5,2026,2026,Animation|Family|Comedy|Adventure,1084244,movie,Scarlett Spears,5374940,1,,,Bonnie (voice),,,,,9,supporting,,,
Toy Story 5,2026,2026,Animation|Family|Comedy|Adventure,1084244,movie,Jay Hernandez,19487,2,,,Bonnie’s Dad (voice),,,,,10,supporting,,,
Toy Story 5,2026,2026,Animation|Family|Comedy|Adventure,1084244,movie,Lori Alan,24358,1,,,Bonnie's Mom (voice),,,,,11,minor,,,
Toy Story 5,2026,2026,Animation|Family|Comedy|Adventure,1084244,movie,Bonnie Hunt,5149,1,,,Dolly (voice),,,,,12,minor,,,
Toy Story 5,2026,2026,Animation|Family|Comedy|Adventure,1084244,movie,Kristen Schaal,109869,1,,,Trixie (voice),,,,,13,minor,,,
Toy Story 5,2026,2026,Animation|Family|Comedy|Adventure,1084244,movie,Wallace Shawn,12900,2,,,Rex (voice),,,,,14,minor,,,
Toy Story 5,2026,2026,Animation|Family|Comedy|Adventure,1084244,movie,John Ratzenberger,7907,2,,,Hamm (voice),,,,,15,minor,,,
Toy Story 5,2026,2026,Animation|Family|Comedy|Adventure,1084244,movie,Blake Clark,21485,2,,,Slinky Dog (voice),,,,,16,minor,,,
Toy Story 5,2026,2026,Animation|Family|Comedy|Adventure,1084244,movie,Jeff Bergman,179896,2,,,Mr. Potato Head (voice),,,,,17,minor,,,
Toy Story 5,2026,2026,Animation|Family|Comedy|Adventure,1084244,movie,Anna Vocino,216965,1,,,Mrs. Potato Head (voice),,,,,18,minor,,,
Toy Story 5,2026,2026,Animation|Family|Comedy|Adventure,1084244,movie,Annie Potts,8873,1,,,Bo Peep (voice),,,,,19,minor,,,
Toy Story 5,2026,2026,Animation|Family|Comedy|Adventure,1084244,movie,Mykal-Michelle Harris,1881140,1,,,Blaze (voice),,,,,20,minor,,,
The Equalizer,2014,2014,Thriller|Action|Crime,156022,movie,Denzel Washington,5292,2,,,Robert McCall,,,,,1,lead,,,
The Equalizer,2014,2014,Thriller|Action|Crime,156022,movie,Marton Csokas,20982,2,,,Teddy,,,,,2,lead,,,
The Equalizer,2014,2014,Thriller|Action|Crime,156022,movie,Chloë Grace Moretz,56734,1,,,Teri,,,,,3,lead,,,
The Equalizer,2014,2014,Thriller|Action|Crime,156022,movie,David Harbour,35029,2,,,Masters,,,,,4,supporting,,,
The Equalizer,2014,2014,Thriller|Action|Crime,156022,movie,Haley Bennett,58754,1,,,Mandy,,,,,5,supporting,,,
The Equalizer,2014,2014,Thriller|Action|Crime,156022,movie,Bill Pullman,8984,2,,,Brian Plummer,,,,,6,supporting,,,
The Equalizer,2014,2014,Thriller|Action|Crime,156022,movie,Melissa Leo,6832,1,,,Susan Plummer,,,,,7,supporting,,,
The Equalizer,2014,2014,Thriller|Action|Crime,156022,movie,David Meunier,1224149,2,,,Slavi,,,,,8,supporting,,,
The Equalizer,2014,2014,Thriller|Action|Crime,156022,movie,Johnny Skourtis,1399659,2,,,Ralphie,,,,,9,supporting,,,
The Equalizer,2014,2014,Thriller|Action|Crime,156022,movie,Alex Veadov,20563,2,,,Tevi,,,,,10,supporting,,,
The Equalizer,2014,2014,Thriller|Action|Crime,156022,movie,Vladimir Kulich,19898,2,,,Vladimir Pushkin,,,,,11,minor,,,
The Equalizer,2014,2014,Thriller|Action|Crime,156022,movie,E. Roger Mitchell,41020,2,,,Lead Investigator,,,,,12,minor,,,
The Equalizer,2014,2014,Thriller|Action|Crime,156022,movie,James Wilcox,151278,2,,,Pederson,,,,,13,minor,,,
The Equalizer,2014,2014,Thriller|Action|Crime,156022,movie,Mike O'Dea,1399660,0,,,Remar,,,,,14,minor,,,
The Equalizer,2014,2014,Thriller|Action|Crime,156022,movie,Anastasia Mousis Sanidopoulos,1371550,1,,,Jenny,,,,,15,minor,,,
The Equalizer,2014,2014,Thriller|Action|Crime,156022,movie,Allen Maldonado,141432,2,,,Marcus,,,,,16,minor,,,
The Equalizer,2014,2014,Thriller|Action|Crime,156022,movie,Rhet Kidd,1435189,2,,,Jay,,,,,17,minor,,,
The Equalizer,2014,2014,Thriller|Action|Crime,156022,movie,Mike Morrell,1435196,0,,,HM Brian,,,,,18,minor,,,
The Equalizer,2014,2014,Thriller|Action|Crime,156022,movie,Matt Lasky,101088,2,,,Marat,,,,,19,minor,,,
The Equalizer,2014,2014,Thriller|Action|Crime,156022,movie,Shawn Fitzgibbon,1435747,2,,,Little John Looney,,,,,20,minor,,,
Pirates of the Caribbean: The Curse of the Black Pearl,2003,2003,Adventure|Fantasy|Action,22,movie,Johnny Depp,85,2,,,Jack Sparrow,,,,,1,lead,,,
Pirates of the Caribbean: The Curse of the Black Pearl,2003,2003,Adventure|Fantasy|Action,22,movie,Geoffrey Rush,118,2,,,Barbossa,,,,,2,lead,,,
Pirates of the Caribbean: The Curse of the Black Pearl,2003,2003,Adventure|Fantasy|Action,22,movie,Orlando Bloom,114,2,,,Will Turner,,,,,3,lead,,,
Pirates of the Caribbean: The Curse of the Black Pearl,2003,2003,Adventure|Fantasy|Action,22,movie,Keira Knightley,116,1,,,Elizabeth Swann,,,,,4,supporting,,,
Pirates of the Caribbean: The Curse of the Black Pearl,2003,2003,Adventure|Fantasy|Action,22,movie,Jack Davenport,1709,2,,,Norrington,,,,,5,supporting,,,
Pirates of the Caribbean: The Curse of the Black Pearl,2003,2003,Adventure|Fantasy|Action,22,movie,Jonathan Pryce,378,2,,,Governor Weatherby Swann,,,,,6,supporting,,,
Pirates of the Caribbean: The Curse of the Black Pearl,2003,2003,Adventure|Fantasy|Action,22,movie,Lee Arenberg,1710,2,,,Pintel,,,,,7,supporting,,,
Pirates of the Caribbean: The Curse of the Black Pearl,2003,2003,Adventure|Fantasy|Action,22,movie,Mackenzie Crook,1711,2,,,Ragetti,,,,,8,supporting,,,
Pirates of the Caribbean: The Curse of the Black Pearl,2003,2003,Adventure|Fantasy|Action,22,movie,Damian O'Hare,1712,2,,,Lt. Gillette,,,,,9,supporting,,,
Pirates of the Caribbean: The Curse of the Black Pearl,2003,2003,Adventure|Fantasy|Action,22,movie,Giles New,1713,2,,,Murtogg,,,,,10,supporting,,,
Pirates of the Caribbean: The Curse of the Black Pearl,2003,2003,Adventure|Fantasy|Action,22,movie,Angus Barnett,1714,2,,,Mullroy,,,,,11,minor,,,
Pirates of the Caribbean: The Curse of the Black Pearl,2003,2003,Adventure|Fantasy|Action,22,movie,David Bailie,1715,2,,,Cotton,,,,,12,minor,,,
Pirates of the Caribbean: The Curse of the Black Pearl,2003,2003,Adventure|Fantasy|Action,22,movie,Michael Berry Jr.,1716,2,,,Twigg,,,,,13,minor,,,
Pirates of the Caribbean: The Curse of the Black Pearl,2003,2003,Adventure|Fantasy|Action,22,movie,"Isaac C. Singleton, Jr.",1717,2,,,Bo'sun,,,,,14,minor,,,
Pirates of the Caribbean: The Curse of the Black Pearl,2003,2003,Adventure|Fantasy|Action,22,movie,Kevin McNally,2449,2,,,Joshamee Gibbs,,,,,15,minor,,,
Pirates of the Caribbean: The Curse of the Black Pearl,2003,2003,Adventure|Fantasy|Action,22,movie,Treva Etienne,12802,2,,,Koehler,,,,,16,minor,,,
Pirates of the Caribbean: The Curse of the Black Pearl,2003,2003,Adventure|Fantasy|Action,22,movie,Zoe Saldaña,8691,1,,,Anamaria,,,,,17,minor,,,
Pirates of the Caribbean: The Curse of the Black Pearl,2003,2003,Adventure|Fantasy|Action,22,movie,Guy Siner,9298,2,,,Harbormaster,,,,,18,minor,,,
Pirates of the Caribbean: The Curse of the Black Pearl,2003,2003,Adventure|Fantasy|Action,22,movie,Ralph P. Martin,155955,2,,,Mr. Brown,,,,,19,minor,,,
Pirates of the Caribbean: The Curse of the Black Pearl,2003,2003,Adventure|Fantasy|Action,22,movie,Paula J. Newman,59056,1,,,Estrella,,,,,20,minor,,,
The Terminator,1984,1984,Action|Thriller|Science Fiction,218,movie,Arnold Schwarzenegger,1100,2,,,Terminator,,,,,1,lead,,,
The Terminator,1984,1984,Action|Thriller|Science Fiction,218,movie,Michael Biehn,2712,2,,,Kyle Reese,,,,,2,lead,,,
The Terminator,1984,1984,Action|Thriller|Science Fiction,218,movie,Linda Hamilton,2713,1,,,Sarah Connor,,,,,3,lead,,,
The Terminator,1984,1984,Action|Thriller|Science Fiction,218,movie,Paul Winfield,1818,2,,,Traxler,,,,,4,supporting,,,
The Terminator,1984,1984,Action|Thriller|Science Fiction,218,movie,Lance Henriksen,2714,2,,,Vukovich,,,,,5,supporting,,,
The Terminator,1984,1984,Action|Thriller|Science Fiction,218,movie,Rick Rossovich,2717,2,,,Matt,,,,,6,supporting,,,
The Terminator,1984,1984,Action|Thriller|Science Fiction,218,movie,Bess Motta,2715,1,,,Ginger,,,,,7,supporting,,,
The Terminator,1984,1984,Action|Thriller|Science Fiction,218,movie,Earl Boen,2716,2,,,Silberman,,,,,8,supporting,,,
The Terminator,1984,1984,Action|Thriller|Science Fiction,218,movie,Dick Miller,102441,2,,,Pawnshop Clerk,,,,,9,supporting,,,
The Terminator,1984,1984,Action|Thriller|Science Fiction,218,movie,Shawn Schepps,65001,1,,,Nancy,,,,,10,supporting,,,
The Terminator,1984,1984,Action|Thriller|Science Fiction,218,movie,Bruce M. Kerner,1258399,2,,,Desk Sergeant,,,,,11,minor,,,
The Terminator,1984,1984,Action|Thriller|Science Fiction,218,movie,Franco Columbu,35710,2,,,Future Terminator,,,,,12,minor,,,
The Terminator,1984,1984,Action|Thriller|Science Fiction,218,movie,Bill Paxton,2053,2,,,Punk Leader,,,,,13,minor,,,
The Terminator,1984,1984,Action|Thriller|Science Fiction,218,movie,Brad Rearden,100626,2,,,Punk,,,,,14,minor,,,
The Terminator,1984,1984,Action|Thriller|Science Fiction,218,movie,Brian Thompson,2719,2,,,Punk,,,,,15,minor,,,
The Terminator,1984,1984,Action|Thriller|Science Fiction,218,movie,William Wisher,2711,2,,,Policeman,,,,,16,minor,,,
The Terminator,1984,1984,Action|Thriller|Science Fiction,218,movie,Ken Fritz,1378202,0,,,Policeman,,,,,17,minor,,,
The Terminator,1984,1984,Action|Thriller|Science Fiction,218,movie,Tom Oberhaus,2573480,0,,,Policeman,,,,,18,minor,,,
The Terminator,1984,1984,Action|Thriller|Science Fiction,218,movie,Ed Dogans,4879867,0,,,Cop in Alley,,,,,19,minor,,,
The Terminator,1984,1984,Action|Thriller|Science Fiction,218,movie,Joe Farago,1378212,2,,,TV Anchorman,,,,,20,minor,,,
Nuremberg,2025,2025,History|Drama,1214931,movie,Russell Crowe,934,2,,,Hermann Göring,,,,,1,lead,,,
Nuremberg,2025,2025,History|Drama,1214931,movie,Rami Malek,17838,2,,,Douglas Kelley,,,,,2,lead,,,
Nuremberg,2025,2025,History|Drama,1214931,movie,Michael Shannon,335,2,,,Justice Robert H. Jackson,,,,,3,lead,,,
Nuremberg,2025,2025,History|Drama,1214931,movie,Leo Woodall,3477880,2,,,Sergeant Howie Triest,,,,,4,supporting,,,
Nuremberg,2025,2025,History|Drama,1214931,movie,John Slattery,21134,2,,,Colonel Burton Andrus,,,,,5,supporting,,,
Nuremberg,2025,2025,History|Drama,1214931,movie,Richard E. Grant,20766,2,,,Sir David Maxwell-Fyfe,,,,,6,supporting,,,
Nuremberg,2025,2025,History|Drama,1214931,movie,Colin Hanks,3492,2,,,Dr. Gustave Gilbert,,,,,7,supporting,,,
Nuremberg,2025,2025,History|Drama,1214931,movie,Mark O'Brien,225411,2,,,Colonel John Amen,,,,,8,supporting,,,
Nuremberg,2025,2025,History|Drama,1214931,movie,Lotte Verbeek,133931,1,,,Emmy Göring,,,,,9,supporting,,,
Nuremberg,2025,2025,History|Drama,1214931,movie,Wrenn Schmidt,205772,1,,,Elsie Douglas,,,,,10,supporting,,,
Nuremberg,2025,2025,History|Drama,1214931,movie,Lydia Peckham,2435321,1,,,Lila McQuaide,,,,,11,minor,,,
Nuremberg,2025,2025,History|Drama,1214931,movie,Andreas Pietschmann,1073985,2,,,Rudolf Hess,,,,,12,minor,,,
Nuremberg,2025,2025,History|Drama,1214931,movie,Steven Pacey,1215162,2,,,General Marshall,,,,,13,minor,,,
Nuremberg,2025,2025,History|Drama,1214931,movie,Peter Jordan,67422,2,,,Karl Dönitz,,,,,14,minor,,,
Nuremberg,2025,2025,History|Drama,1214931,movie,Dan Cade,1389927,2,,,Corporal Jones,,,,,15,minor,,,
Nuremberg,2025,2025,History|Drama,1214931,movie,Paul Antony-Barber,40670,2,,,Francis Biddle,,,,,16,minor,,,
Nuremberg,2025,2025,History|Drama,1214931,movie,Ralph Berkin,1871609,2,,,Cardinal,,,,,17,minor,,,
Nuremberg,2025,2025,History|Drama,1214931,movie,Wolfgang Cerny,1400211,2,,,Baldur von Schirach,,,,,18,minor,,,
Nuremberg,2025,2025,History|Drama,1214931,movie,Giuseppe Cederna,106350,2,,,Pope Pius XII,,,,,19,minor,,,
Nuremberg,2025,2025,History|Drama,1214931,movie,Jeremy Wheeler,1493396,2,,,General Phipps,,,,,20,minor,,,
American Pie,1999,1999,Comedy|Romance,2105,movie,Jason Biggs,21593,2,,,Jim Levenstein,,,,,1,lead,,,
American Pie,1999,1999,Comedy|Romance,2105,movie,Chris Klein,21594,2,,,Chris 'Oz' Ostreicher,,,,,2,lead,,,
American Pie,1999,1999,Comedy|Romance,2105,movie,Thomas Ian Nicholas,21403,2,,,Kevin Meyers,,,,,3,lead,,,
American Pie,1999,1999,Comedy|Romance,2105,movie,Alyson Hannigan,21595,1,,,Michelle Flaherty,,,,,4,supporting,,,
American Pie,1999,1999,Comedy|Romance,2105,movie,Shannon Elizabeth,21596,1,,,Nadia,,,,,5,supporting,,,
American Pie,1999,1999,Comedy|Romance,2105,movie,Tara Reid,1234,1,,,Victoria 'Vicky' Lathum,,,,,6,supporting,,,
American Pie,1999,1999,Comedy|Romance,2105,movie,Eddie Kaye Thomas,52480,2,,,Paul Finch,,,,,7,supporting,,,
American Pie,1999,1999,Comedy|Romance,2105,movie,Seann William Scott,57599,2,,,Steve Stifler,,,,,8,supporting,,,
American Pie,1999,1999,Comedy|Romance,2105,movie,Eugene Levy,26510,2,,,Jim's Father,,,,,9,supporting,,,
American Pie,1999,1999,Comedy|Romance,2105,movie,Natasha Lyonne,10871,1,,,Jessica,,,,,10,supporting,,,
American Pie,1999,1999,Comedy|Romance,2105,movie,Mena Suvari,8211,1,,,Heather,,,,,11,minor,,,
American Pie,1999,1999,Comedy|Romance,2105,movie,Jennifer Coolidge,38334,1,,,Stifler's Mom,,,,,12,minor,,,
American Pie,1999,1999,Comedy|Romance,2105,movie,Chris Owen,26999,2,,,Chuck Sherman,,,,,13,minor,,,
American Pie,1999,1999,Comedy|Romance,2105,movie,Eric Lively,53116,2,,,Albert,,,,,14,minor,,,
American Pie,1999,1999,Comedy|Romance,2105,movie,Molly Cheek,54586,1,,,Jim's Mother,,,,,15,minor,,,
American Pie,1999,1999,Comedy|Romance,2105,movie,Eli Marienthal,116027,2,,,Matt Stifler,,,,,16,minor,,,
American Pie,1999,1999,Comedy|Romance,2105,movie,Tara Subkoff,61111,1,,,College Girl,,,,,17,minor,,,
American Pie,1999,1999,Comedy|Romance,2105,movie,Lawrence Pressman,6564,2,,,Coach Marshall,,,,,18,minor,,,
American Pie,1999,1999,Comedy|Romance,2105,movie,Clyde Kusatsu,2249,2,,,English Teacher,,,,,19,minor,,,
American Pie,1999,1999,Comedy|Romance,2105,movie,Christina Milian,37936,1,,,Band Member,,,,,20,minor,,,
Tangled,2010,2010,Animation|Family|Adventure,38757,movie,Mandy Moore,16855,1,,,Rapunzel (voice),,,,,1,lead,,,
Tangled,2010,2010,Animation|Family|Adventure,38757,movie,Zachary Levi,69899,2,,,Flynn Rider (voice),,,,,2,lead,,,
Tangled,2010,2010,Animation|Family|Adventure,38757,movie,Donna Murphy,2517,1,,,Mother Gothel (voice),,,,,3,lead,,,
Tangled,2010,2010,Animation|Family|Adventure,38757,movie,Ron Perlman,2372,2,,,Stabbington Brother (voice),,,,,4,supporting,,,
Tangled,2010,2010,Animation|Family|Adventure,38757,movie,M.C. Gainey,22132,2,,,Captain of the Guard (voice),,,,,5,supporting,,,
Tangled,2010,2010,Animation|Family|Adventure,38757,movie,Jeffrey Tambor,4175,2,,,Big Nose Thug (voice),,,,,6,supporting,,,
Tangled,2010,2010,Animation|Family|Adventure,38757,movie,Brad Garrett,18,2,,,Hook Hand Thug (voice),,,,,7,supporting,,,
Tangled,2010,2010,Animation|Family|Adventure,38757,movie,Paul F. Tompkins,1219029,2,,,Short Thug (voice),,,,,8,supporting,,,
Tangled,2010,2010,Animation|Family|Adventure,38757,movie,Richard Kiel,10460,2,,,Vlad (voice),,,,,9,supporting,,,
Tangled,2010,2010,Animation|Family|Adventure,38757,movie,Delaney Rose Stein,1273208,1,,,Young Rapunzel / Little Girl (voice),,,,,10,supporting,,,
Tangled,2010,2010,Animation|Family|Adventure,38757,movie,Nathan Greno,121830,2,,,Guard 1 / Thug 1 (voice),,,,,11,minor,,,
Tangled,2010,2010,Animation|Family|Adventure,38757,movie,Byron Howard,76595,2,,,Guard 2 / Thug 2 (voice),,,,,12,minor,,,
Tangled,2010,2010,Animation|Family|Adventure,38757,movie,Tim Mertens,61958,2,,,Guard 3 (voice),,,,,13,minor,,,
Tangled,2010,2010,Animation|Family|Adventure,38757,movie,Michael Bell,19546,2,,,Additional Voices (voice),,,,,14,minor,,,
Tangled,2010,2010,Animation|Family|Adventure,38757,movie,Bob Bergen,78317,2,,,Additional Voices (voice),,,,,15,minor,,,
Tangled,2010,2010,Animation|Family|Adventure,38757,movie,Susanne Blakeslee,89042,1,,,Additional Voices (voice),,,,,16,minor,,,
Tangled,2010,2010,Animation|Family|Adventure,38757,movie,June Christopher,172696,1,,,Additional Voices (voice),,,,,17,minor,,,
Tangled,2010,2010,Animation|Family|Adventure,38757,movie,Roy Conli,56612,2,,,Additional Voices (voice),,,,,18,minor,,,
Tangled,2010,2010,Animation|Family|Adventure,38757,movie,David Cowgill,60232,2,,,Additional Voices (voice),,,,,19,minor,,,
Tangled,2010,2010,Animation|Family|Adventure,38757,movie,Terri Douglas,186605,1,,,Additional Voices (voice),,,,,20,minor,,,
Cars 2,2011,2011,Animation|Family|Adventure|Comedy,49013,movie,Larry the Cable Guy,15897,2,,,Mater (voice),,,,,1,lead,,,
Cars 2,2011,2011,Animation|Family|Adventure|Comedy,49013,movie,Owen Wilson,887,2,,,Lightning McQueen (voice),,,,,2,lead,,,
Cars 2,2011,2011,Animation|Family|Adventure|Comedy,49013,movie,Michael Caine,3895,2,,,Finn McMissile (voice),,,,,3,lead,,,
Cars 2,2011,2011,Animation|Family|Adventure|Comedy,49013,movie,Emily Mortimer,1246,1,,,Holley Shiftwell (voice),,,,,4,supporting,,,
Cars 2,2011,2011,Animation|Family|Adventure|Comedy,49013,movie,Suzy Eddie Izzard,1926,3,,,Sir Miles Axlerod (voice),,,,,5,supporting,,,
Cars 2,2011,2011,Animation|Family|Adventure|Comedy,49013,movie,John Turturro,1241,2,,,Francesco Bernoulli (voice),,,,,6,supporting,,,
Cars 2,2011,2011,Animation|Family|Adventure|Comedy,49013,movie,Brent Musburger,188559,2,,,Brent Mustangburger (voice),,,,,7,supporting,,,
Cars 2,2011,2011,Animation|Family|Adventure|Comedy,49013,movie,Joe Mantegna,3266,2,,,Grem (voice),,,,,8,supporting,,,
Cars 2,2011,2011,Animation|Family|Adventure|Comedy,49013,movie,Thomas Kretschmann,3491,2,,,Professor Z (voice),,,,,9,supporting,,,
Cars 2,2011,2011,Animation|Family|Adventure|Comedy,49013,movie,Peter Jacobson,31514,2,,,Acer (voice),,,,,10,supporting,,,
Cars 2,2011,2011,Animation|Family|Adventure|Comedy,49013,movie,Bonnie Hunt,5149,1,,,Sally (voice),,,,,11,minor,,,
Cars 2,2011,2011,Animation|Family|Adventure|Comedy,49013,movie,Darrell Waltrip,942993,2,,,Darrell Cartrip (voice),,,,,12,minor,,,
Cars 2,2011,2011,Animation|Family|Adventure|Comedy,49013,movie,Franco Nero,22383,2,,,Uncle Topolino (voice),,,,,13,minor,,,
Cars 2,2011,2011,Animation|Family|Adventure|Comedy,49013,movie,David Hobbs,571731,2,,,David Hobbscap (voice),,,,,14,minor,,,
Cars 2,2011,2011,Animation|Family|Adventure|Comedy,49013,movie,Patrick Walker,1117784,2,,,Mel Dorado (voice),,,,,15,minor,,,
Cars 2,2011,2011,Animation|Family|Adventure|Comedy,49013,movie,Tony Shalhoub,4252,2,,,Luigi (voice),,,,,16,minor,,,
Cars 2,2011,2011,Animation|Family|Adventure|Comedy,49013,movie,Jeff Garlin,60074,2,,,Otis (voice),,,,,17,minor,,,
Cars 2,2011,2011,Animation|Family|Adventure|Comedy,49013,movie,Michel Michelis,1117785,0,,,Tomber (voice),,,,,18,minor,,,
Cars 2,2011,2011,Animation|Family|Adventure|Comedy,49013,movie,Jason Isaacs,11355,2,,,Siddeley / Leland Turbo (voice),,,,,19,minor,,,
Cars 2,2011,2011,Animation|Family|Adventure|Comedy,49013,movie,Lloyd Sherr,116317,2,,,Fillmore / Combat Ship (voice),,,,,20,minor,,,
Ratatouille,2007,2007,Animation|Comedy|Family|Fantasy,2062,movie,Patton Oswalt,10872,2,,,Remy (voice),,,,,1,lead,,,
Ratatouille,2007,2007,Animation|Comedy|Family|Fantasy,2062,movie,Ian Holm,65,2,,,Skinner (voice),,,,,2,lead,,,
Ratatouille,2007,2007,Animation|Comedy|Family|Fantasy,2062,movie,Lou Romano,7962,2,,,Linguini (voice),,,,,3,lead,,,
Ratatouille,2007,2007,Animation|Comedy|Family|Fantasy,2062,movie,Brian Dennehy,6197,2,,,Django (voice),,,,,4,supporting,,,
Ratatouille,2007,2007,Animation|Comedy|Family|Fantasy,2062,movie,Peter Sohn,21198,2,,,Emile (voice),,,,,5,supporting,,,
Ratatouille,2007,2007,Animation|Comedy|Family|Fantasy,2062,movie,Peter O'Toole,11390,2,,,Anton Ego (voice),,,,,6,supporting,,,
Ratatouille,2007,2007,Animation|Comedy|Family|Fantasy,2062,movie,Brad Garrett,18,2,,,Gusteau (voice),,,,,7,supporting,,,
Ratatouille,2007,2007,Animation|Comedy|Family|Fantasy,2062,movie,Janeane Garofalo,21197,1,,,Colette (voice),,,,,8,supporting,,,
Ratatouille,2007,2007,Animation|Comedy|Family|Fantasy,2062,movie,Will Arnett,21200,2,,,Horst (voice),,,,,9,supporting,,,
Ratatouille,2007,2007,Animation|Comedy|Family|Fantasy,2062,movie,Julius Callahan,32536,2,,,Lalo / Francois (voice),,,,,10,supporting,,,
Ratatouille,2007,2007,Animation|Comedy|Family|Fantasy,2062,movie,James Remar,1736,2,,,Larousse (voice),,,,,11,minor,,,
Ratatouille,2007,2007,Animation|Comedy|Family|Fantasy,2062,movie,John Ratzenberger,7907,2,,,Mustafa (voice),,,,,12,minor,,,
Ratatouille,2007,2007,Animation|Comedy|Family|Fantasy,2062,movie,Teddy Newton,59357,2,,,Lawyer (Talon Labarthe) (voice),,,,,13,minor,,,
Ratatouille,2007,2007,Animation|Comedy|Family|Fantasy,2062,movie,Tony Fucile,1260745,2,,,Pompidou / Health Inspector (voice),,,,,14,minor,,,
Ratatouille,2007,2007,Animation|Comedy|Family|Fantasy,2062,movie,Jake Steinfeld,21199,2,,,Git (Lab Rat) (voice),,,,,15,minor,,,
Ratatouille,2007,2007,Animation|Comedy|Family|Fantasy,2062,movie,Brad Bird,7087,2,,,Ambrister Minion (voice),,,,,16,minor,,,
Ratatouille,2007,2007,Animation|Comedy|Family|Fantasy,2062,movie,Stéphane Roux,1160045,2,,,TV Narrator (voice),,,,,17,minor,,,
Ratatouille,2007,2007,Animation|Comedy|Family|Fantasy,2062,movie,Jack Bird,2000522,0,,,Additional Voices (voice),,,,,18,minor,,,
Ratatouille,2007,2007,Animation|Comedy|Family|Fantasy,2062,movie,Andrea Boerries,1443329,1,,,Additional Voices (voice),,,,,19,minor,,,
Ratatouille,2007,2007,Animation|Comedy|Family|Fantasy,2062,movie,Marco Boerries,1443330,2,,,Additional Voices (voice),,,,,20,minor,,,
Avengers: Doomsday,2026,2026,Science Fiction|Action|Adventure,1003596,movie,Robert Downey Jr.,3223,2,,,Victor von Doom  / Doctor Doom,,,,,1,lead,,,
Avengers: Doomsday,2026,2026,Science Fiction|Action|Adventure,1003596,movie,Chris Evans,16828,2,,,Steve Rogers / Captain America,,,,,2,lead,,,
Avengers: Doomsday,2026,2026,Science Fiction|Action|Adventure,1003596,movie,Chris Hemsworth,74568,2,,,Thor,,,,,3,lead,,,
Avengers: Doomsday,2026,2026,Science Fiction|Action|Adventure,1003596,movie,Pedro Pascal,1253360,2,,,Reed Richards / Mr. Fantastic,,,,,4,supporting,,,
Avengers: Doomsday,2026,2026,Science Fiction|Action|Adventure,1003596,movie,Paul Rudd,22226,2,,,Scott Lang / Ant-Man,,,,,5,supporting,,,
Avengers: Doomsday,2026,2026,Science Fiction|Action|Adventure,1003596,movie,Anthony Mackie,53650,2,,,Sam Wilson / Captain America,,,,,6,supporting,,,
Avengers: Doomsday,2026,2026,Science Fiction|Action|Adventure,1003596,movie,Florence Pugh,1373737,1,,,Yelena Belova,,,,,7,supporting,,,
Avengers: Doomsday,2026,2026,Science Fiction|Action|Adventure,1003596,movie,Vanessa Kirby,556356,1,,,Sue Storm / The Invisible Woman,,,,,8,supporting,,,
Avengers: Doomsday,2026,2026,Science Fiction|Action|Adventure,1003596,movie,Ebon Moss-Bachrach,21042,2,,,Ben Grimm / Thing,,,,,9,supporting,,,
Avengers: Doomsday,2026,2026,Science Fiction|Action|Adventure,1003596,movie,Wyatt Russell,986808,2,,,John Walker / U.S. Agent,,,,,10,supporting,,,
Avengers: Doomsday,2026,2026,Science Fiction|Action|Adventure,1003596,movie,Channing Tatum,38673,2,,,Gambit,,,,,11,minor,,,
Avengers: Doomsday,2026,2026,Science Fiction|Action|Adventure,1003596,movie,Simu Liu,1489211,2,,,Shaun / Shang-Chi,,,,,12,minor,,,
Avengers: Doomsday,2026,2026,Science Fiction|Action|Adventure,1003596,movie,Ian McKellen,1327,2,,,Magneto,,,,,13,minor,,,
Avengers: Doomsday,2026,2026,Science Fiction|Action|Adventure,1003596,movie,Tom Hiddleston,91606,2,,,Loki,,,,,14,minor,,,
Avengers: Doomsday,2026,2026,Science Fiction|Action|Adventure,1003596,movie,James Marsden,11006,2,,,Scott Summers / Cyclops,,,,,15,minor,,,
Avengers: Doomsday,2026,2026,Science Fiction|Action|Adventure,1003596,movie,Patrick Stewart,2387,2,,,Professor Charles Xavier,,,,,16,minor,,,
Avengers: Doomsday,2026,2026,Science Fiction|Action|Adventure,1003596,movie,Joseph Quinn,1597365,2,,,Johnny Storm / The Human Torch,,,,,17,minor,,,
Avengers: Doomsday,2026,2026,Science Fiction|Action|Adventure,1003596,movie,Sebastian Stan,60898,2,,,Bucky Barnes / Winter Soldier,,,,,18,minor,,,
Avengers: Doomsday,2026,2026,Science Fiction|Action|Adventure,1003596,movie,David Harbour,35029,2,,,Alexei Shostakov / Red Guardian,,,,,19,minor,,,
Avengers: Doomsday,2026,2026,Science Fiction|Action|Adventure,1003596,movie,Letitia Wright,1083010,1,,,Shuri,,,,,20,minor,,,
Aladdin,1992,1992,Animation|Family|Adventure|Fantasy|Romance,812,movie,Scott Weinger,15827,2,,,Aladdin (voice),,,,,1,lead,,,
Aladdin,1992,1992,Animation|Family|Adventure|Fantasy|Romance,812,movie,Robin Williams,2157,2,,,Genie / Peddler (voice),,,,,2,lead,,,
Aladdin,1992,1992,Animation|Family|Adventure|Fantasy|Romance,812,movie,Linda Larkin,15829,1,,,Jasmine (voice),,,,,3,lead,,,
Aladdin,1992,1992,Animation|Family|Adventure|Fantasy|Romance,812,movie,Jonathan Freeman,15830,2,,,Jafar (voice),,,,,4,supporting,,,
Aladdin,1992,1992,Animation|Family|Adventure|Fantasy|Romance,812,movie,Gilbert Gottfried,15832,2,,,Iago (voice),,,,,5,supporting,,,
Aladdin,1992,1992,Animation|Family|Adventure|Fantasy|Romance,812,movie,Douglas Seale,15833,2,,,Sultan (voice),,,,,6,supporting,,,
Aladdin,1992,1992,Animation|Family|Adventure|Fantasy|Romance,812,movie,Frank Welker,15831,2,,,Abu / Cave of Wonders / Rajah (voice),,,,,7,supporting,,,
Aladdin,1992,1992,Animation|Family|Adventure|Fantasy|Romance,812,movie,Brad Kane,228428,2,,,Aladdin (singing voice),,,,,8,supporting,,,
Aladdin,1992,1992,Animation|Family|Adventure|Fantasy|Romance,812,movie,Lea Salonga,15838,1,,,Jasmine (singing voice),,,,,9,supporting,,,
Aladdin,1992,1992,Animation|Family|Adventure|Fantasy|Romance,812,movie,Bruce Adler,15834,2,,,Peddler (singing voice),,,,,10,supporting,,,
Aladdin,1992,1992,Animation|Family|Adventure|Fantasy|Romance,812,movie,Charlie Adler,81178,2,,,Additional Voices (voice),,,,,11,minor,,,
Aladdin,1992,1992,Animation|Family|Adventure|Fantasy|Romance,812,movie,Jack Angel,19545,2,,,Additional Voices (voice),,,,,12,minor,,,
Aladdin,1992,1992,Animation|Family|Adventure|Fantasy|Romance,812,movie,Corey Burton,35219,2,,,Additional Voices (voice),,,,,13,minor,,,
Aladdin,1992,1992,Animation|Family|Adventure|Fantasy|Romance,812,movie,Philip L. Clarke,613123,2,,,Additional Voices (voice),,,,,14,minor,,,
Aladdin,1992,1992,Animation|Family|Adventure|Fantasy|Romance,812,movie,Jim Cummings,12077,2,,,Additional Voices (voice),,,,,15,minor,,,
Aladdin,1992,1992,Animation|Family|Adventure|Fantasy|Romance,812,movie,Jennifer Darling,81843,1,,,Additional Voices (voice),,,,,16,minor,,,
Aladdin,1992,1992,Animation|Family|Adventure|Fantasy|Romance,812,movie,Debi Derryberry,73016,1,,,Additional Voices (voice),,,,,17,minor,,,
Aladdin,1992,1992,Animation|Family|Adventure|Fantasy|Romance,812,movie,Bruce Gooch,2914910,2,,,Additional Voices (voice),,,,,18,minor,,,
Aladdin,1992,1992,Animation|Family|Adventure|Fantasy|Romance,812,movie,Jerry Houser,51517,2,,,Additional Voices (voice),,,,,19,minor,,,
Aladdin,1992,1992,Animation|Family|Adventure|Fantasy|Romance,812,movie,Vera Lockwood,156565,1,,,Additional Voices (voice),,,,,20,minor,,,
Godzilla x Kong: The New Empire,2024,2024,Action|Adventure|Science Fiction,823464,movie,Rebecca Hall,15556,1,,,Ilene Andrews,,,,,1,lead,,,
Godzilla x Kong: The New Empire,2024,2024,Action|Adventure|Science Fiction,823464,movie,Brian Tyree Henry,226366,2,,,Bernie Hayes,,,,,2,lead,,,
Godzilla x Kong: The New Empire,2024,2024,Action|Adventure|Science Fiction,823464,movie,Dan Stevens,221018,2,,,Trapper,,,,,3,lead,,,
Godzilla x Kong: The New Empire,2024,2024,Action|Adventure|Science Fiction,823464,movie,Kaylee Hottle,2948491,1,,,Jia,,,,,4,supporting,,,
Godzilla x Kong: The New Empire,2024,2024,Action|Adventure|Science Fiction,823464,movie,Alex Ferns,60416,2,,,Mikael,,,,,5,supporting,,,
Godzilla x Kong: The New Empire,2024,2024,Action|Adventure|Science Fiction,823464,movie,Fala Chen,123701,1,,,Iwi Queen,,,,,6,supporting,,,
Godzilla x Kong: The New Empire,2024,2024,Action|Adventure|Science Fiction,823464,movie,Rachel House,15298,1,,,Hampton,,,,,7,supporting,,,
Godzilla x Kong: The New Empire,2024,2024,Action|Adventure|Science Fiction,823464,movie,Ron Smyck,2896645,2,,,Harris,,,,,8,supporting,,,
Godzilla x Kong: The New Empire,2024,2024,Action|Adventure|Science Fiction,823464,movie,Chantelle Jamieson,1984017,1,,,Jayne,,,,,9,supporting,,,
Godzilla x Kong: The New Empire,2024,2024,Action|Adventure|Science Fiction,823464,movie,Greg Hatton,2096500,2,,,Lewis,,,,,10,supporting,,,
Godzilla x Kong: The New Empire,2024,2024,Action|Adventure|Science Fiction,823464,movie,Kevin Copeland,61782,2,,,Submarine Commander,,,,,11,minor,,,
Godzilla x Kong: The New Empire,2024,2024,Action|Adventure|Science Fiction,823464,movie,Tess Dobre,4623438,1,,,Submarine Officer,,,,,12,minor,,,
Godzilla x Kong: The New Empire,2024,2024,Action|Adventure|Science Fiction,823464,movie,Tim Carroll,1850005,2,,,Wilcox,,,,,13,minor,,,
Godzilla x Kong: The New Empire,2024,2024,Action|Adventure|Science Fiction,823464,movie,Anthony Brandon Wong,930817,2,,,Talk Show Anchor,,,,,14,minor,,,
Godzilla x Kong: The New Empire,2024,2024,Action|Adventure|Science Fiction,823464,movie,Sophia Emberson-Bain,1634440,1,,,Laurier,,,,,15,minor,,,
Godzilla x Kong: The New Empire,2024,2024,Action|Adventure|Science Fiction,823464,movie,Chika Ikogwe,3366146,1,,,Ms. Cadogan,,,,,16,minor,,,
Godzilla x Kong: The New Empire,2024,2024,Action|Adventure|Science Fiction,823464,movie,Vincent B. Gorce,1202032,2,,,Monarch Specialist,,,,,17,minor,,,
Godzilla x Kong: The New Empire,2024,2024,Action|Adventure|Science Fiction,823464,movie,Zhou Yeye,4589985,1,,,Iwi Warrior,,,,,18,minor,,,
Godzilla x Kong: The New Empire,2024,2024,Action|Adventure|Science Fiction,823464,movie,Jamaliah Othman,4636543,2,,,Iwi Sage,,,,,19,minor,,,
Godzilla x Kong: The New Empire,2024,2024,Action|Adventure|Science Fiction,823464,movie,Nick Lawler,4636546,2,,,Iwi Scholar,,,,,20,minor,,,
Iron Man 3,2013,2013,Action|Adventure|Science Fiction,68721,movie,Robert Downey Jr.,3223,2,,,Tony Stark,,,,,1,lead,,,
Iron Man 3,2013,2013,Action|Adventure|Science Fiction,68721,movie,Gwyneth Paltrow,12052,1,,,Pepper Potts,,,,,2,lead,,,
Iron Man 3,2013,2013,Action|Adventure|Science Fiction,68721,movie,Don Cheadle,1896,2,,,Colonel James Rhodes,,,,,3,lead,,,
Iron Man 3,2013,2013,Action|Adventure|Science Fiction,68721,movie,Guy Pearce,529,2,,,Aldrich Killian,,,,,4,supporting,,,
Iron Man 3,2013,2013,Action|Adventure|Science Fiction,68721,movie,Rebecca Hall,15556,1,,,Maya Hansen,,,,,5,supporting,,,
Iron Man 3,2013,2013,Action|Adventure|Science Fiction,68721,movie,Jon Favreau,15277,2,,,Happy Hogan,,,,,6,supporting,,,
Iron Man 3,2013,2013,Action|Adventure|Science Fiction,68721,movie,Ben Kingsley,2282,2,,,Trevor Slattery,,,,,7,supporting,,,
Iron Man 3,2013,2013,Action|Adventure|Science Fiction,68721,movie,James Badge Dale,18473,2,,,Savin,,,,,8,supporting,,,
Iron Man 3,2013,2013,Action|Adventure|Science Fiction,68721,movie,Stephanie Szostak,121953,1,,,Brandt,,,,,9,supporting,,,
Iron Man 3,2013,2013,Action|Adventure|Science Fiction,68721,movie,Paul Bettany,6162,2,,,Jarvis (voice),,,,,10,supporting,,,
Iron Man 3,2013,2013,Action|Adventure|Science Fiction,68721,movie,William Sadler,6573,2,,,President Ellis,,,,,11,minor,,,
Iron Man 3,2013,2013,Action|Adventure|Science Fiction,68721,movie,Dale Dickey,46814,1,,,Mrs. Davis,,,,,12,minor,,,
Iron Man 3,2013,2013,Action|Adventure|Science Fiction,68721,movie,Ty Simpkins,17181,2,,,Harley Keener,,,,,13,minor,,,
Iron Man 3,2013,2013,Action|Adventure|Science Fiction,68721,movie,Miguel Ferrer,15860,2,,,Vice President Rodriguez,,,,,14,minor,,,
Iron Man 3,2013,2013,Action|Adventure|Science Fiction,68721,movie,Wang Xueqi,77303,2,,,Doctor Wu,,,,,15,minor,,,
Iron Man 3,2013,2013,Action|Adventure|Science Fiction,68721,movie,Shaun Toub,17857,2,,,Ho Yinsen,,,,,16,minor,,,
Iron Man 3,2013,2013,Action|Adventure|Science Fiction,68721,movie,Matthew Sterling Nye,1735538,0,,,Annoying Conference Guy,,,,,17,minor,,,
Iron Man 3,2013,2013,Action|Adventure|Science Fiction,68721,movie,Pat Kiernan,1480047,2,,,Pat Kiernan,,,,,18,minor,,,
Iron Man 3,2013,2013,Action|Adventure|Science Fiction,68721,movie,Josh Elliott,1735539,2,,,Josh Elliott,,,,,19,minor,,,
Iron Man 3,2013,2013,Action|Adventure|Science Fiction,68721,movie,Megan Henderson,1212282,0,,,Megan Henderson,,,,,20,minor,,,
Osiris,2025,2025,Science Fiction|Action|Horror,1241470,movie,Max Martini,94864,2,,,Kelly,,,,,1,lead,,,
Osiris,2025,2025,Science Fiction|Action|Horror,1241470,movie,Brianna Hildebrand,1492326,1,,,Ravi,,,,,2,lead,,,
Osiris,2025,2025,Science Fiction|Action|Horror,1241470,movie,LaMonica Garrett,1094385,2,,,Rhodie,,,,,3,lead,,,
Osiris,2025,2025,Science Fiction|Action|Horror,1241470,movie,Michael Irby,124304,2,,,Reyes,,,,,4,supporting,,,
Osiris,2025,2025,Science Fiction|Action|Horror,1241470,movie,Linda Hamilton,2713,1,,,Anya,,,,,5,supporting,,,
Osiris,2025,2025,Science Fiction|Action|Horror,1241470,movie,Stanley White Jr.,2688092,2,,,Scars,,,,,6,supporting,,,
Osiris,2025,2025,Science Fiction|Action|Horror,1241470,movie,Tyler Galpin,1956527,2,,,Donny,,,,,7,supporting,,,
Osiris,2025,2025,Science Fiction|Action|Horror,1241470,movie,Linds Edwards,1328185,0,,,Nash,,,,,8,supporting,,,
Osiris,2025,2025,Science Fiction|Action|Horror,1241470,movie,Dawson Towery,1825157,0,,,Bull,,,,,9,supporting,,,
Osiris,2025,2025,Science Fiction|Action|Horror,1241470,movie,David B. Meadows,2668253,2,,,Gibbs,,,,,10,supporting,,,
Osiris,2025,2025,Science Fiction|Action|Horror,1241470,movie,Jaren Mitchell,1394012,2,,,Jax,,,,,11,minor,,,
Osiris,2025,2025,Science Fiction|Action|Horror,1241470,movie,Derrick D. Edmond,4708959,0,,,Street Soldier,,,,,12,minor,,,
Osiris,2025,2025,Science Fiction|Action|Horror,1241470,movie,Jonny Bullard,2407386,0,,,Puppeteer,,,,,13,minor,,,
Osiris,2025,2025,Science Fiction|Action|Horror,1241470,movie,Alice Duchier,6156591,0,,,Additional Voices,,,,,14,minor,,,
Osiris,2025,2025,Science Fiction|Action|Horror,1241470,movie,Aubin Duchier,6156592,0,,,Additional Voices,,,,,15,minor,,,
Osiris,2025,2025,Science Fiction|Action|Horror,1241470,movie,Jean Louis Duchier,6156595,0,,,Additional Voices,,,,,16,minor,,,
Osiris,2025,2025,Science Fiction|Action|Horror,1241470,movie,Carine Elluin,6156596,0,,,Additional Voices,,,,,17,minor,,,
Osiris,2025,2025,Science Fiction|Action|Horror,1241470,movie,Jérémy Flament,5470602,0,,,Additional Voices,,,,,18,minor,,,
Osiris,2025,2025,Science Fiction|Action|Horror,1241470,movie,Jennifer Marco,6156597,0,,,Additional Voices,,,,,19,minor,,,
Osiris,2025,2025,Science Fiction|Action|Horror,1241470,movie,Michael Marco,5010212,0,,,Additional Voices,,,,,20,minor,,,
Do Not Enter,2026,2026,Horror,999136,movie,Francesca Reale,1688664,1,,,Cora,,,,,1,lead,,,
Do Not Enter,2026,2026,Horror,999136,movie,Nicholas Hamilton,1504947,2,,,Tod,,,,,2,lead,,,
Do Not Enter,2026,2026,Horror,999136,movie,Adeline Rudolph,2168270,1,,,Diane,,,,,3,lead,,,
Do Not Enter,2026,2026,Horror,999136,movie,Jake Manley,1300650,2,,,Rick,,,,,4,supporting,,,
Do Not Enter,2026,2026,Horror,999136,movie,Shane Paul McGhie,1684130,2,,,Vernon,,,,,5,supporting,,,
Do Not Enter,2026,2026,Horror,999136,movie,Javier Botet,111090,2,,,Pale Creature,,,,,6,supporting,,,
Do Not Enter,2026,2026,Horror,999136,movie,Laurence O'Fuarain,1699967,2,,,Balenger,,,,,7,supporting,,,
Do Not Enter,2026,2026,Horror,999136,movie,Brennan Keel Cook,1590221,2,,,Mack,,,,,8,supporting,,,
Do Not Enter,2026,2026,Horror,999136,movie,Kai Caster,79498,2,,,JD,,,,,9,supporting,,,
Do Not Enter,2026,2026,Horror,999136,movie,Cat Shank,5988918,0,,,Beth,,,,,10,supporting,,,
Do Not Enter,2026,2026,Horror,999136,movie,Svilena Nikolova,6085780,0,,,Amanda,,,,,11,minor,,,
Kung Fu Panda,2008,2008,Action|Animation|Comedy|Drama|Family,9502,movie,Jack Black,70851,2,,,Po (voice),,,,,1,lead,,,
Kung Fu Panda,2008,2008,Action|Animation|Comedy|Drama|Family,9502,movie,Dustin Hoffman,4483,2,,,Master Shifu (voice),,,,,2,lead,,,
Kung Fu Panda,2008,2008,Action|Animation|Comedy|Drama|Family,9502,movie,Angelina Jolie,11701,1,,,Tigress (voice),,,,,3,lead,,,
Kung Fu Panda,2008,2008,Action|Animation|Comedy|Drama|Family,9502,movie,Ian McShane,6972,2,,,Tai Lung (voice),,,,,4,supporting,,,
Kung Fu Panda,2008,2008,Action|Animation|Comedy|Drama|Family,9502,movie,Seth Rogen,19274,2,,,Mantis (voice),,,,,5,supporting,,,
Kung Fu Panda,2008,2008,Action|Animation|Comedy|Drama|Family,9502,movie,Lucy Liu,140,1,,,Viper (voice),,,,,6,supporting,,,
Kung Fu Panda,2008,2008,Action|Animation|Comedy|Drama|Family,9502,movie,David Cross,212,2,,,Crane (voice),,,,,7,supporting,,,
Kung Fu Panda,2008,2008,Action|Animation|Comedy|Drama|Family,9502,movie,Randall Duk Kim,9462,2,,,Master Oogway (voice),,,,,8,supporting,,,
Kung Fu Panda,2008,2008,Action|Animation|Comedy|Drama|Family,9502,movie,James Hong,20904,2,,,Mr. Ping (voice),,,,,9,supporting,,,
Kung Fu Panda,2008,2008,Action|Animation|Comedy|Drama|Family,9502,movie,Dan Fogler,58873,2,,,Zeng (voice),,,,,10,supporting,,,
Kung Fu Panda,2008,2008,Action|Animation|Comedy|Drama|Family,9502,movie,Michael Clarke Duncan,61981,2,,,Commander Vachir (voice),,,,,11,minor,,,
Kung Fu Panda,2008,2008,Action|Animation|Comedy|Drama|Family,9502,movie,Jackie Chan,18897,2,,,Monkey (voice),,,,,12,minor,,,
Kung Fu Panda,2008,2008,Action|Animation|Comedy|Drama|Family,9502,movie,Wayne Knight,4201,2,,,Gang Boss (voice),,,,,13,minor,,,
Kung Fu Panda,2008,2008,Action|Animation|Comedy|Drama|Family,9502,movie,Kyle Gass,22297,2,,,KG Shaw (voice),,,,,14,minor,,,
Kung Fu Panda,2008,2008,Action|Animation|Comedy|Drama|Family,9502,movie,JR Reed,938432,2,,,JR Shaw (voice),,,,,15,minor,,,
Kung Fu Panda,2008,2008,Action|Animation|Comedy|Drama|Family,9502,movie,Laura Kightlinger,61409,1,,,Awed Ninja (voice),,,,,16,minor,,,
Kung Fu Panda,2008,2008,Action|Animation|Comedy|Drama|Family,9502,movie,Tanya Haden,1448983,1,,,Smitten Bunny (voice),,,,,17,minor,,,
Kung Fu Panda,2008,2008,Action|Animation|Comedy|Drama|Family,9502,movie,Stephen Kearin,1448984,2,,,Gong Pig / Grateful Bunny (voice),,,,,18,minor,,,
Kung Fu Panda,2008,2008,Action|Animation|Comedy|Drama|Family,9502,movie,Mark Osborne,57741,2,,,Pig Patron (voice),,,,,19,minor,,,
Kung Fu Panda,2008,2008,Action|Animation|Comedy|Drama|Family,9502,movie,John Stevenson,57742,2,,,Rhino Guard (voice),,,,,20,minor,,,
Don't Mess with Grandma,2024,2024,Comedy|Action|Thriller,1146239,movie,Michael Jai White,64856,2,,,JT,,,,,1,lead,,,
Don't Mess with Grandma,2024,2024,Comedy|Action|Thriller,1146239,movie,Jackie Richardson,185102,1,,,Granna,,,,,2,lead,,,
Don't Mess with Grandma,2024,2024,Comedy|Action|Thriller,1146239,movie,Billy Zane,1954,2,,,Stan,,,,,3,lead,,,
Don't Mess with Grandma,2024,2024,Comedy|Action|Thriller,1146239,movie,Miles Faber,1849488,0,,,Carl,,,,,4,supporting,,,
Don't Mess with Grandma,2024,2024,Comedy|Action|Thriller,1146239,movie,Ess Hödlmoser,1943588,3,,,Pam,,,,,5,supporting,,,
Don't Mess with Grandma,2024,2024,Comedy|Action|Thriller,1146239,movie,Rebecca Auerbach,3066339,0,,,Jan,,,,,6,supporting,,,
Don't Mess with Grandma,2024,2024,Comedy|Action|Thriller,1146239,movie,Evan Stern,1791800,2,,,Ted,,,,,7,supporting,,,
Don't Mess with Grandma,2024,2024,Comedy|Action|Thriller,1146239,movie,Emily Alatalo,999449,1,,,Kim,,,,,8,supporting,,,
Don't Mess with Grandma,2024,2024,Comedy|Action|Thriller,1146239,movie,Brandon Knox,2442811,2,,,Trent,,,,,9,supporting,,,
Don't Mess with Grandma,2024,2024,Comedy|Action|Thriller,1146239,movie,Rob O'Dwyer,4316706,0,,,Audiobook Narrator,,,,,10,supporting,,,
Don't Mess with Grandma,2024,2024,Comedy|Action|Thriller,1146239,movie,Darryl Scheelar,139622,2,,,Bill,,,,,11,minor,,,
Don't Mess with Grandma,2024,2024,Comedy|Action|Thriller,1146239,movie,Thomas Schultz,2526949,0,,,Mr. Fletcher,,,,,12,minor,,,
Don't Mess with Grandma,2024,2024,Comedy|Action|Thriller,1146239,movie,DL MacDonald,1843640,2,,,McDougal 2,,,,,13,minor,,,
Don't Mess with Grandma,2024,2024,Comedy|Action|Thriller,1146239,movie,David MacInnis,1224890,2,,,McDougal 1,,,,,14,minor,,,
Turning Red,2022,2022,Animation|Family|Comedy|Fantasy,508947,movie,Rosalie Chiang,3156344,1,,,Meilin Lee (voice),,,,,1,lead,,,
Turning Red,2022,2022,Animation|Family|Comedy|Fantasy,508947,movie,Sandra Oh,25540,1,,,Ming (voice),,,,,2,lead,,,
Turning Red,2022,2022,Animation|Family|Comedy|Fantasy,508947,movie,Ava Morse,1373681,1,,,Miriam (voice),,,,,3,lead,,,
Turning Red,2022,2022,Animation|Family|Comedy|Fantasy,508947,movie,Hyein Park,2719558,1,,,Abby (voice),,,,,4,supporting,,,
Turning Red,2022,2022,Animation|Family|Comedy|Fantasy,508947,movie,Maitreyi Ramakrishnan,2602879,1,,,Priya (voice),,,,,5,supporting,,,
Turning Red,2022,2022,Animation|Family|Comedy|Fantasy,508947,movie,Orion Lee,1333452,2,,,Jin Lee (voice),,,,,6,supporting,,,
Turning Red,2022,2022,Animation|Family|Comedy|Fantasy,508947,movie,Wai Ching Ho,1269910,1,,,Grandma (voice),,,,,7,supporting,,,
Turning Red,2022,2022,Animation|Family|Comedy|Fantasy,508947,movie,Tristan Allerick Chen,2974629,2,,,Tyler (voice),,,,,8,supporting,,,
Turning Red,2022,2022,Animation|Family|Comedy|Fantasy,508947,movie,James Hong,20904,2,,,Mr. Gao (voice),,,,,9,supporting,,,
Turning Red,2022,2022,Animation|Family|Comedy|Fantasy,508947,movie,Lori Tan Chinn,171743,1,,,Auntie Chen (voice),,,,,10,supporting,,,
Turning Red,2022,2022,Animation|Family|Comedy|Fantasy,508947,movie,Mia Tagano,3461283,1,,,Lily (voice),,,,,11,minor,,,
Turning Red,2022,2022,Animation|Family|Comedy|Fantasy,508947,movie,Sherry Cola,2088734,1,,,Helen (voice),,,,,12,minor,,,
Turning Red,2022,2022,Animation|Family|Comedy|Fantasy,508947,movie,Lillian Lim,1936014,1,,,Auntie Ping (voice),,,,,13,minor,,,
Turning Red,2022,2022,Animation|Family|Comedy|Fantasy,508947,movie,Jordan Fisher,1192274,2,,,Robaire (4*Town) (voice),,,,,14,minor,,,
Turning Red,2022,2022,Animation|Family|Comedy|Fantasy,508947,movie,FINNEAS,1396403,2,,,Jesse (4*Town) (voice),,,,,15,minor,,,
Turning Red,2022,2022,Animation|Family|Comedy|Fantasy,508947,movie,Topher Ngo,3313617,2,,,Aaron T. (4*Town) (voice),,,,,16,minor,,,
Turning Red,2022,2022,Animation|Family|Comedy|Fantasy,508947,movie,Grayson Villanueva,3313615,2,,,Tae Young (4*Town) (voice),,,,,17,minor,,,
Turning Red,2022,2022,Animation|Family|Comedy|Fantasy,508947,movie,Josh Levi,1938898,2,,,Aaron Z. (4*Town) (voice),,,,,18,minor,,,
Turning Red,2022,2022,Animation|Family|Comedy|Fantasy,508947,movie,Sasha Roiz,6071,2,,,Mr. Kieslowski / Additional Voices (voice),,,,,19,minor,,,
Turning Red,2022,2022,Animation|Family|Comedy|Fantasy,508947,movie,Addie Chandler,2362592,2,,,Devon / Additional Voices (voice),,,,,20,minor,,,
The Hobbit: An Unexpected Journey,2012,2012,Adventure|Fantasy|Action,49051,movie,Martin Freeman,7060,2,,,Bilbo Baggins,,,,,1,lead,,,
The Hobbit: An Unexpected Journey,2012,2012,Adventure|Fantasy|Action,49051,movie,Ian McKellen,1327,2,,,Gandalf the Grey,,,,,2,lead,,,
The Hobbit: An Unexpected Journey,2012,2012,Adventure|Fantasy|Action,49051,movie,Richard Armitage,30315,2,,,Thorin Oakenshield,,,,,3,lead,,,
The Hobbit: An Unexpected Journey,2012,2012,Adventure|Fantasy|Action,49051,movie,James Nesbitt,34715,2,,,Bofur,,,,,4,supporting,,,
The Hobbit: An Unexpected Journey,2012,2012,Adventure|Fantasy|Action,49051,movie,Ken Stott,25136,2,,,Balin,,,,,5,supporting,,,
The Hobbit: An Unexpected Journey,2012,2012,Adventure|Fantasy|Action,49051,movie,Sylvester McCoy,80112,2,,,Radagast the Brown,,,,,6,supporting,,,
The Hobbit: An Unexpected Journey,2012,2012,Adventure|Fantasy|Action,49051,movie,Barry Humphries,22,2,,,The Great Goblin,,,,,7,supporting,,,
The Hobbit: An Unexpected Journey,2012,2012,Adventure|Fantasy|Action,49051,movie,Dean O'Gorman,152566,2,,,Fili,,,,,8,supporting,,,
The Hobbit: An Unexpected Journey,2012,2012,Adventure|Fantasy|Action,49051,movie,Aidan Turner,207558,2,,,Kili,,,,,9,supporting,,,
The Hobbit: An Unexpected Journey,2012,2012,Adventure|Fantasy|Action,49051,movie,Graham McTavish,95047,2,,,Dwalin,,,,,10,supporting,,,
The Hobbit: An Unexpected Journey,2012,2012,Adventure|Fantasy|Action,49051,movie,Adam Brown,1193833,2,,,Ori,,,,,11,minor,,,
The Hobbit: An Unexpected Journey,2012,2012,Adventure|Fantasy|Action,49051,movie,Peter Hambleton,1193832,2,,,Gloin / William Troll,,,,,12,minor,,,
The Hobbit: An Unexpected Journey,2012,2012,Adventure|Fantasy|Action,49051,movie,John Callen,534336,2,,,Oin,,,,,13,minor,,,
The Hobbit: An Unexpected Journey,2012,2012,Adventure|Fantasy|Action,49051,movie,Mark Hadlow,81877,2,,,Dori / Bert Troll,,,,,14,minor,,,
The Hobbit: An Unexpected Journey,2012,2012,Adventure|Fantasy|Action,49051,movie,Jed Brophy,173451,2,,,Nori,,,,,15,minor,,,
The Hobbit: An Unexpected Journey,2012,2012,Adventure|Fantasy|Action,49051,movie,William Kircher,67123,2,,,Bifur / Tom Troll,,,,,16,minor,,,
The Hobbit: An Unexpected Journey,2012,2012,Adventure|Fantasy|Action,49051,movie,Stephen Hunter,1193834,2,,,Bombur,,,,,17,minor,,,
The Hobbit: An Unexpected Journey,2012,2012,Adventure|Fantasy|Action,49051,movie,Andy Serkis,1333,2,,,Gollum,,,,,18,minor,,,
The Hobbit: An Unexpected Journey,2012,2012,Adventure|Fantasy|Action,49051,movie,Cate Blanchett,112,1,,,Galadriel,,,,,19,minor,,,
The Hobbit: An Unexpected Journey,2012,2012,Adventure|Fantasy|Action,49051,movie,Lee Pace,72095,2,,,King Thranduil,,,,,20,minor,,,
Cars,2006,2006,Animation|Adventure|Comedy|Family,920,movie,Owen Wilson,887,2,,,Lightning McQueen (voice),,,,,1,lead,,,
Cars,2006,2006,Animation|Adventure|Comedy|Family,920,movie,Paul Newman,3636,2,,,Doc Hudson (voice),,,,,2,lead,,,
Cars,2006,2006,Animation|Adventure|Comedy|Family,920,movie,Bonnie Hunt,5149,1,,,Sally Carrera (voice),,,,,3,lead,,,
Cars,2006,2006,Animation|Adventure|Comedy|Family,920,movie,Larry the Cable Guy,15897,2,,,Mater (voice),,,,,4,supporting,,,
Cars,2006,2006,Animation|Adventure|Comedy|Family,920,movie,Cheech Marin,11159,2,,,Ramone (voice),,,,,5,supporting,,,
Cars,2006,2006,Animation|Adventure|Comedy|Family,920,movie,Tony Shalhoub,4252,2,,,Luigi (voice),,,,,6,supporting,,,
Cars,2006,2006,Animation|Adventure|Comedy|Family,920,movie,Guido Quaroni,15898,2,,,Guido (voice),,,,,7,supporting,,,
Cars,2006,2006,Animation|Adventure|Comedy|Family,920,movie,Jenifer Lewis,15899,1,,,Flo (voice),,,,,8,supporting,,,
Cars,2006,2006,Animation|Adventure|Comedy|Family,920,movie,Paul Dooley,15900,2,,,Sarge (voice),,,,,9,supporting,,,
Cars,2006,2006,Animation|Adventure|Comedy|Family,920,movie,Michael Wallis,15902,2,,,Sheriff (voice),,,,,10,supporting,,,
Cars,2006,2006,Animation|Adventure|Comedy|Family,920,movie,George Carlin,15903,2,,,Fillmore (voice),,,,,11,minor,,,
Cars,2006,2006,Animation|Adventure|Comedy|Family,920,movie,Katherine Helmond,381,1,,,Lizzie (voice),,,,,12,minor,,,
Cars,2006,2006,Animation|Adventure|Comedy|Family,920,movie,John Ratzenberger,7907,2,,,Mack / Hamm Truck / Abominable Snow Plow / P.T. Flea Car (voice),,,,,13,minor,,,
Cars,2006,2006,Animation|Adventure|Comedy|Family,920,movie,Joe Ranft,7911,2,,,Red / Peterbilt (voice),,,,,14,minor,,,
Cars,2006,2006,Animation|Adventure|Comedy|Family,920,movie,Michael Keaton,2232,2,,,Chick Hicks (voice),,,,,15,minor,,,
Cars,2006,2006,Animation|Adventure|Comedy|Family,920,movie,Richard Petty,1229705,2,,,The King (voice),,,,,16,minor,,,
Cars,2006,2006,Animation|Adventure|Comedy|Family,920,movie,Jeremy Piven,12799,2,,,Harv (voice),,,,,17,minor,,,
Cars,2006,2006,Animation|Adventure|Comedy|Family,920,movie,Bob Costas,160042,2,,,Bob Cutlass (voice),,,,,18,minor,,,
Cars,2006,2006,Animation|Adventure|Comedy|Family,920,movie,Darrell Waltrip,942993,2,,,Darrell Cartrip (voice),,,,,19,minor,,,
Cars,2006,2006,Animation|Adventure|Comedy|Family,920,movie,Richard Kind,21125,2,,,Van (voice),,,,,20,minor,,,
TransSiberian,2008,2008,Thriller|Crime|Mystery,6687,movie,Woody Harrelson,57755,2,,,Roy,,,,,1,lead,,,
TransSiberian,2008,2008,Thriller|Crime|Mystery,6687,movie,Emily Mortimer,1246,1,,,Jessie,,,,,2,lead,,,
TransSiberian,2008,2008,Thriller|Crime|Mystery,6687,movie,Kate Mara,51072,1,,,Abby,,,,,3,lead,,,
TransSiberian,2008,2008,Thriller|Crime|Mystery,6687,movie,Eduardo Noriega,17093,2,,,Carlos,,,,,4,supporting,,,
TransSiberian,2008,2008,Thriller|Crime|Mystery,6687,movie,Thomas Kretschmann,3491,2,,,Myassa,,,,,5,supporting,,,
TransSiberian,2008,2008,Thriller|Crime|Mystery,6687,movie,Ben Kingsley,2282,2,,,Grinko,,,,,6,supporting,,,
TransSiberian,2008,2008,Thriller|Crime|Mystery,6687,movie,Etienne Chicot,150792,2,,,Frenchman,,,,,7,supporting,,,
TransSiberian,2008,2008,Thriller|Crime|Mystery,6687,movie,Mac McDonald,33403,2,,,Minister,,,,,8,supporting,,,
TransSiberian,2008,2008,Thriller|Crime|Mystery,6687,movie,Colin Stinton,23608,2,,,Embassy Official,,,,,9,supporting,,,
TransSiberian,2008,2008,Thriller|Crime|Mystery,6687,movie,Perlis Vaisieta,1129800,0,,,Manager Hotel Pushkin,,,,,10,supporting,,,
TransSiberian,2008,2008,Thriller|Crime|Mystery,6687,movie,Mindaugas Papinigis,569842,2,,,Young Detective,,,,,11,minor,,,
TransSiberian,2008,2008,Thriller|Crime|Mystery,6687,movie,Mindaugas Capas,1129801,2,,,Military Officer,,,,,12,minor,,,
TransSiberian,2008,2008,Thriller|Crime|Mystery,6687,movie,Sonata Visockaitė,569847,1,,,Female Train Attendant #1,,,,,13,minor,,,
TransSiberian,2008,2008,Thriller|Crime|Mystery,6687,movie,Larisa Kalpokaitė,1129802,1,,,Female Train Attendant #2,,,,,14,minor,,,
TransSiberian,2008,2008,Thriller|Crime|Mystery,6687,movie,Andrius Paulavičius,231869,2,,,Lithuanian Backpacker,,,,,15,minor,,,
TransSiberian,2008,2008,Thriller|Crime|Mystery,6687,movie,Emilis Vėlyvis,231866,2,,,Cop,,,,,16,minor,,,
TransSiberian,2008,2008,Thriller|Crime|Mystery,6687,movie,Valentinas Krulikovskis,1771458,2,,,Young Waiter,,,,,17,minor,,,
Joker,2019,2019,Crime|Thriller|Drama,475557,movie,Joaquin Phoenix,73421,2,,,Arthur Fleck,,,,,1,lead,,,
Joker,2019,2019,Crime|Thriller|Drama,475557,movie,Robert De Niro,380,2,,,Murray Franklin,,,,,2,lead,,,
Joker,2019,2019,Crime|Thriller|Drama,475557,movie,Zazie Beetz,1545693,1,,,Sophie Dumond,,,,,3,lead,,,
Joker,2019,2019,Crime|Thriller|Drama,475557,movie,Frances Conroy,4432,1,,,Penny Fleck,,,,,4,supporting,,,
Joker,2019,2019,Crime|Thriller|Drama,475557,movie,Brett Cullen,16841,2,,,Thomas Wayne,,,,,5,supporting,,,
Joker,2019,2019,Crime|Thriller|Drama,475557,movie,Shea Whigham,74242,2,,,Detective Burke,,,,,6,supporting,,,
Joker,2019,2019,Crime|Thriller|Drama,475557,movie,Bill Camp,121718,2,,,Detective Garrity,,,,,7,supporting,,,
Joker,2019,2019,Crime|Thriller|Drama,475557,movie,Glenn Fleshler,1377670,2,,,Randall,,,,,8,supporting,,,
Joker,2019,2019,Crime|Thriller|Drama,475557,movie,Leigh Gill,1416396,2,,,Gary,,,,,9,supporting,,,
Joker,2019,2019,Crime|Thriller|Drama,475557,movie,Josh Pais,6181,2,,,Hoyt Vaughn,,,,,10,supporting,,,
Joker,2019,2019,Crime|Thriller|Drama,475557,movie,Rocco Luna,2504601,1,,,GiGi Dumond,,,,,11,minor,,,
Joker,2019,2019,Crime|Thriller|Drama,475557,movie,Marc Maron,1231717,2,,,Gene Ufland,,,,,12,minor,,,
Joker,2019,2019,Crime|Thriller|Drama,475557,movie,Sondra James,171297,1,,,Dr. Sally,,,,,13,minor,,,
Joker,2019,2019,Crime|Thriller|Drama,475557,movie,Murphy Guyer,155547,2,,,Barry O'Donnell,,,,,14,minor,,,
Joker,2019,2019,Crime|Thriller|Drama,475557,movie,Douglas Hodge,80149,2,,,Alfred Pennyworth,,,,,15,minor,,,
Joker,2019,2019,Crime|Thriller|Drama,475557,movie,Dante Pereira-Olson,1765331,2,,,Bruce Wayne,,,,,16,minor,,,
Joker,2019,2019,Crime|Thriller|Drama,475557,movie,Carrie Louise Putrello,2504604,1,,,Martha Wayne,,,,,17,minor,,,
Joker,2019,2019,Crime|Thriller|Drama,475557,movie,Sharon Washington,141748,1,,,Social Worker,,,,,18,minor,,,
Joker,2019,2019,Crime|Thriller|Drama,475557,movie,Hannah Gross,1049916,1,,,Young Penny,,,,,19,minor,,,
Joker,2019,2019,Crime|Thriller|Drama,475557,movie,Frank Wood,52021,2,,,Dr. Stoner,,,,,20,minor,,,
World War Z,2013,2013,Action|Horror|Science Fiction|Thriller,72190,movie,Brad Pitt,287,2,,,Gerry Lane,,,,,1,lead,,,
World War Z,2013,2013,Action|Horror|Science Fiction|Thriller,72190,movie,Mireille Enos,175826,1,,,Karen Lane,,,,,2,lead,,,
World War Z,2013,2013,Action|Horror|Science Fiction|Thriller,72190,movie,Daniella Kertesz,1180907,1,,,Segen,,,,,3,lead,,,
World War Z,2013,2013,Action|Horror|Science Fiction|Thriller,72190,movie,James Badge Dale,18473,2,,,Captain Speke,,,,,4,supporting,,,
World War Z,2013,2013,Action|Horror|Science Fiction|Thriller,72190,movie,Ludi Boeken,119297,2,,,Jurgen Warmbrunn,,,,,5,supporting,,,
World War Z,2013,2013,Action|Horror|Science Fiction|Thriller,72190,movie,Matthew Fox,28657,2,,,Parajumper,,,,,6,supporting,,,
World War Z,2013,2013,Action|Horror|Science Fiction|Thriller,72190,movie,Fana Mokoena,2607,2,,,Thierry Umutoni,,,,,7,supporting,,,
World War Z,2013,2013,Action|Horror|Science Fiction|Thriller,72190,movie,David Morse,52,2,,,Ex-CIA Agent,,,,,8,supporting,,,
World War Z,2013,2013,Action|Horror|Science Fiction|Thriller,72190,movie,Elyes Gabel,78050,2,,,Andrew Fassbach,,,,,9,supporting,,,
World War Z,2013,2013,Action|Horror|Science Fiction|Thriller,72190,movie,Sterling Jerins,1186840,1,,,Constance Lane,,,,,10,supporting,,,
World War Z,2013,2013,Action|Horror|Science Fiction|Thriller,72190,movie,Peter Capaldi,12982,2,,,W.H.O. Doctor,,,,,11,minor,,,
World War Z,2013,2013,Action|Horror|Science Fiction|Thriller,72190,movie,Pierfrancesco Favino,17839,2,,,W.H.O. Doctor,,,,,12,minor,,,
World War Z,2013,2013,Action|Horror|Science Fiction|Thriller,72190,movie,Ruth Negga,17018,1,,,W.H.O. Doctor,,,,,13,minor,,,
World War Z,2013,2013,Action|Horror|Science Fiction|Thriller,72190,movie,Moritz Bleibtreu,677,2,,,W.H.O. Doctor,,,,,14,minor,,,
World War Z,2013,2013,Action|Horror|Science Fiction|Thriller,72190,movie,Abigail Hargrove,1027850,1,,,Rachel Lane,,,,,15,minor,,,
World War Z,2013,2013,Action|Horror|Science Fiction|Thriller,72190,movie,Fabrizio Guido,1180908,2,,,Tomas,,,,,16,minor,,,
World War Z,2013,2013,Action|Horror|Science Fiction|Thriller,72190,movie,David Andrews,7219,2,,,Navy Captain Mullenaro,,,,,17,minor,,,
World War Z,2013,2013,Action|Horror|Science Fiction|Thriller,72190,movie,John Gordon Sinclair,97884,2,,,Navy SEAL Commander,,,,,18,minor,,,
World War Z,2013,2013,Action|Horror|Science Fiction|Thriller,72190,movie,Grégory Fitoussi,1040850,2,,,C130 Pilot,,,,,19,minor,,,
World War Z,2013,2013,Action|Horror|Science Fiction|Thriller,72190,movie,Jane Perry,158414,1,,,UN Delegate,,,,,20,minor,,,
Gone Girl,2014,2014,Mystery|Thriller|Drama,210577,movie,Ben Affleck,880,2,,,Nick Dunne,,,,,1,lead,,,
Gone Girl,2014,2014,Mystery|Thriller|Drama,210577,movie,Rosamund Pike,10882,1,,,Amy Dunne,,,,,2,lead,,,
Gone Girl,2014,2014,Mystery|Thriller|Drama,210577,movie,Neil Patrick Harris,41686,2,,,Desi Collings,,,,,3,lead,,,
Gone Girl,2014,2014,Mystery|Thriller|Drama,210577,movie,Tyler Perry,80602,2,,,Tanner Bolt,,,,,4,supporting,,,
Gone Girl,2014,2014,Mystery|Thriller|Drama,210577,movie,Carrie Coon,1308445,1,,,Margo Dunne,,,,,5,supporting,,,
Gone Girl,2014,2014,Mystery|Thriller|Drama,210577,movie,Kim Dickens,21165,1,,,Detective Rhonda Boney,,,,,6,supporting,,,
Gone Girl,2014,2014,Mystery|Thriller|Drama,210577,movie,Patrick Fugit,11663,2,,,Officer James Gilpin,,,,,7,supporting,,,
Gone Girl,2014,2014,Mystery|Thriller|Drama,210577,movie,David Clennon,15412,2,,,Rand Elliott,,,,,8,supporting,,,
Gone Girl,2014,2014,Mystery|Thriller|Drama,210577,movie,Lisa Banes,52878,1,,,Marybeth Elliott,,,,,9,supporting,,,
Gone Girl,2014,2014,Mystery|Thriller|Drama,210577,movie,Missi Pyle,1294,1,,,Ellen Abbott,,,,,10,supporting,,,
Gone Girl,2014,2014,Mystery|Thriller|Drama,210577,movie,Emily Ratajkowski,1186505,1,,,Andie Fitzgerald,,,,,11,minor,,,
Gone Girl,2014,2014,Mystery|Thriller|Drama,210577,movie,Casey Wilson,83872,1,,,Noelle Hawthorne,,,,,12,minor,,,
Gone Girl,2014,2014,Mystery|Thriller|Drama,210577,movie,Lola Kirke,1345418,1,,,Greta,,,,,13,minor,,,
Gone Girl,2014,2014,Mystery|Thriller|Drama,210577,movie,Boyd Holbrook,467645,2,,,Jeff,,,,,14,minor,,,
Gone Girl,2014,2014,Mystery|Thriller|Drama,210577,movie,Sela Ward,6068,1,,,Sharon Schieber,,,,,15,minor,,,
Gone Girl,2014,2014,Mystery|Thriller|Drama,210577,movie,Lee Norris,166897,2,,,Officer,,,,,16,minor,,,
Gone Girl,2014,2014,Mystery|Thriller|Drama,210577,movie,Jamie McShane,79079,2,,,Donnelly,,,,,17,minor,,,
Gone Girl,2014,2014,Mystery|Thriller|Drama,210577,movie,Leonard Kelly-Young,1438995,2,,,Bill Dunne,,,,,18,minor,,,
Gone Girl,2014,2014,Mystery|Thriller|Drama,210577,movie,Kathleen Rose Perkins,149334,1,,,Shawna Kelly,,,,,19,minor,,,
Gone Girl,2014,2014,Mystery|Thriller|Drama,210577,movie,Pete Housman,1439007,0,,,Walter,,,,,20,minor,,,
Kingdom of Heaven,2005,2005,Drama|Action|Adventure|History|War,1495,movie,Orlando Bloom,114,2,,,Balian de Ibelin,,,,,1,lead,,,
Kingdom of Heaven,2005,2005,Drama|Action|Adventure|History|War,1495,movie,Eva Green,10912,1,,,Sibylla,,,,,2,lead,,,
Kingdom of Heaven,2005,2005,Drama|Action|Adventure|History|War,1495,movie,Jeremy Irons,16940,2,,,Tiberias,,,,,3,lead,,,
Kingdom of Heaven,2005,2005,Drama|Action|Adventure|History|War,1495,movie,David Thewlis,11207,2,,,Hospitaler,,,,,4,supporting,,,
Kingdom of Heaven,2005,2005,Drama|Action|Adventure|History|War,1495,movie,Ghassan Massoud,70577,2,,,Saladin,,,,,5,supporting,,,
Kingdom of Heaven,2005,2005,Drama|Action|Adventure|History|War,1495,movie,Liam Neeson,3896,2,,,Godfrey de Ibelin,,,,,6,supporting,,,
Kingdom of Heaven,2005,2005,Drama|Action|Adventure|History|War,1495,movie,Brendan Gleeson,2039,2,,,Reynald de Chatillon,,,,,7,supporting,,,
Kingdom of Heaven,2005,2005,Drama|Action|Adventure|History|War,1495,movie,Marton Csokas,20982,2,,,Guy de Lusignan,,,,,8,supporting,,,
Kingdom of Heaven,2005,2005,Drama|Action|Adventure|History|War,1495,movie,Alexander Siddig,2957,2,,,Nasir,,,,,9,supporting,,,
Kingdom of Heaven,2005,2005,Drama|Action|Adventure|History|War,1495,movie,Michael Sheen,3968,2,,,Priest,,,,,10,supporting,,,
Kingdom of Heaven,2005,2005,Drama|Action|Adventure|History|War,1495,movie,Khaled El Nabawy,230705,2,,,Mullah,,,,,11,minor,,,
Kingdom of Heaven,2005,2005,Drama|Action|Adventure|History|War,1495,movie,Nikolaj Coster-Waldau,12795,2,,,Village Sheriff,,,,,12,minor,,,
Kingdom of Heaven,2005,2005,Drama|Action|Adventure|History|War,1495,movie,Kevin McKidd,9013,2,,,English Sergeant,,,,,13,minor,,,
Kingdom of Heaven,2005,2005,Drama|Action|Adventure|History|War,1495,movie,Velibor Topic,34515,2,,,Almaric,,,,,14,minor,,,
Kingdom of Heaven,2005,2005,Drama|Action|Adventure|History|War,1495,movie,Jon Finch,8223,2,,,Patriarch of Jerusalem,,,,,15,minor,,,
Kingdom of Heaven,2005,2005,Drama|Action|Adventure|History|War,1495,movie,Ulrich Thomsen,4455,2,,,Templar Master,,,,,16,minor,,,
Kingdom of Heaven,2005,2005,Drama|Action|Adventure|History|War,1495,movie,Jouko Ahola,34514,2,,,Odo,,,,,17,minor,,,
Kingdom of Heaven,2005,2005,Drama|Action|Adventure|History|War,1495,movie,Shane Attwooll,1057877,2,,,Reynald's Templar Knight,,,,,18,minor,,,
Kingdom of Heaven,2005,2005,Drama|Action|Adventure|History|War,1495,movie,Peter Cant,2801191,0,,,Peasant Boy,,,,,19,minor,,,
Kingdom of Heaven,2005,2005,Drama|Action|Adventure|History|War,1495,movie,Nathalie Cox,17337,1,,,Balian's Wife,,,,,20,minor,,,
Sarah's Oil,2025,2025,Drama,1325678,movie,Naya Desir-Johnson,3095757,1,,,Sarah,,,,,1,lead,,,
Sarah's Oil,2025,2025,Drama,1325678,movie,Sonequa Martin-Green,1031067,1,,,Rose,,,,,2,lead,,,
Sarah's Oil,2025,2025,Drama,1325678,movie,Zachary Levi,69899,2,,,Bert Smith,,,,,3,lead,,,
Sarah's Oil,2025,2025,Drama,1325678,movie,Garret Dillahunt,39520,2,,,Devnan,,,,,4,supporting,,,
Sarah's Oil,2025,2025,Drama,1325678,movie,Bridget Regan,1222298,1,,,Kate Barnard,,,,,5,supporting,,,
Sarah's Oil,2025,2025,Drama,1325678,movie,Kenric Green,1541740,2,,,Joe,,,,,6,supporting,,,
Sarah's Oil,2025,2025,Drama,1325678,movie,Adyan Copes,4868822,2,,,Junior,,,,,7,supporting,,,
Sarah's Oil,2025,2025,Drama,1325678,movie,Stelio Savante,37403,2,,,Earl,,,,,8,supporting,,,
Sarah's Oil,2025,2025,Drama,1325678,movie,Mel Rodriguez,59675,2,,,Mace,,,,,9,supporting,,,
Sarah's Oil,2025,2025,Drama,1325678,movie,Jonathan Lipnicki,67778,2,,,Chemist,,,,,10,supporting,,,
Sarah's Oil,2025,2025,Drama,1325678,movie,Marco Fuller,3868095,2,,,Jimsye,,,,,11,minor,,,
Sarah's Oil,2025,2025,Drama,1325678,movie,Kevin Downes,235548,2,,,Dallas Blake,,,,,12,minor,,,
Sarah's Oil,2025,2025,Drama,1325678,movie,Malea Mitchell,1632113,1,,,Gabby,,,,,13,minor,,,
Sarah's Oil,2025,2025,Drama,1325678,movie,Ernest Marsh,2955721,2,,,Taft Family Man,,,,,14,minor,,,
Sarah's Oil,2025,2025,Drama,1325678,movie,Selase Botchway,3998510,0,,,Mr. Pharr,,,,,15,minor,,,
Sarah's Oil,2025,2025,Drama,1325678,movie,Vic Trevino,140077,2,,,Horace,,,,,16,minor,,,
Sarah's Oil,2025,2025,Drama,1325678,movie,Fracaswell Hyman,3313755,2,,,Mr. Shep,,,,,17,minor,,,
Sarah's Oil,2025,2025,Drama,1325678,movie,Tom Ohmer,158097,2,,,Judge Leahy,,,,,18,minor,,,
Sarah's Oil,2025,2025,Drama,1325678,movie,Ryan O'Quinn,170426,0,,,Eddie Caron,,,,,19,minor,,,
Sarah's Oil,2025,2025,Drama,1325678,movie,Robert Goodman,176215,2,,,Wilcox,,,,,20,minor,,,
Nobody,2021,2021,Action|Thriller,615457,movie,Bob Odenkirk,59410,2,,,Hutch Mansell,,,,,1,lead,,,
Nobody,2021,2021,Action|Thriller,615457,movie,Aleksey Serebryakov,113332,2,,,Yulian Kuznetsov,,,,,2,lead,,,
Nobody,2021,2021,Action|Thriller,615457,movie,Connie Nielsen,935,1,,,Becca Mansell,,,,,3,lead,,,
Nobody,2021,2021,Action|Thriller,615457,movie,Christopher Lloyd,1062,2,,,David Mansell,,,,,4,supporting,,,
Nobody,2021,2021,Action|Thriller,615457,movie,Michael Ironside,11086,2,,,Eddie Williams,,,,,5,supporting,,,
Nobody,2021,2021,Action|Thriller,615457,movie,Colin Salmon,5414,2,,,The Barber,,,,,6,supporting,,,
Nobody,2021,2021,Action|Thriller,615457,movie,RZA,150,2,,,Harry Mansell,,,,,7,supporting,,,
Nobody,2021,2021,Action|Thriller,615457,movie,Billy MacLellan,63814,2,,,Charlie Williams,,,,,8,supporting,,,
Nobody,2021,2021,Action|Thriller,615457,movie,Araya Mengesha,1959472,2,,,Pavel,,,,,9,supporting,,,
Nobody,2021,2021,Action|Thriller,615457,movie,Gage Munroe,119251,2,,,Brady Mansell,,,,,10,supporting,,,
Nobody,2021,2021,Action|Thriller,615457,movie,Paisley Cadorath,2593447,1,,,Sammy Mansell,,,,,11,minor,,,
Nobody,2021,2021,Action|Thriller,615457,movie,Aleksandr Pal,1337737,2,,,Teddy Kuznetsov,,,,,12,minor,,,
Nobody,2021,2021,Action|Thriller,615457,movie,Humberly González,1847915,1,,,Lupita Martin,,,,,13,minor,,,
Nobody,2021,2021,Action|Thriller,615457,movie,Edsson Morales,1793734,2,,,Luis Martin,,,,,14,minor,,,
Nobody,2021,2021,Action|Thriller,615457,movie,J.P. Manoux,88702,2,,,Pentagon Darren,,,,,15,minor,,,
Nobody,2021,2021,Action|Thriller,615457,movie,Adrian McLean,1780955,2,,,Joey,,,,,16,minor,,,
Nobody,2021,2021,Action|Thriller,615457,movie,Ilya Naishuller,1169024,2,,,Hitman Anatoly,,,,,17,minor,,,
Nobody,2021,2021,Action|Thriller,615457,movie,Sergey Shnurov,107824,2,,,Hitman Valentin,,,,,18,minor,,,
Nobody,2021,2021,Action|Thriller,615457,movie,Joanne Rodriguez,61170,1,,,Bus Driver Donna,,,,,19,minor,,,
Nobody,2021,2021,Action|Thriller,615457,movie,Stephanie Sy,2154533,1,,,Realtor,,,,,20,minor,,,
It,2017,2017,Horror|Thriller|Drama,346364,movie,Jaeden Martell,1274508,2,,,Bill Denbrough,,,,,1,lead,,,
It,2017,2017,Horror|Thriller|Drama,346364,movie,Jeremy Ray Taylor,1559689,2,,,Ben Hanscom,,,,,2,lead,,,
It,2017,2017,Horror|Thriller|Drama,346364,movie,Sophia Lillis,1481238,1,,,Beverly Marsh,,,,,3,lead,,,
It,2017,2017,Horror|Thriller|Drama,346364,movie,Finn Wolfhard,1442069,2,,,Richie Tozier,,,,,4,supporting,,,
It,2017,2017,Horror|Thriller|Drama,346364,movie,Chosen Jacobs,1643043,2,,,Mike Hanlon,,,,,5,supporting,,,
It,2017,2017,Horror|Thriller|Drama,346364,movie,Jack Dylan Grazer,1774679,2,,,Eddie Kaspbrak,,,,,6,supporting,,,
It,2017,2017,Horror|Thriller|Drama,346364,movie,Wyatt Oleff,1148455,2,,,Stanley Uris,,,,,7,supporting,,,
It,2017,2017,Horror|Thriller|Drama,346364,movie,Bill Skarsgård,137905,2,,,Pennywise,,,,,8,supporting,,,
It,2017,2017,Horror|Thriller|Drama,346364,movie,Nicholas Hamilton,1504947,2,,,Henry Bowers,,,,,9,supporting,,,
It,2017,2017,Horror|Thriller|Drama,346364,movie,Jake Sim,1131069,2,,,Belch Huggins,,,,,10,supporting,,,
It,2017,2017,Horror|Thriller|Drama,346364,movie,Logan Thompson,1730333,2,,,Victor Criss,,,,,11,minor,,,
It,2017,2017,Horror|Thriller|Drama,346364,movie,Owen Teague,1586047,2,,,Patrick Hockstetter,,,,,12,minor,,,
It,2017,2017,Horror|Thriller|Drama,346364,movie,Jackson Robert Scott,1649803,2,,,Georgie Denbrough,,,,,13,minor,,,
It,2017,2017,Horror|Thriller|Drama,346364,movie,Stephen Bogaert,32031,2,,,Mr. Marsh,,,,,14,minor,,,
It,2017,2017,Horror|Thriller|Drama,346364,movie,Stuart Hughes,116487,2,,,Officer Bowers,,,,,15,minor,,,
It,2017,2017,Horror|Thriller|Drama,346364,movie,Geoffrey Pounsett,108892,2,,,Zach Denbrough,,,,,16,minor,,,
It,2017,2017,Horror|Thriller|Drama,346364,movie,Pip Dwyer,1774681,1,,,Sharon Denbrough,,,,,17,minor,,,
It,2017,2017,Horror|Thriller|Drama,346364,movie,Molly Atkinson,1484899,1,,,Sonia Kaspbrak,,,,,18,minor,,,
It,2017,2017,Horror|Thriller|Drama,346364,movie,Steven Williams,51579,2,,,Leroy Hanlon,,,,,19,minor,,,
It,2017,2017,Horror|Thriller|Drama,346364,movie,Elizabeth Saunders,108895,1,,,Mrs. Starret,,,,,20,minor,,,
Anyone But You,2023,2023,Romance|Comedy,1072790,movie,Sydney Sweeney,115440,1,,,Bea,,,,,1,lead,,,
Anyone But You,2023,2023,Romance|Comedy,1072790,movie,Glen Powell,83271,2,,,Ben,,,,,2,lead,,,
Anyone But You,2023,2023,Romance|Comedy,1072790,movie,Mia Artemis,3085680,1,,,Barista,,,,,3,lead,,,
Anyone But You,2023,2023,Romance|Comedy,1072790,movie,Nat Buchanan,2728596,1,,,Miranda Clerk,,,,,4,supporting,,,
Anyone But You,2023,2023,Romance|Comedy,1072790,movie,GaTa,2495673,2,,,Pete,,,,,5,supporting,,,
Anyone But You,2023,2023,Romance|Comedy,1072790,movie,Alexandra Shipp,1253199,1,,,Claudia,,,,,6,supporting,,,
Anyone But You,2023,2023,Romance|Comedy,1072790,movie,Hadley Robinson,2311924,1,,,Halle,,,,,7,supporting,,,
Anyone But You,2023,2023,Romance|Comedy,1072790,movie,Dermot Mulroney,20212,2,,,Leo,,,,,8,supporting,,,
Anyone But You,2023,2023,Romance|Comedy,1072790,movie,Rachel Griffiths,3052,1,,,Innie,,,,,9,supporting,,,
Anyone But You,2023,2023,Romance|Comedy,1072790,movie,Deborah Faye Lee,3864503,0,,,Flight Attendant,,,,,10,supporting,,,
Anyone But You,2023,2023,Romance|Comedy,1072790,movie,Lance Kerfuffle,1652386,2,,,Peter Gluck,,,,,11,minor,,,
Anyone But You,2023,2023,Romance|Comedy,1072790,movie,Taryn Gluck,1991911,1,,,Olivia von Stauffenberg,,,,,12,minor,,,
Anyone But You,2023,2023,Romance|Comedy,1072790,movie,Alexandra Gluck,1991909,0,,,Mafalda von Stauffenberg,,,,,13,minor,,,
Anyone But You,2023,2023,Romance|Comedy,1072790,movie,Summer Tian,4441952,0,,,Mother at Airport,,,,,14,minor,,,
Anyone But You,2023,2023,Romance|Comedy,1072790,movie,Dan Liu,4441953,0,,,Father at Airport,,,,,15,minor,,,
Anyone But You,2023,2023,Romance|Comedy,1072790,movie,Davina Chan Gallagher,4441954,0,,,Daughter at Airport,,,,,16,minor,,,
Anyone But You,2023,2023,Romance|Comedy,1072790,movie,Charlee Fraser,4441956,1,,,Margaret,,,,,17,minor,,,
Anyone But You,2023,2023,Romance|Comedy,1072790,movie,Joe Davidson,3513813,2,,,Beau,,,,,18,minor,,,
Anyone But You,2023,2023,Romance|Comedy,1072790,movie,Bryan Brown,29092,2,,,Roger,,,,,19,minor,,,
Anyone But You,2023,2023,Romance|Comedy,1072790,movie,Michelle Hurd,91461,1,,,Carol,,,,,20,minor,,,
Psycho,1960,1960,Horror|Thriller|Mystery,539,movie,Anthony Perkins,7301,2,,,Norman Bates,,,,,1,lead,,,
Psycho,1960,1960,Horror|Thriller|Mystery,539,movie,Janet Leigh,7302,1,,,Marion Crane,,,,,2,lead,,,
Psycho,1960,1960,Horror|Thriller|Mystery,539,movie,Vera Miles,7303,1,,,Lila Crane,,,,,3,lead,,,
Psycho,1960,1960,Horror|Thriller|Mystery,539,movie,John Gavin,7304,2,,,Sam Loomis,,,,,4,supporting,,,
Psycho,1960,1960,Horror|Thriller|Mystery,539,movie,Martin Balsam,1936,2,,,Milton Arbogast,,,,,5,supporting,,,
Psycho,1960,1960,Horror|Thriller|Mystery,539,movie,John McIntire,53010,2,,,Al Chambers,,,,,6,supporting,,,
Psycho,1960,1960,Horror|Thriller|Mystery,539,movie,Simon Oakland,14063,2,,,Fred Richman,,,,,7,supporting,,,
Psycho,1960,1960,Horror|Thriller|Mystery,539,movie,Frank Albertson,78902,2,,,Tom Cassidy,,,,,8,supporting,,,
Psycho,1960,1960,Horror|Thriller|Mystery,539,movie,Patricia Hitchcock,12500,1,,,Caroline,,,,,9,supporting,,,
Psycho,1960,1960,Horror|Thriller|Mystery,539,movie,Vaughn Taylor,3641,2,,,George Lowery,,,,,10,supporting,,,
Psycho,1960,1960,Horror|Thriller|Mystery,539,movie,Lurene Tuttle,19781,1,,,Mrs. Chambers,,,,,11,minor,,,
Psycho,1960,1960,Horror|Thriller|Mystery,539,movie,John Anderson,19111,2,,,California Charlie,,,,,12,minor,,,
Psycho,1960,1960,Horror|Thriller|Mystery,539,movie,Mort Mills,45525,2,,,Highway Patrol Officer,,,,,13,minor,,,
Psycho,1960,1960,Horror|Thriller|Mystery,539,movie,Fletcher Allen,2223538,2,,,Policeman on Steps (uncredited),,,,,14,minor,,,
Psycho,1960,1960,Horror|Thriller|Mystery,539,movie,Walter Bacon,1550460,2,,,Church Member (uncredited),,,,,15,minor,,,
Psycho,1960,1960,Horror|Thriller|Mystery,539,movie,Kit Carson,1824638,2,,,(uncredited),,,,,16,minor,,,
Psycho,1960,1960,Horror|Thriller|Mystery,539,movie,Francis De Sales,124848,2,,,Alan Deats (uncredited),,,,,17,minor,,,
Psycho,1960,1960,Horror|Thriller|Mystery,539,movie,George Dockstader,117673,2,,,(uncredited),,,,,18,minor,,,
Psycho,1960,1960,Horror|Thriller|Mystery,539,movie,George Eldredge,116135,2,,,James Mitchell (uncredited),,,,,19,minor,,,
Psycho,1960,1960,Horror|Thriller|Mystery,539,movie,Harper Flaherty,183856,0,,,(uncredited),,,,,20,minor,,,
Doctor Strange in the Multiverse of Madness,2022,2022,Fantasy|Action|Adventure,453395,movie,Benedict Cumberbatch,71580,2,,,Doctor Stephen Strange,,,,,1,lead,,,
Doctor Strange in the Multiverse of Madness,2022,2022,Fantasy|Action|Adventure,453395,movie,Xochitl Gomez,1912381,1,,,America Chavez,,,,,2,lead,,,
Doctor Strange in the Multiverse of Madness,2022,2022,Fantasy|Action|Adventure,453395,movie,Elizabeth Olsen,550843,1,,,Wanda Maximoff / The Scarlet Witch,,,,,3,lead,,,
Doctor Strange in the Multiverse of Madness,2022,2022,Fantasy|Action|Adventure,453395,movie,Chiwetel Ejiofor,5294,2,,,Baron Mordo,,,,,4,supporting,,,
Doctor Strange in the Multiverse of Madness,2022,2022,Fantasy|Action|Adventure,453395,movie,Benedict Wong,30082,2,,,Wong,,,,,5,supporting,,,
Doctor Strange in the Multiverse of Madness,2022,2022,Fantasy|Action|Adventure,453395,movie,Rachel McAdams,53714,1,,,Dr. Christine Palmer,,,,,6,supporting,,,
Doctor Strange in the Multiverse of Madness,2022,2022,Fantasy|Action|Adventure,453395,movie,Jett Klyne,1538879,2,,,Tommy Maximoff,,,,,7,supporting,,,
Doctor Strange in the Multiverse of Madness,2022,2022,Fantasy|Action|Adventure,453395,movie,Julian Hilliard,2047847,2,,,Billy Maximoff,,,,,8,supporting,,,
Doctor Strange in the Multiverse of Madness,2022,2022,Fantasy|Action|Adventure,453395,movie,Michael Stuhlbarg,72873,2,,,Dr. Nic West,,,,,9,supporting,,,
Doctor Strange in the Multiverse of Madness,2022,2022,Fantasy|Action|Adventure,453395,movie,Hayley Atwell,39459,1,,,Captain Carter,,,,,10,supporting,,,
Doctor Strange in the Multiverse of Madness,2022,2022,Fantasy|Action|Adventure,453395,movie,Anson Mount,56675,2,,,Black Bolt,,,,,11,minor,,,
Doctor Strange in the Multiverse of Madness,2022,2022,Fantasy|Action|Adventure,453395,movie,Lashana Lynch,1360281,1,,,Captain Marvel,,,,,12,minor,,,
Doctor Strange in the Multiverse of Madness,2022,2022,Fantasy|Action|Adventure,453395,movie,John Krasinski,17697,2,,,Reed Richards,,,,,13,minor,,,
Doctor Strange in the Multiverse of Madness,2022,2022,Fantasy|Action|Adventure,453395,movie,Patrick Stewart,2387,2,,,Professor Charles Xavier,,,,,14,minor,,,
Doctor Strange in the Multiverse of Madness,2022,2022,Fantasy|Action|Adventure,453395,movie,Charlize Theron,6885,1,,,Clea,,,,,15,minor,,,
Doctor Strange in the Multiverse of Madness,2022,2022,Fantasy|Action|Adventure,453395,movie,Sheila Atim,1851642,1,,,Sara,,,,,16,minor,,,
Doctor Strange in the Multiverse of Madness,2022,2022,Fantasy|Action|Adventure,453395,movie,Adam Hugill,2211274,2,,,Rintrah (voice),,,,,17,minor,,,
Doctor Strange in the Multiverse of Madness,2022,2022,Fantasy|Action|Adventure,453395,movie,Bruce Campbell,11357,2,,,Pizza Poppa,,,,,18,minor,,,
Doctor Strange in the Multiverse of Madness,2022,2022,Fantasy|Action|Adventure,453395,movie,Ross Marquand,555249,2,,,Ultron (voice),,,,,19,minor,,,
Doctor Strange in the Multiverse of Madness,2022,2022,Fantasy|Action|Adventure,453395,movie,Andy Bale,2366019,2,,,Memory Lane Salesperson (voice),,,,,20,minor,,,
Thunderbolts*,2025,2025,Action|Science Fiction|Adventure,986056,movie,Florence Pugh,1373737,1,,,Yelena Belova,,,,,1,lead,,,
Thunderbolts*,2025,2025,Action|Science Fiction|Adventure,986056,movie,Sebastian Stan,60898,2,,,Bucky Barnes,,,,,2,lead,,,
Thunderbolts*,2025,2025,Action|Science Fiction|Adventure,986056,movie,Julia Louis-Dreyfus,15886,1,,,Valentina Allegra de Fontaine,,,,,3,lead,,,
Thunderbolts*,2025,2025,Action|Science Fiction|Adventure,986056,movie,Lewis Pullman,1700685,2,,,Robert Reynolds,,,,,4,supporting,,,
Thunderbolts*,2025,2025,Action|Science Fiction|Adventure,986056,movie,David Harbour,35029,2,,,Alexei Shostakov,,,,,5,supporting,,,
Thunderbolts*,2025,2025,Action|Science Fiction|Adventure,986056,movie,Wyatt Russell,986808,2,,,John Walker,,,,,6,supporting,,,
Thunderbolts*,2025,2025,Action|Science Fiction|Adventure,986056,movie,Hannah John-Kamen,1408809,1,,,Ava Starr,,,,,7,supporting,,,
Thunderbolts*,2025,2025,Action|Science Fiction|Adventure,986056,movie,Olga Kurylenko,18182,1,,,Antonia Dreykov,,,,,8,supporting,,,
Thunderbolts*,2025,2025,Action|Science Fiction|Adventure,986056,movie,Geraldine Viswanathan,1803287,1,,,Mel,,,,,9,supporting,,,
Thunderbolts*,2025,2025,Action|Science Fiction|Adventure,986056,movie,Wendell Pierce,17859,2,,,Congressman Gary,,,,,10,supporting,,,
Thunderbolts*,2025,2025,Action|Science Fiction|Adventure,986056,movie,Chris Bauer,4445,2,,,Holt,,,,,11,minor,,,
Thunderbolts*,2025,2025,Action|Science Fiction|Adventure,986056,movie,Violet McGraw,2131391,1,,,Young Yelena,,,,,12,minor,,,
Thunderbolts*,2025,2025,Action|Science Fiction|Adventure,986056,movie,Alexa Swinton,2380384,1,,,Anya,,,,,13,minor,,,
Thunderbolts*,2025,2025,Action|Science Fiction|Adventure,986056,movie,Eric Lange,116514,2,,,Houston,,,,,14,minor,,,
Thunderbolts*,2025,2025,Action|Science Fiction|Adventure,986056,movie,Chiara Stella,2217746,1,,,Young Valentina,,,,,15,minor,,,
Thunderbolts*,2025,2025,Action|Science Fiction|Adventure,986056,movie,Stefano Carannante,3996386,2,,,Valentina's Father,,,,,16,minor,,,
Thunderbolts*,2025,2025,Action|Science Fiction|Adventure,986056,movie,Gianfranco Terrin,2194404,0,,,Nico,,,,,17,minor,,,
Thunderbolts*,2025,2025,Action|Science Fiction|Adventure,986056,movie,Georgui Kasaev,2065177,2,,,Russian Man,,,,,18,minor,,,
Thunderbolts*,2025,2025,Action|Science Fiction|Adventure,986056,movie,Charlotte Ann Tucker,3227013,1,,,Saved Little Girl,,,,,19,minor,,,
Thunderbolts*,2025,2025,Action|Science Fiction|Adventure,986056,movie,Gabrielle Byndloss,2189069,1,,,Olivia Walker,,,,,20,minor,,,
Shutter Island,2010,2010,Drama|Thriller|Mystery,11324,movie,Leonardo DiCaprio,6193,2,,,Teddy Daniels,,,,,1,lead,,,
Shutter Island,2010,2010,Drama|Thriller|Mystery,11324,movie,Mark Ruffalo,103,2,,,Chuck Aule,,,,,2,lead,,,
Shutter Island,2010,2010,Drama|Thriller|Mystery,11324,movie,Ben Kingsley,2282,2,,,Dr. Cawley,,,,,3,lead,,,
Shutter Island,2010,2010,Drama|Thriller|Mystery,11324,movie,Max von Sydow,2201,2,,,Dr. Naehring,,,,,4,supporting,,,
Shutter Island,2010,2010,Drama|Thriller|Mystery,11324,movie,Michelle Williams,1812,1,,,Dolores,,,,,5,supporting,,,
Shutter Island,2010,2010,Drama|Thriller|Mystery,11324,movie,Emily Mortimer,1246,1,,,Rachel 1,,,,,6,supporting,,,
Shutter Island,2010,2010,Drama|Thriller|Mystery,11324,movie,Patricia Clarkson,1276,1,,,Rachel 2,,,,,7,supporting,,,
Shutter Island,2010,2010,Drama|Thriller|Mystery,11324,movie,Jackie Earle Haley,17183,2,,,George Noyce,,,,,8,supporting,,,
Shutter Island,2010,2010,Drama|Thriller|Mystery,11324,movie,Ted Levine,15854,2,,,Warden,,,,,9,supporting,,,
Shutter Island,2010,2010,Drama|Thriller|Mystery,11324,movie,John Carroll Lynch,3911,2,,,Deputy Warden McPherson,,,,,10,supporting,,,
Shutter Island,2010,2010,Drama|Thriller|Mystery,11324,movie,Elias Koteas,13550,2,,,Laeddis,,,,,11,minor,,,
Shutter Island,2010,2010,Drama|Thriller|Mystery,11324,movie,Robin Bartlett,11902,1,,,Bridget Kearns,,,,,12,minor,,,
Shutter Island,2010,2010,Drama|Thriller|Mystery,11324,movie,Christopher Denham,61510,2,,,Peter Breene,,,,,13,minor,,,
Shutter Island,2010,2010,Drama|Thriller|Mystery,11324,movie,Nellie Sciutto,177898,1,,,Nurse Marino,,,,,14,minor,,,
Shutter Island,2010,2010,Drama|Thriller|Mystery,11324,movie,Joseph Sikora,82631,2,,,Glen Miga,,,,,15,minor,,,
Shutter Island,2010,2010,Drama|Thriller|Mystery,11324,movie,Curtiss Cook,2254,2,,,Trey Washington,,,,,16,minor,,,
Shutter Island,2010,2010,Drama|Thriller|Mystery,11324,movie,Raymond Anthony Thomas,1181562,2,,,Orderly Ganton,,,,,17,minor,,,
Shutter Island,2010,2010,Drama|Thriller|Mystery,11324,movie,Joseph McKenna,141458,2,,,Inmate Billings,,,,,18,minor,,,
Shutter Island,2010,2010,Drama|Thriller|Mystery,11324,movie,Ruby Jerins,1218228,1,,,Little Girl,,,,,19,minor,,,
Shutter Island,2010,2010,Drama|Thriller|Mystery,11324,movie,Tom Kemp,58333,2,,,Ward C Guard,,,,,20,minor,,,
Ice Age,2002,2002,Animation|Comedy|Family|Adventure,425,movie,Ray Romano,15757,2,,,Manfred (voice),,,,,1,lead,,,
Ice Age,2002,2002,Animation|Comedy|Family|Adventure,425,movie,John Leguizamo,5723,2,,,Sid (voice),,,,,2,lead,,,
Ice Age,2002,2002,Animation|Comedy|Family|Adventure,425,movie,Denis Leary,5724,2,,,Diego (voice),,,,,3,lead,,,
Ice Age,2002,2002,Animation|Comedy|Family|Adventure,425,movie,Goran Višnjić,5725,2,,,Soto (voice),,,,,4,supporting,,,
Ice Age,2002,2002,Animation|Comedy|Family|Adventure,425,movie,Jack Black,70851,2,,,Zeke (voice),,,,,5,supporting,,,
Ice Age,2002,2002,Animation|Comedy|Family|Adventure,425,movie,Cedric the Entertainer,5726,2,,,Carl (voice),,,,,6,supporting,,,
Ice Age,2002,2002,Animation|Comedy|Family|Adventure,425,movie,Stephen Root,17401,2,,,Frank / Start (voice),,,,,7,supporting,,,
Ice Age,2002,2002,Animation|Comedy|Family|Adventure,425,movie,Diedrich Bader,5727,2,,,Oscar (voice),,,,,8,supporting,,,
Ice Age,2002,2002,Animation|Comedy|Family|Adventure,425,movie,Alan Tudyk,21088,2,,,Lenny / Freaky Mammal / Dab (voice),,,,,9,supporting,,,
Ice Age,2002,2002,Animation|Comedy|Family|Adventure,425,movie,Lorri Bagley,60019,1,,,Jennifer (voice),,,,,10,supporting,,,
Ice Age,2002,2002,Animation|Comedy|Family|Adventure,425,movie,Jane Krakowski,13636,1,,,Rachel (voice),,,,,11,minor,,,
Ice Age,2002,2002,Animation|Comedy|Family|Adventure,425,movie,Peter Ackerman,5717,2,,,Dodo / Freaky Mammal (voice),,,,,12,minor,,,
Ice Age,2002,2002,Animation|Comedy|Family|Adventure,425,movie,P.J. Benjamin,1446460,2,,,Dodo (voice),,,,,13,minor,,,
Ice Age,2002,2002,Animation|Comedy|Family|Adventure,425,movie,Josh Hamilton,52419,2,,,Dodo / Aardvark (voice),,,,,14,minor,,,
Ice Age,2002,2002,Animation|Comedy|Family|Adventure,425,movie,Denny Dillon,59695,1,,,Glyptodon (voice),,,,,15,minor,,,
Ice Age,2002,2002,Animation|Comedy|Family|Adventure,425,movie,Mitzi McCall,102794,1,,,Glyptodon (voice),,,,,16,minor,,,
Ice Age,2002,2002,Animation|Comedy|Family|Adventure,425,movie,Tara Strong,15762,1,,,Baby Start / Roshan (voice),,,,,17,minor,,,
Ice Age,2002,2002,Animation|Comedy|Family|Adventure,425,movie,Chris Wedge,5713,2,,,Dodo / Scrat (voice),,,,,18,minor,,,
Ice Age,2002,2002,Animation|Comedy|Family|Adventure,425,movie,Kristen Johnston,13635,1,,,Sylvia (voice) (uncredited),,,,,19,minor,,,
Ice Age,2002,2002,Animation|Comedy|Family|Adventure,425,movie,Darin De Paul,1352628,2,,,Additional Voices (voice) (uncredited),,,,,20,minor,,,
Ready Player One,2018,2018,Adventure|Action|Science Fiction,333339,movie,Tye Sheridan,1034681,2,,,Parzival / Wade,,,,,1,lead,,,
Ready Player One,2018,2018,Adventure|Action|Science Fiction,333339,movie,Olivia Cooke,1173984,1,,,Art3mis / Samantha,,,,,2,lead,,,
Ready Player One,2018,2018,Adventure|Action|Science Fiction,333339,movie,Ben Mendelsohn,77335,2,,,Sorrento,,,,,3,lead,,,
Ready Player One,2018,2018,Adventure|Action|Science Fiction,333339,movie,Lena Waithe,1059572,1,,,Aech / Helen,,,,,4,supporting,,,
Ready Player One,2018,2018,Adventure|Action|Science Fiction,333339,movie,T.J. Miller,51990,2,,,I-R0k (voice),,,,,5,supporting,,,
Ready Player One,2018,2018,Adventure|Action|Science Fiction,333339,movie,Simon Pegg,11108,2,,,Curator / Ogden Morrow,,,,,6,supporting,,,
Ready Player One,2018,2018,Adventure|Action|Science Fiction,333339,movie,Mark Rylance,40900,2,,,Anorak / Halliday,,,,,7,supporting,,,
Ready Player One,2018,2018,Adventure|Action|Science Fiction,333339,movie,Philip Zhao,1721235,2,,,Sho,,,,,8,supporting,,,
Ready Player One,2018,2018,Adventure|Action|Science Fiction,333339,movie,Win Morisaki,1561997,2,,,Daito,,,,,9,supporting,,,
Ready Player One,2018,2018,Adventure|Action|Science Fiction,333339,movie,Hannah John-Kamen,1408809,1,,,F'Nale Zandor,,,,,10,supporting,,,
Ready Player One,2018,2018,Adventure|Action|Science Fiction,333339,movie,Ralph Ineson,202032,2,,,Rick,,,,,11,minor,,,
Ready Player One,2018,2018,Adventure|Action|Science Fiction,333339,movie,Susan Lynch,42571,1,,,Alice,,,,,12,minor,,,
Ready Player One,2018,2018,Adventure|Action|Science Fiction,333339,movie,Clare Higgins,45588,1,,,Mrs. Gilmore,,,,,13,minor,,,
Ready Player One,2018,2018,Adventure|Action|Science Fiction,333339,movie,Laurence Spellman,1052257,2,,,Lame Tattoo Guy (Reb),,,,,14,minor,,,
Ready Player One,2018,2018,Adventure|Action|Science Fiction,333339,movie,Perdita Weeks,207549,1,,,Kira,,,,,15,minor,,,
Ready Player One,2018,2018,Adventure|Action|Science Fiction,333339,movie,Joel MacCormack,1981093,2,,,Sixer #6655,,,,,16,minor,,,
Ready Player One,2018,2018,Adventure|Action|Science Fiction,333339,movie,Kit Connor,1538851,2,,,Reb Kid,,,,,17,minor,,,
Ready Player One,2018,2018,Adventure|Action|Science Fiction,333339,movie,Leo Heller,1809458,0,,,Reb Kid,,,,,18,minor,,,
Ready Player One,2018,2018,Adventure|Action|Science Fiction,333339,movie,Antonio Mattera,2008211,2,,,Reb Kid,,,,,19,minor,,,
Ready Player One,2018,2018,Adventure|Action|Science Fiction,333339,movie,Ronkẹ Adékoluẹjo,1816288,1,,,Sorrento's Assistant,,,,,20,minor,,,
Black Panther,2018,2018,Action|Adventure|Science Fiction,284054,movie,Chadwick Boseman,172069,2,,,T'Challa / Black Panther,,,,,1,lead,,,
Black Panther,2018,2018,Action|Adventure|Science Fiction,284054,movie,Michael B. Jordan,135651,2,,,Erik Killmonger,,,,,2,lead,,,
Black Panther,2018,2018,Action|Adventure|Science Fiction,284054,movie,Lupita Nyong'o,1267329,1,,,Nakia,,,,,3,lead,,,
Black Panther,2018,2018,Action|Adventure|Science Fiction,284054,movie,Danai Gurira,82104,1,,,Okoye,,,,,4,supporting,,,
Black Panther,2018,2018,Action|Adventure|Science Fiction,284054,movie,Martin Freeman,7060,2,,,Everett K. Ross,,,,,5,supporting,,,
Black Panther,2018,2018,Action|Adventure|Science Fiction,284054,movie,Daniel Kaluuya,206919,2,,,W'Kabi,,,,,6,supporting,,,
Black Panther,2018,2018,Action|Adventure|Science Fiction,284054,movie,Letitia Wright,1083010,1,,,Shuri,,,,,7,supporting,,,
Black Panther,2018,2018,Action|Adventure|Science Fiction,284054,movie,Winston Duke,1447932,2,,,M'Baku,,,,,8,supporting,,,
Black Panther,2018,2018,Action|Adventure|Science Fiction,284054,movie,Sterling K. Brown,1225953,2,,,N'Jobu,,,,,9,supporting,,,
Black Panther,2018,2018,Action|Adventure|Science Fiction,284054,movie,Angela Bassett,9780,1,,,Ramonda,,,,,10,supporting,,,
Black Panther,2018,2018,Action|Adventure|Science Fiction,284054,movie,Forest Whitaker,2178,2,,,Zuri,,,,,11,minor,,,
Black Panther,2018,2018,Action|Adventure|Science Fiction,284054,movie,Andy Serkis,1333,2,,,Ulysses Klaue,,,,,12,minor,,,
Black Panther,2018,2018,Action|Adventure|Science Fiction,284054,movie,Florence Kasumba,139900,1,,,Ayo,,,,,13,minor,,,
Black Panther,2018,2018,Action|Adventure|Science Fiction,284054,movie,John Kani,51878,2,,,T'Chaka,,,,,14,minor,,,
Black Panther,2018,2018,Action|Adventure|Science Fiction,284054,movie,David S. Lee,71078,2,,,Limbani,,,,,15,minor,,,
Black Panther,2018,2018,Action|Adventure|Science Fiction,284054,movie,Nabiyah Be,1856116,1,,,Linda,,,,,16,minor,,,
Black Panther,2018,2018,Action|Adventure|Science Fiction,284054,movie,Isaach de Bankolé,4812,2,,,River Tribe Elder,,,,,17,minor,,,
Black Panther,2018,2018,Action|Adventure|Science Fiction,284054,movie,Connie Chiume,1181397,1,,,Mining Tribe Elder,,,,,18,minor,,,
Black Panther,2018,2018,Action|Adventure|Science Fiction,284054,movie,Dorothy Steel,1979169,1,,,Merchant Tribe Elder,,,,,19,minor,,,
Black Panther,2018,2018,Action|Adventure|Science Fiction,284054,movie,Danny Sapani,165424,2,,,Border Tribe Elder,,,,,20,minor,,,
Bugonia,2025,2025,Science Fiction|Thriller|Comedy,701387,movie,Emma Stone,54693,1,,,Michelle,,,,,1,lead,,,
Bugonia,2025,2025,Science Fiction|Thriller|Comedy,701387,movie,Jesse Plemons,88124,2,,,Teddy,,,,,2,lead,,,
Bugonia,2025,2025,Science Fiction|Thriller|Comedy,701387,movie,Aidan Delbis,5212114,2,,,Don,,,,,3,lead,,,
Bugonia,2025,2025,Science Fiction|Thriller|Comedy,701387,movie,Stavros Halkias,1400595,2,,,Casey,,,,,4,supporting,,,
Bugonia,2025,2025,Science Fiction|Thriller|Comedy,701387,movie,Alicia Silverstone,5588,1,,,Sandy,,,,,5,supporting,,,
Bugonia,2025,2025,Science Fiction|Thriller|Comedy,701387,movie,J. Carmen Galindez Barrera,5105206,2,,,Ricky / Security Guard,,,,,6,supporting,,,
Bugonia,2025,2025,Science Fiction|Thriller|Comedy,701387,movie,Marc T. Lewis,5105205,2,,,Tony,,,,,7,supporting,,,
Bugonia,2025,2025,Science Fiction|Thriller|Comedy,701387,movie,Vanessa Eng,4986018,1,,,Corey,,,,,8,supporting,,,
Bugonia,2025,2025,Science Fiction|Thriller|Comedy,701387,movie,Cedric Dumornay,2978859,2,,,Chris,,,,,9,supporting,,,
Bugonia,2025,2025,Science Fiction|Thriller|Comedy,701387,movie,Momma Cherri,5446529,0,,,Tina,,,,,10,supporting,,,
Bugonia,2025,2025,Science Fiction|Thriller|Comedy,701387,movie,Fredricka Whitfield,5643272,0,,,Fredricka Whitfield,,,,,11,minor,,,
Bugonia,2025,2025,Science Fiction|Thriller|Comedy,701387,movie,Rafael Lopez Bravo,5643274,2,,,Carlos,,,,,12,minor,,,
Bugonia,2025,2025,Science Fiction|Thriller|Comedy,701387,movie,Yaisa,5497686,0,,,EMT,,,,,13,minor,,,
Bugonia,2025,2025,Science Fiction|Thriller|Comedy,701387,movie,Teneise Mitchell Ellis,4332316,0,,,Detective,,,,,14,minor,,,
Bugonia,2025,2025,Science Fiction|Thriller|Comedy,701387,movie,Roger Carvalho,1365648,2,,,Young Detective,,,,,15,minor,,,
Bugonia,2025,2025,Science Fiction|Thriller|Comedy,701387,movie,Atsushi Nishijima,1193622,2,,,Chief Andromedan,,,,,16,minor,,,
Bugonia,2025,2025,Science Fiction|Thriller|Comedy,701387,movie,Janlyn Bales,4832206,0,,,Andromedan,,,,,17,minor,,,
Bugonia,2025,2025,Science Fiction|Thriller|Comedy,701387,movie,Andy Blackburn,5682662,0,,,Andromedan,,,,,18,minor,,,
Bugonia,2025,2025,Science Fiction|Thriller|Comedy,701387,movie,Stella Bizirtsaki,5682665,0,,,Andromedan,,,,,19,minor,,,
Bugonia,2025,2025,Science Fiction|Thriller|Comedy,701387,movie,Diana Duah,4185137,1,,,Andromedan,,,,,20,minor,,,
Toy Story 2,1999,1999,Animation|Comedy|Family,863,movie,Tom Hanks,31,2,,,Woody (voice),,,,,1,lead,,,
Toy Story 2,1999,1999,Animation|Comedy|Family,863,movie,Tim Allen,12898,2,,,Buzz Lightyear (voice),,,,,2,lead,,,
Toy Story 2,1999,1999,Animation|Comedy|Family,863,movie,Joan Cusack,3234,1,,,Jessie (voice),,,,,3,lead,,,
Toy Story 2,1999,1999,Animation|Comedy|Family,863,movie,Kelsey Grammer,7090,2,,,Prospector (voice),,,,,4,supporting,,,
Toy Story 2,1999,1999,Animation|Comedy|Family,863,movie,Don Rickles,7167,2,,,Mr. Potato Head (voice),,,,,5,supporting,,,
Toy Story 2,1999,1999,Animation|Comedy|Family,863,movie,Jim Varney,12899,2,,,Slinky Dog (voice),,,,,6,supporting,,,
Toy Story 2,1999,1999,Animation|Comedy|Family,863,movie,Wallace Shawn,12900,2,,,Rex (voice),,,,,7,supporting,,,
Toy Story 2,1999,1999,Animation|Comedy|Family,863,movie,John Ratzenberger,7907,2,,,Hamm (voice),,,,,8,supporting,,,
Toy Story 2,1999,1999,Animation|Comedy|Family,863,movie,Annie Potts,8873,1,,,Bo Peep (voice),,,,,9,supporting,,,
Toy Story 2,1999,1999,Animation|Comedy|Family,863,movie,Wayne Knight,4201,2,,,Al McWhiggin (voice),,,,,10,supporting,,,
Toy Story 2,1999,1999,Animation|Comedy|Family,863,movie,John Morris,1116442,2,,,Andy (voice),,,,,11,minor,,,
Toy Story 2,1999,1999,Animation|Comedy|Family,863,movie,Laurie Metcalf,12133,1,,,Andy's Mom (voice),,,,,12,minor,,,
Toy Story 2,1999,1999,Animation|Comedy|Family,863,movie,Estelle Harris,61964,1,,,Mrs. Potato Head (voice),,,,,13,minor,,,
Toy Story 2,1999,1999,Animation|Comedy|Family,863,movie,R. Lee Ermey,8655,2,,,Sarge (voice),,,,,14,minor,,,
Toy Story 2,1999,1999,Animation|Comedy|Family,863,movie,Jodi Benson,63978,1,,,Barbie (voice),,,,,15,minor,,,
Toy Story 2,1999,1999,Animation|Comedy|Family,863,movie,Jonathan Harris,123037,2,,,The Cleaner (voice),,,,,16,minor,,,
Toy Story 2,1999,1999,Animation|Comedy|Family,863,movie,Joe Ranft,7911,2,,,Wheezy (voice),,,,,17,minor,,,
Toy Story 2,1999,1999,Animation|Comedy|Family,863,movie,Andrew Stanton,7,2,,,Emperor Zurg (voice),,,,,18,minor,,,
Toy Story 2,1999,1999,Animation|Comedy|Family,863,movie,Jeff Pidgeon,7882,2,,,Aliens / Additional Voices (voice),,,,,19,minor,,,
Toy Story 2,1999,1999,Animation|Comedy|Family,863,movie,Jack Angel,19545,2,,,Additional Voices (voice),,,,,20,minor,,,
Captain America: Civil War,2016,2016,Adventure|Action|Science Fiction,271110,movie,Chris Evans,16828,2,,,Steve Rogers / Captain America,,,,,1,lead,,,
Captain America: Civil War,2016,2016,Adventure|Action|Science Fiction,271110,movie,Robert Downey Jr.,3223,2,,,Tony Stark / Iron Man,,,,,2,lead,,,
Captain America: Civil War,2016,2016,Adventure|Action|Science Fiction,271110,movie,Scarlett Johansson,1245,1,,,Natasha Romanoff / Black Widow,,,,,3,lead,,,
Captain America: Civil War,2016,2016,Adventure|Action|Science Fiction,271110,movie,Sebastian Stan,60898,2,,,Bucky Barnes / Winter Soldier,,,,,4,supporting,,,
Captain America: Civil War,2016,2016,Adventure|Action|Science Fiction,271110,movie,Anthony Mackie,53650,2,,,Sam Wilson / Falcon,,,,,5,supporting,,,
Captain America: Civil War,2016,2016,Adventure|Action|Science Fiction,271110,movie,Don Cheadle,1896,2,,,Lieutenant James Rhodes / War Machine,,,,,6,supporting,,,
Captain America: Civil War,2016,2016,Adventure|Action|Science Fiction,271110,movie,Jeremy Renner,17604,2,,,Clint Barton / Hawkeye,,,,,7,supporting,,,
Captain America: Civil War,2016,2016,Adventure|Action|Science Fiction,271110,movie,Chadwick Boseman,172069,2,,,T'Challa / Black Panther,,,,,8,supporting,,,
Captain America: Civil War,2016,2016,Adventure|Action|Science Fiction,271110,movie,Paul Bettany,6162,2,,,Vision,,,,,9,supporting,,,
Captain America: Civil War,2016,2016,Adventure|Action|Science Fiction,271110,movie,Elizabeth Olsen,550843,1,,,Wanda Maximoff / Scarlet Witch,,,,,10,supporting,,,
Captain America: Civil War,2016,2016,Adventure|Action|Science Fiction,271110,movie,Paul Rudd,22226,2,,,Scott Lang / Ant-Man,,,,,11,minor,,,
Captain America: Civil War,2016,2016,Adventure|Action|Science Fiction,271110,movie,Emily VanCamp,84247,1,,,Sharon Carter,,,,,12,minor,,,
Captain America: Civil War,2016,2016,Adventure|Action|Science Fiction,271110,movie,Tom Holland,1136406,2,,,Peter Parker / Spider-Man,,,,,13,minor,,,
Captain America: Civil War,2016,2016,Adventure|Action|Science Fiction,271110,movie,Daniel Brühl,3872,2,,,Zemo,,,,,14,minor,,,
Captain America: Civil War,2016,2016,Adventure|Action|Science Fiction,271110,movie,Frank Grillo,81685,2,,,Brock Rumlow / Crossbones,,,,,15,minor,,,
Captain America: Civil War,2016,2016,Adventure|Action|Science Fiction,271110,movie,William Hurt,227,2,,,Secretary of State Thaddeus Ross,,,,,16,minor,,,
Captain America: Civil War,2016,2016,Adventure|Action|Science Fiction,271110,movie,Martin Freeman,7060,2,,,Everett K. Ross,,,,,17,minor,,,
Captain America: Civil War,2016,2016,Adventure|Action|Science Fiction,271110,movie,Marisa Tomei,3141,1,,,May Parker,,,,,18,minor,,,
Captain America: Civil War,2016,2016,Adventure|Action|Science Fiction,271110,movie,John Kani,51878,2,,,King T'Chaka,,,,,19,minor,,,
Captain America: Civil War,2016,2016,Adventure|Action|Science Fiction,271110,movie,John Slattery,21134,2,,,Howard Stark,,,,,20,minor,,,
Spider-Man 3,2007,2007,Action|Adventure|Science Fiction,559,movie,Tobey Maguire,2219,2,,,Spider-Man / Peter Parker,,,,,1,lead,,,
Spider-Man 3,2007,2007,Action|Adventure|Science Fiction,559,movie,Kirsten Dunst,205,1,,,Mary Jane Watson,,,,,2,lead,,,
Spider-Man 3,2007,2007,Action|Adventure|Science Fiction,559,movie,James Franco,17051,2,,,New Goblin / Harry Osborn,,,,,3,lead,,,
Spider-Man 3,2007,2007,Action|Adventure|Science Fiction,559,movie,Thomas Haden Church,19159,2,,,Sandman / Flint Marko,,,,,4,supporting,,,
Spider-Man 3,2007,2007,Action|Adventure|Science Fiction,559,movie,Topher Grace,17052,2,,,Venom / Eddie Brock,,,,,5,supporting,,,
Spider-Man 3,2007,2007,Action|Adventure|Science Fiction,559,movie,Bryce Dallas Howard,18997,1,,,Gwen Stacy,,,,,6,supporting,,,
Spider-Man 3,2007,2007,Action|Adventure|Science Fiction,559,movie,Rosemary Harris,18998,1,,,May Parker,,,,,7,supporting,,,
Spider-Man 3,2007,2007,Action|Adventure|Science Fiction,559,movie,J.K. Simmons,18999,2,,,J. Jonah Jameson,,,,,8,supporting,,,
Spider-Man 3,2007,2007,Action|Adventure|Science Fiction,559,movie,James Cromwell,2505,2,,,Captain Stacy,,,,,9,supporting,,,
Spider-Man 3,2007,2007,Action|Adventure|Science Fiction,559,movie,Dylan Baker,19152,2,,,Dr. Curt Connors,,,,,10,supporting,,,
Spider-Man 3,2007,2007,Action|Adventure|Science Fiction,559,movie,Theresa Russell,9207,1,,,Emma Marko,,,,,11,minor,,,
Spider-Man 3,2007,2007,Action|Adventure|Science Fiction,559,movie,Bill Nunn,5502,2,,,Joseph 'Robbie' Robertson,,,,,12,minor,,,
Spider-Man 3,2007,2007,Action|Adventure|Science Fiction,559,movie,Bruce Campbell,11357,2,,,Maître D',,,,,13,minor,,,
Spider-Man 3,2007,2007,Action|Adventure|Science Fiction,559,movie,Elizabeth Banks,9281,1,,,Miss Brant,,,,,14,minor,,,
Spider-Man 3,2007,2007,Action|Adventure|Science Fiction,559,movie,Ted Raimi,11769,2,,,Hoffman,,,,,15,minor,,,
Spider-Man 3,2007,2007,Action|Adventure|Science Fiction,559,movie,Perla Haney-Jardine,6585,1,,,Penny Marko,,,,,16,minor,,,
Spider-Man 3,2007,2007,Action|Adventure|Science Fiction,559,movie,Willem Dafoe,5293,2,,,Green Goblin / Norman Osborn,,,,,17,minor,,,
Spider-Man 3,2007,2007,Action|Adventure|Science Fiction,559,movie,Cliff Robertson,19153,2,,,Ben Parker,,,,,18,minor,,,
Spider-Man 3,2007,2007,Action|Adventure|Science Fiction,559,movie,Elya Baskin,2368,2,,,Mr. Ditkovitch,,,,,19,minor,,,
Spider-Man 3,2007,2007,Action|Adventure|Science Fiction,559,movie,Mageina Tovah,20645,1,,,Ursula,,,,,20,minor,,,
Icefall,2025,2025,Action|Crime|Thriller,1242501,movie,Joel Kinnaman,92404,2,,,Harlan,,,,,1,lead,,,
Icefall,2025,2025,Action|Crime|Thriller,1242501,movie,Cara Jade Myers,3006897,1,,,Ani,,,,,2,lead,,,
Icefall,2025,2025,Action|Crime|Thriller,1242501,movie,Danny Huston,6413,2,,,Rhodes,,,,,3,lead,,,
Icefall,2025,2025,Action|Crime|Thriller,1242501,movie,Graham Greene,6804,2,,,Oz,,,,,4,supporting,,,
Icefall,2025,2025,Action|Crime|Thriller,1242501,movie,Martin Sensmeier,1584347,2,,,Pen,,,,,5,supporting,,,
Icefall,2025,2025,Action|Crime|Thriller,1242501,movie,Oliver Trevena,1395206,2,,,Dax,,,,,6,supporting,,,
Icefall,2025,2025,Action|Crime|Thriller,1242501,movie,DeVaughn Nixon,8856,2,,,Drake,,,,,7,supporting,,,
Icefall,2025,2025,Action|Crime|Thriller,1242501,movie,Frida Gustavsson,1679829,1,,,Sirena,,,,,8,supporting,,,
Icefall,2025,2025,Action|Crime|Thriller,1242501,movie,Bashar Rahal,105688,2,,,Carl,,,,,9,supporting,,,
Icefall,2025,2025,Action|Crime|Thriller,1242501,movie,Michael Saccente,1182667,2,,,Jed,,,,,10,supporting,,,
Icefall,2025,2025,Action|Crime|Thriller,1242501,movie,Euan Macnaughton,1767316,2,,,Lowery,,,,,11,minor,,,
Icefall,2025,2025,Action|Crime|Thriller,1242501,movie,Will Fletcher,3142835,2,,,Ellis,,,,,12,minor,,,
Icefall,2025,2025,Action|Crime|Thriller,1242501,movie,Trevor Van Uden,2589498,2,,,Sheriff Raleigh,,,,,13,minor,,,
Icefall,2025,2025,Action|Crime|Thriller,1242501,movie,Adrian Gougov,2177650,0,,,Accountant,,,,,14,minor,,,
Icefall,2025,2025,Action|Crime|Thriller,1242501,movie,Addam Bramich,1382395,2,,,Pete,,,,,15,minor,,,
Icefall,2025,2025,Action|Crime|Thriller,1242501,movie,Joyce Grey-Carter,3178832,1,,,Carol,,,,,16,minor,,,
Taboo: Family Secrets,2024,2024,Romance|Drama|Thriller,1358280,movie,Costas Mandylor,36055,2,,,Lukas,,,,,1,lead,,,
Taboo: Family Secrets,2024,2024,Romance|Drama|Thriller,1358280,movie,Deborah Twiss,116881,1,,,Amanda,,,,,2,lead,,,
Taboo: Family Secrets,2024,2024,Romance|Drama|Thriller,1358280,movie,Staffan Edenholm,3328397,0,,,Tyler,,,,,3,lead,,,
Taboo: Family Secrets,2024,2024,Romance|Drama|Thriller,1358280,movie,Ashley Westover,4949204,0,,,Jillie,,,,,4,supporting,,,
Taboo: Family Secrets,2024,2024,Romance|Drama|Thriller,1358280,movie,Patricia McKenzie,181250,1,,,Sandra,,,,,5,supporting,,,
Taboo: Family Secrets,2024,2024,Romance|Drama|Thriller,1358280,movie,Russ Camarda,2180349,0,,,Jazz,,,,,6,supporting,,,
Greenland,2020,2020,Thriller|Adventure|Action|Science Fiction,524047,movie,Gerard Butler,17276,2,,,John Garrity,,,,,1,lead,,,
Greenland,2020,2020,Thriller|Adventure|Action|Science Fiction,524047,movie,Morena Baccarin,54882,1,,,Allison Garrity,,,,,2,lead,,,
Greenland,2020,2020,Thriller|Adventure|Action|Science Fiction,524047,movie,David Denman,62562,2,,,Ralph Vento,,,,,3,lead,,,
Greenland,2020,2020,Thriller|Adventure|Action|Science Fiction,524047,movie,Hope Davis,15250,1,,,Judy Vento,,,,,4,supporting,,,
Greenland,2020,2020,Thriller|Adventure|Action|Science Fiction,524047,movie,Roger Dale Floyd,2077869,2,,,Nathan Garrity,,,,,5,supporting,,,
Greenland,2020,2020,Thriller|Adventure|Action|Science Fiction,524047,movie,Scott Glenn,349,2,,,Dale,,,,,6,supporting,,,
Greenland,2020,2020,Thriller|Adventure|Action|Science Fiction,524047,movie,Andrew Bachelor,1350469,2,,,Colin,,,,,7,supporting,,,
Greenland,2020,2020,Thriller|Adventure|Action|Science Fiction,524047,movie,Merrin Dungey,1214164,1,,,Major Breen,,,,,8,supporting,,,
Greenland,2020,2020,Thriller|Adventure|Action|Science Fiction,524047,movie,Holt McCallany,7497,2,,,Twin Otter Pilot,,,,,9,supporting,,,
Greenland,2020,2020,Thriller|Adventure|Action|Science Fiction,524047,movie,Gary Weeks,168875,2,,,Ed Pruitt,,,,,10,supporting,,,
Greenland,2020,2020,Thriller|Adventure|Action|Science Fiction,524047,movie,Tracey Bonner,1549537,1,,,Peggy Pruitt,,,,,11,minor,,,
Greenland,2020,2020,Thriller|Adventure|Action|Science Fiction,524047,movie,Joshua Mikel,1046665,2,,,Lucas,,,,,12,minor,,,
Greenland,2020,2020,Thriller|Adventure|Action|Science Fiction,524047,movie,Cate Jones,1622066,1,,,McGhee Tyson Soldier,,,,,13,minor,,,
Greenland,2020,2020,Thriller|Adventure|Action|Science Fiction,524047,movie,Mike Gassaway,131421,2,,,Dr. Byrd,,,,,14,minor,,,
Greenland,2020,2020,Thriller|Adventure|Action|Science Fiction,524047,movie,Anissa Matlock,1376560,1,,,Senior Airman Parker,,,,,15,minor,,,
Greenland,2020,2020,Thriller|Adventure|Action|Science Fiction,524047,movie,Randall Archer,1099428,2,,,Brian,,,,,16,minor,,,
Greenland,2020,2020,Thriller|Adventure|Action|Science Fiction,524047,movie,Scott Poythress,141958,2,,,Kenny Jones,,,,,17,minor,,,
Greenland,2020,2020,Thriller|Adventure|Action|Science Fiction,524047,movie,Claire Bronson,557505,1,,,Debra Jones,,,,,18,minor,,,
Greenland,2020,2020,Thriller|Adventure|Action|Science Fiction,524047,movie,Madison Johnson,2484496,1,,,Ellie Jones,,,,,19,minor,,,
Greenland,2020,2020,Thriller|Adventure|Action|Science Fiction,524047,movie,Brandon Quinn,123148,2,,,Male Passenger C-17,,,,,20,minor,,,
Obsession,2026,2026,Horror,1339713,movie,Michael Johnston,1561370,2,,,Bear,,,,,1,lead,,,
Obsession,2026,2026,Horror,1339713,movie,Inde Navarrette,2638587,1,,,Nikki Freeman,,,,,2,lead,,,
Obsession,2026,2026,Horror,1339713,movie,Cooper Tomlinson,2823609,2,,,Ian,,,,,3,lead,,,
Obsession,2026,2026,Horror,1339713,movie,Megan Lawless,1519711,0,,,Sarah,,,,,4,supporting,,,
Obsession,2026,2026,Horror,1339713,movie,Andy Richter,28637,2,,,Carter,,,,,5,supporting,,,
Obsession,2026,2026,Horror,1339713,movie,Haley Fitzgerald,3095494,0,,,Viola,,,,,6,supporting,,,
Obsession,2026,2026,Horror,1339713,movie,Darin Toonder,1352948,2,,,Harry,,,,,7,supporting,,,
Obsession,2026,2026,Horror,1339713,movie,Anthony Pavone,4030428,2,,,Reggie,,,,,8,supporting,,,
Obsession,2026,2026,Horror,1339713,movie,Justice,3592074,2,,,Joe,,,,,9,supporting,,,
Obsession,2026,2026,Horror,1339713,movie,Anthony Casabianca,5618033,0,,,Chris,,,,,10,supporting,,,
Obsession,2026,2026,Horror,1339713,movie,Chloe Breen,5423994,1,,,Ruthie,,,,,11,minor,,,
Obsession,2026,2026,Horror,1339713,movie,Malcolm Kelner,3729434,2,,,Bartender,,,,,12,minor,,,
Obsession,2026,2026,Horror,1339713,movie,Travis Beck,5063292,0,,,Bar Patron,,,,,13,minor,,,
Obsession,2026,2026,Horror,1339713,movie,Kyle Blumenthal,5657289,0,,,Partygoer,,,,,14,minor,,,
Obsession,2026,2026,Horror,1339713,movie,Matthew Jackson,5832174,2,,,Tavern Patron,,,,,15,minor,,,
Obsession,2026,2026,Horror,1339713,movie,Jeff Barker,5673241,2,,,Trivia Bar Host,,,,,16,minor,,,
Obsession,2026,2026,Horror,1339713,movie,Danielle Krett,2317662,0,,,Tavern Patron,,,,,17,minor,,,
Obsession,2026,2026,Horror,1339713,movie,Sabina Tenorio,4653184,1,,,Tavern Patron,,,,,18,minor,,,
Obsession,2026,2026,Horror,1339713,movie,Manny Liotta,2055980,2,,,Tavern Patron,,,,,19,minor,,,
The Blind Side,2009,2009,Drama,22881,movie,Sandra Bullock,18277,1,,,Leigh Anne Tuohy,,,,,1,lead,,,
The Blind Side,2009,2009,Drama,22881,movie,Tim McGraw,74428,2,,,Sean Tuohy,,,,,2,lead,,,
The Blind Side,2009,2009,Drama,22881,movie,Quinton Aaron,112560,2,,,Michael Oher,,,,,3,lead,,,
The Blind Side,2009,2009,Drama,22881,movie,Jae Head,66658,2,,,S.J. Tuohy,,,,,4,supporting,,,
The Blind Side,2009,2009,Drama,22881,movie,Lily Collins,112561,1,,,Collins Tuohy,,,,,5,supporting,,,
The Blind Side,2009,2009,Drama,22881,movie,Ray McKinnon,1472,2,,,Coach Cotton,,,,,6,supporting,,,
The Blind Side,2009,2009,Drama,22881,movie,Kim Dickens,21165,1,,,Mrs. Boswell,,,,,7,supporting,,,
The Blind Side,2009,2009,Drama,22881,movie,Adriane Lenox,53260,1,,,Denise Oher,,,,,8,supporting,,,
The Blind Side,2009,2009,Drama,22881,movie,Kathy Bates,8534,1,,,Miss Sue,,,,,9,supporting,,,
The Blind Side,2009,2009,Drama,22881,movie,Catherine Dyer,112562,1,,,Mrs. Smith,,,,,10,supporting,,,
The Blind Side,2009,2009,Drama,22881,movie,Andy Stahl,21083,2,,,Principal Sandstrom,,,,,11,minor,,,
The Blind Side,2009,2009,Drama,22881,movie,Tom Nowicki,94854,2,,,Literature Teacher,,,,,12,minor,,,
The Blind Side,2009,2009,Drama,22881,movie,Libby Whittemore,226537,1,,,Sarcastic Teacher,,,,,13,minor,,,
The Blind Side,2009,2009,Drama,22881,movie,Brian Hollan,1127790,0,,,Jay Collis,,,,,14,minor,,,
The Blind Side,2009,2009,Drama,22881,movie,Melody Weintraub,968305,1,,,History Teacher,,,,,15,minor,,,
The Blind Side,2009,2009,Drama,22881,movie,Sharon Conley,142374,1,,,Investigator Granger,,,,,16,minor,,,
The Blind Side,2009,2009,Drama,22881,movie,Omar J. Dorsey,59844,2,,,"""Big Tony"" Hamilton",,,,,17,minor,,,
The Blind Side,2009,2009,Drama,22881,movie,Paul Amadi,1039342,0,,,Steven Hamilton,,,,,18,minor,,,
The Blind Side,2009,2009,Drama,22881,movie,Irone Singleton,1040864,2,,,Alton,,,,,19,minor,,,
The Blind Side,2009,2009,Drama,22881,movie,Hampton Fluker,1758632,2,,,David,,,,,20,minor,,,
In Your Dreams,2025,2025,Adventure|Animation|Comedy|Family|Fantasy,1117857,movie,Jolie Hoang-Rappaport,2444659,1,,,Stevie (voice),,,,,1,lead,,,
In Your Dreams,2025,2025,Adventure|Animation|Comedy|Family|Fantasy,1117857,movie,Elias Janssen,1908252,2,,,Elliot (voice),,,,,2,lead,,,
In Your Dreams,2025,2025,Adventure|Animation|Comedy|Family|Fantasy,1117857,movie,Simu Liu,1489211,2,,,Dad (voice),,,,,3,lead,,,
In Your Dreams,2025,2025,Adventure|Animation|Comedy|Family|Fantasy,1117857,movie,Craig Robinson,64342,2,,,Baloney Tony (voice),,,,,4,supporting,,,
In Your Dreams,2025,2025,Adventure|Animation|Comedy|Family|Fantasy,1117857,movie,Cristin Milioti,204392,1,,,Mom / Additional Voices (voice),,,,,5,supporting,,,
In Your Dreams,2025,2025,Adventure|Animation|Comedy|Family|Fantasy,1117857,movie,Gia Carides,14226,1,,,Nightmara (voice),,,,,6,supporting,,,
In Your Dreams,2025,2025,Adventure|Animation|Comedy|Family|Fantasy,1117857,movie,Omid Djalili,41379,2,,,Sandman (voice),,,,,7,supporting,,,
In Your Dreams,2025,2025,Adventure|Animation|Comedy|Family|Fantasy,1117857,movie,SungWon Cho,1942233,2,,,Chad / Additional Voices (voice),,,,,8,supporting,,,
In Your Dreams,2025,2025,Adventure|Animation|Comedy|Family|Fantasy,1117857,movie,Zachary Noah Piser,2831847,2,,,Joon Bae / Polly (voice),,,,,9,supporting,,,
In Your Dreams,2025,2025,Adventure|Animation|Comedy|Family|Fantasy,1117857,movie,Hailey Magpali,5297628,1,,,Four-Year-Old Stevie (voice),,,,,10,supporting,,,
In Your Dreams,2025,2025,Adventure|Animation|Comedy|Family|Fantasy,1117857,movie,Francis Benson,5297631,2,,,Four-Year-Old Elliot (voice),,,,,11,minor,,,
In Your Dreams,2025,2025,Adventure|Animation|Comedy|Family|Fantasy,1117857,movie,Kai Zen,2651186,1,,,Eight-Year-Old Stevie (voice),,,,,12,minor,,,
In Your Dreams,2025,2025,Adventure|Animation|Comedy|Family|Fantasy,1117857,movie,Bob Bergen,78317,2,,,Blue Clown Pacifier / Additional Voices (voice),,,,,13,minor,,,
In Your Dreams,2025,2025,Adventure|Animation|Comedy|Family|Fantasy,1117857,movie,Maisie Benson,2504364,1,,,Cereal Kid (voice),,,,,14,minor,,,
In Your Dreams,2025,2025,Adventure|Animation|Comedy|Family|Fantasy,1117857,movie,Jorge Diaz,188347,2,,,Sausage Dog (voice),,,,,15,minor,,,
In Your Dreams,2025,2025,Adventure|Animation|Comedy|Family|Fantasy,1117857,movie,Quinn Minichino Eakins,3123643,2,,,Blueberries (voice),,,,,16,minor,,,
In Your Dreams,2025,2025,Adventure|Animation|Comedy|Family|Fantasy,1117857,movie,Erik Benson,1117786,2,,,Delilah (voice),,,,,17,minor,,,
In Your Dreams,2025,2025,Adventure|Animation|Comedy|Family|Fantasy,1117857,movie,Lizzie Freeman,3687095,1,,,Sandling (voice),,,,,18,minor,,,
In Your Dreams,2025,2025,Adventure|Animation|Comedy|Family|Fantasy,1117857,movie,Kellen Goff,1807446,2,,,Sandling / Additional Voices (voice),,,,,19,minor,,,
In Your Dreams,2025,2025,Adventure|Animation|Comedy|Family|Fantasy,1117857,movie,Scott Menville,113916,2,,,Sandling (voice),,,,,20,minor,,,
Black Adam,2022,2022,Action|Adventure|Science Fiction,436270,movie,Dwayne Johnson,18918,2,,,Black Adam / Teth Adam,,,,,1,lead,,,
Black Adam,2022,2022,Action|Adventure|Science Fiction,436270,movie,Aldis Hodge,83860,2,,,Hawkman / Carter Hall,,,,,2,lead,,,
Black Adam,2022,2022,Action|Adventure|Science Fiction,436270,movie,Noah Centineo,1253353,2,,,Atom Smasher / Al Rothstein,,,,,3,lead,,,
Black Adam,2022,2022,Action|Adventure|Science Fiction,436270,movie,Sarah Shahi,164945,1,,,Adrianna Tomaz,,,,,4,supporting,,,
Black Adam,2022,2022,Action|Adventure|Science Fiction,436270,movie,Quintessa Swindell,2042690,3,,,Cyclone / Maxine Hunkel,,,,,5,supporting,,,
Black Adam,2022,2022,Action|Adventure|Science Fiction,436270,movie,Marwan Kenzari,935235,2,,,Ishmael / Sabbac / King Ahk-Ton,,,,,6,supporting,,,
Black Adam,2022,2022,Action|Adventure|Science Fiction,436270,movie,Mo Amer,1293978,2,,,Karim,,,,,7,supporting,,,
Black Adam,2022,2022,Action|Adventure|Science Fiction,436270,movie,Bodhi Sabongui,2426321,2,,,Amon Tomaz,,,,,8,supporting,,,
Black Adam,2022,2022,Action|Adventure|Science Fiction,436270,movie,Pierce Brosnan,517,2,,,Dr. Fate / Kent Nelson,,,,,9,supporting,,,
Black Adam,2022,2022,Action|Adventure|Science Fiction,436270,movie,James Cusati-Moyer,2430192,2,,,Samir,,,,,10,supporting,,,
Black Adam,2022,2022,Action|Adventure|Science Fiction,436270,movie,Jalon Christian,1925441,2,,,Hurut,,,,,11,minor,,,
Black Adam,2022,2022,Action|Adventure|Science Fiction,436270,movie,Benjamin Patterson,1230371,2,,,Skinny Teth Adam,,,,,12,minor,,,
Black Adam,2022,2022,Action|Adventure|Science Fiction,436270,movie,Odelya Halevi,1639904,1,,,Shiruta,,,,,13,minor,,,
Black Adam,2022,2022,Action|Adventure|Science Fiction,436270,movie,Uli Latukefu,1384511,2,,,The Champion,,,,,14,minor,,,
Black Adam,2022,2022,Action|Adventure|Science Fiction,436270,movie,Jennifer Holland,87165,1,,,Emilia Harcourt,,,,,15,minor,,,
Black Adam,2022,2022,Action|Adventure|Science Fiction,436270,movie,Henry Winkler,31903,2,,,Uncle Al,,,,,16,minor,,,
Black Adam,2022,2022,Action|Adventure|Science Fiction,436270,movie,Chaim Jeraffi,59350,2,,,Djau,,,,,17,minor,,,
Black Adam,2022,2022,Action|Adventure|Science Fiction,436270,movie,Sharon Gee,1634619,1,,,Mrs. Farmer,,,,,18,minor,,,
Black Adam,2022,2022,Action|Adventure|Science Fiction,436270,movie,Stephan Jones,6909,2,,,Commander,,,,,19,minor,,,
Black Adam,2022,2022,Action|Adventure|Science Fiction,436270,movie,A. Manuel Miranda,3763400,2,,,Ancient Mine Soldier,,,,,20,minor,,,
Mad Max: Fury Road,2015,2015,Action|Adventure|Science Fiction,76341,movie,Tom Hardy,2524,2,,,Max Rockatansky,,,,,1,lead,,,
Mad Max: Fury Road,2015,2015,Action|Adventure|Science Fiction,76341,movie,Charlize Theron,6885,1,,,Imperator Furiosa,,,,,2,lead,,,
Mad Max: Fury Road,2015,2015,Action|Adventure|Science Fiction,76341,movie,Nicholas Hoult,3292,2,,,Nux,,,,,3,lead,,,
Mad Max: Fury Road,2015,2015,Action|Adventure|Science Fiction,76341,movie,Hugh Keays-Byrne,26060,2,,,Immortan Joe,,,,,4,supporting,,,
Mad Max: Fury Road,2015,2015,Action|Adventure|Science Fiction,76341,movie,Josh Helman,1056053,2,,,Slit,,,,,5,supporting,,,
Mad Max: Fury Road,2015,2015,Action|Adventure|Science Fiction,76341,movie,Nathan Jones,24898,2,,,Rictus Erectus,,,,,6,supporting,,,
Mad Max: Fury Road,2015,2015,Action|Adventure|Science Fiction,76341,movie,Zoë Kravitz,37153,1,,,Toast the Knowing,,,,,7,supporting,,,
Mad Max: Fury Road,2015,2015,Action|Adventure|Science Fiction,76341,movie,Rosie Huntington-Whiteley,236048,1,,,The Splendid Angharad,,,,,8,supporting,,,
Mad Max: Fury Road,2015,2015,Action|Adventure|Science Fiction,76341,movie,Riley Keough,98522,1,,,Capable,,,,,9,supporting,,,
Mad Max: Fury Road,2015,2015,Action|Adventure|Science Fiction,76341,movie,Abbey Lee,1036288,1,,,The Dag,,,,,10,supporting,,,
Mad Max: Fury Road,2015,2015,Action|Adventure|Science Fiction,76341,movie,Courtney Eaton,1278500,1,,,Cheedo the Fragile,,,,,11,minor,,,
Mad Max: Fury Road,2015,2015,Action|Adventure|Science Fiction,76341,movie,John Howard,102603,2,,,The People Eater,,,,,12,minor,,,
Mad Max: Fury Road,2015,2015,Action|Adventure|Science Fiction,76341,movie,Richard Carter,44838,2,,,The Bullet Farmer,,,,,13,minor,,,
Mad Max: Fury Road,2015,2015,Action|Adventure|Science Fiction,76341,movie,Iota,1272941,2,,,The Doof Warrior,,,,,14,minor,,,
Mad Max: Fury Road,2015,2015,Action|Adventure|Science Fiction,76341,movie,Angus Sampson,59117,2,,,The Organic Mechanic,,,,,15,minor,,,
Mad Max: Fury Road,2015,2015,Action|Adventure|Science Fiction,76341,movie,Jennifer Hagan,1475853,1,,,Miss Giddy,,,,,16,minor,,,
Mad Max: Fury Road,2015,2015,Action|Adventure|Science Fiction,76341,movie,Megan Gale,1232126,1,,,The Valkyrie,,,,,17,minor,,,
Mad Max: Fury Road,2015,2015,Action|Adventure|Science Fiction,76341,movie,Melissa Jaffer,82437,1,,,Keeper of the Seeds,,,,,18,minor,,,
Mad Max: Fury Road,2015,2015,Action|Adventure|Science Fiction,76341,movie,Melita Jurišić,217828,1,,,The Vuvalini,,,,,19,minor,,,
Mad Max: Fury Road,2015,2015,Action|Adventure|Science Fiction,76341,movie,Gillian Jones,75540,1,,,The Vuvalini,,,,,20,minor,,,
Deadpool,2016,2016,Action|Adventure|Comedy,293660,movie,Ryan Reynolds,10859,2,,,Wade Wilson / Deadpool,,,,,1,lead,,,
Deadpool,2016,2016,Action|Adventure|Comedy,293660,movie,Morena Baccarin,54882,1,,,Vanessa,,,,,2,lead,,,
Deadpool,2016,2016,Action|Adventure|Comedy,293660,movie,Ed Skrein,1047649,2,,,Ajax,,,,,3,lead,,,
Deadpool,2016,2016,Action|Adventure|Comedy,293660,movie,T.J. Miller,51990,2,,,Weasel,,,,,4,supporting,,,
Deadpool,2016,2016,Action|Adventure|Comedy,293660,movie,Gina Carano,78452,1,,,Angel Dust,,,,,5,supporting,,,
Deadpool,2016,2016,Action|Adventure|Comedy,293660,movie,Leslie Uggams,122750,1,,,Blind Al,,,,,6,supporting,,,
Deadpool,2016,2016,Action|Adventure|Comedy,293660,movie,Brianna Hildebrand,1492326,1,,,Negasonic Teenage Warhead,,,,,7,supporting,,,
Deadpool,2016,2016,Action|Adventure|Comedy,293660,movie,Stefan Kapičić,80507,2,,,Colossus (voice),,,,,8,supporting,,,
Deadpool,2016,2016,Action|Adventure|Comedy,293660,movie,Karan Soni,1109702,2,,,Dopinder,,,,,9,supporting,,,
Deadpool,2016,2016,Action|Adventure|Comedy,293660,movie,Randal Reeder,215887,2,,,Buck,,,,,10,supporting,,,
Deadpool,2016,2016,Action|Adventure|Comedy,293660,movie,Michael Benyaer,27588,2,,,Warlord,,,,,11,minor,,,
Deadpool,2016,2016,Action|Adventure|Comedy,293660,movie,Style Dayne,1417031,2,,,Jeremy (Pizza Guy),,,,,12,minor,,,
Deadpool,2016,2016,Action|Adventure|Comedy,293660,movie,Kyle Cassie,62915,2,,,Gavin Merchant,,,,,13,minor,,,
Deadpool,2016,2016,Action|Adventure|Comedy,293660,movie,Taylor Hickson,1493223,1,,,Meghan Orlovsky,,,,,14,minor,,,
Deadpool,2016,2016,Action|Adventure|Comedy,293660,movie,Ayzee,1683933,1,,,Teen Girl #1,,,,,15,minor,,,
Deadpool,2016,2016,Action|Adventure|Comedy,293660,movie,Naika Toussaint,1676741,1,,,Teen Girl #2,,,,,16,minor,,,
Deadpool,2016,2016,Action|Adventure|Comedy,293660,movie,"Isaac C. Singleton, Jr.",1717,2,,,Boothe,,,,,17,minor,,,
Deadpool,2016,2016,Action|Adventure|Comedy,293660,movie,Justyn Shippelt,1683942,2,,,Arcade Ticket Taker,,,,,18,minor,,,
Deadpool,2016,2016,Action|Adventure|Comedy,293660,movie,Donna Yamamoto,177885,1,,,Oncologist,,,,,19,minor,,,
Deadpool,2016,2016,Action|Adventure|Comedy,293660,movie,Jed Rees,15032,2,,,Recruiter,,,,,20,minor,,,
The Suicide Squad,2021,2021,Action|Comedy|Adventure,436969,movie,Margot Robbie,234352,1,,,Harley Quinn,,,,,1,lead,,,
The Suicide Squad,2021,2021,Action|Comedy|Adventure,436969,movie,Idris Elba,17605,2,,,Bloodsport,,,,,2,lead,,,
The Suicide Squad,2021,2021,Action|Comedy|Adventure,436969,movie,John Cena,56446,2,,,Peacemaker,,,,,3,lead,,,
The Suicide Squad,2021,2021,Action|Comedy|Adventure,436969,movie,Joel Kinnaman,92404,2,,,Colonel Rick Flag,,,,,4,supporting,,,
The Suicide Squad,2021,2021,Action|Comedy|Adventure,436969,movie,Sylvester Stallone,16483,2,,,King Shark (voice),,,,,5,supporting,,,
The Suicide Squad,2021,2021,Action|Comedy|Adventure,436969,movie,Viola Davis,19492,1,,,Amanda Waller,,,,,6,supporting,,,
The Suicide Squad,2021,2021,Action|Comedy|Adventure,436969,movie,David Dastmalchian,83854,2,,,Polka-Dot Man,,,,,7,supporting,,,
The Suicide Squad,2021,2021,Action|Comedy|Adventure,436969,movie,Daniela Melchior,1784612,1,,,Ratcatcher 2,,,,,8,supporting,,,
The Suicide Squad,2021,2021,Action|Comedy|Adventure,436969,movie,Michael Rooker,12132,2,,,Savant,,,,,9,supporting,,,
The Suicide Squad,2021,2021,Action|Comedy|Adventure,436969,movie,Jai Courtney,224181,2,,,Captain Boomerang,,,,,10,supporting,,,
The Suicide Squad,2021,2021,Action|Comedy|Adventure,436969,movie,Peter Capaldi,12982,2,,,Thinker,,,,,11,minor,,,
The Suicide Squad,2021,2021,Action|Comedy|Adventure,436969,movie,Alice Braga,8602,1,,,Sol Soria,,,,,12,minor,,,
The Suicide Squad,2021,2021,Action|Comedy|Adventure,436969,movie,Pete Davidson,1427948,2,,,Blackguard,,,,,13,minor,,,
The Suicide Squad,2021,2021,Action|Comedy|Adventure,436969,movie,Joaquín Cosío,76857,2,,,Mayor General Mateo Suarez,,,,,14,minor,,,
The Suicide Squad,2021,2021,Action|Comedy|Adventure,436969,movie,Juan Diego Botto,36632,2,,,Presidente General Silvio Luna,,,,,15,minor,,,
The Suicide Squad,2021,2021,Action|Comedy|Adventure,436969,movie,Storm Reid,1344344,1,,,Tyla,,,,,16,minor,,,
The Suicide Squad,2021,2021,Action|Comedy|Adventure,436969,movie,Nathan Fillion,51797,2,,,T.D.K.,,,,,17,minor,,,
The Suicide Squad,2021,2021,Action|Comedy|Adventure,436969,movie,Taika Waititi,55934,2,,,Ratcatcher,,,,,18,minor,,,
The Suicide Squad,2021,2021,Action|Comedy|Adventure,436969,movie,Steve Agee,559457,2,,,John Economos / On-Set King Shark,,,,,19,minor,,,
The Suicide Squad,2021,2021,Action|Comedy|Adventure,436969,movie,Sean Gunn,51663,2,,,Weasel / Calendar Man,,,,,20,minor,,,
Fantastic Beasts and Where to Find Them,2016,2016,Fantasy|Adventure,259316,movie,Eddie Redmayne,37632,2,,,Newt Scamander,,,,,1,lead,,,
Fantastic Beasts and Where to Find Them,2016,2016,Fantasy|Adventure,259316,movie,Katherine Waterston,77795,1,,,Porpentina 'Tina' Goldstein,,,,,2,lead,,,
Fantastic Beasts and Where to Find Them,2016,2016,Fantasy|Adventure,259316,movie,Dan Fogler,58873,2,,,Jacob Kowalski,,,,,3,lead,,,
Fantastic Beasts and Where to Find Them,2016,2016,Fantasy|Adventure,259316,movie,Alison Sudol,998225,1,,,Queenie Goldstein,,,,,4,supporting,,,
Fantastic Beasts and Where to Find Them,2016,2016,Fantasy|Adventure,259316,movie,Colin Farrell,72466,2,,,Percival Graves,,,,,5,supporting,,,
Fantastic Beasts and Where to Find Them,2016,2016,Fantasy|Adventure,259316,movie,Jon Voight,10127,2,,,Henry Shaw Sr.,,,,,6,supporting,,,
Fantastic Beasts and Where to Find Them,2016,2016,Fantasy|Adventure,259316,movie,Ron Perlman,2372,2,,,Gnarlak,,,,,7,supporting,,,
Fantastic Beasts and Where to Find Them,2016,2016,Fantasy|Adventure,259316,movie,Johnny Depp,85,2,,,Gellert Grindelwald,,,,,8,supporting,,,
Fantastic Beasts and Where to Find Them,2016,2016,Fantasy|Adventure,259316,movie,Zoë Kravitz,37153,1,,,Leta Lestrange,,,,,9,supporting,,,
Fantastic Beasts and Where to Find Them,2016,2016,Fantasy|Adventure,259316,movie,Ezra Miller,132157,3,,,Credence Barebone,,,,,10,supporting,,,
Fantastic Beasts and Where to Find Them,2016,2016,Fantasy|Adventure,259316,movie,Samantha Morton,2206,1,,,Mary Lou Barebone,,,,,11,minor,,,
Fantastic Beasts and Where to Find Them,2016,2016,Fantasy|Adventure,259316,movie,Carmen Ejogo,37158,1,,,Seraphina Picquery,,,,,12,minor,,,
Fantastic Beasts and Where to Find Them,2016,2016,Fantasy|Adventure,259316,movie,Josh Cowdery,1479957,2,,,Henry Shaw Jr.,,,,,13,minor,,,
Fantastic Beasts and Where to Find Them,2016,2016,Fantasy|Adventure,259316,movie,Ronan Raftery,1624444,2,,,Langdon Shaw,,,,,14,minor,,,
Fantastic Beasts and Where to Find Them,2016,2016,Fantasy|Adventure,259316,movie,Faith Wood-Blagrove,1604370,1,,,Modesty Barebone,,,,,15,minor,,,
Fantastic Beasts and Where to Find Them,2016,2016,Fantasy|Adventure,259316,movie,Jenn Murray,78727,1,,,Chastity Barebone,,,,,16,minor,,,
Fantastic Beasts and Where to Find Them,2016,2016,Fantasy|Adventure,259316,movie,Gemma Chan,97576,1,,,Madame Ya Zou,,,,,17,minor,,,
Fantastic Beasts and Where to Find Them,2016,2016,Fantasy|Adventure,259316,movie,Peter Breitmayer,159454,2,,,Gilbert Bingley,,,,,18,minor,,,
Fantastic Beasts and Where to Find Them,2016,2016,Fantasy|Adventure,259316,movie,Kevin Guthrie,1204379,2,,,Mr. Abernathy,,,,,19,minor,,,
Fantastic Beasts and Where to Find Them,2016,2016,Fantasy|Adventure,259316,movie,Sean Cronin,1385097,2,,,Nearby Criminal,,,,,20,minor,,,
Me Before You,2016,2016,Drama|Romance,296096,movie,Emilia Clarke,1223786,1,,,Louisa 'Lou' Clark,,,,,1,lead,,,
Me Before You,2016,2016,Drama|Romance,296096,movie,Sam Claflin,237455,2,,,William 'Will' Traynor,,,,,2,lead,,,
Me Before You,2016,2016,Drama|Romance,296096,movie,Janet McTeer,47627,1,,,Camilla Traynor,,,,,3,lead,,,
Me Before You,2016,2016,Drama|Romance,296096,movie,Charles Dance,4391,2,,,Stephen Traynor,,,,,4,supporting,,,
Me Before You,2016,2016,Drama|Romance,296096,movie,Brendan Coyle,74056,2,,,Bernard Clark,,,,,5,supporting,,,
Me Before You,2016,2016,Drama|Romance,296096,movie,Jenna Coleman,1080542,1,,,Katrina 'Treena' Clark,,,,,6,supporting,,,
Me Before You,2016,2016,Drama|Romance,296096,movie,Matthew Lewis,96841,2,,,Patrick,,,,,7,supporting,,,
Me Before You,2016,2016,Drama|Romance,296096,movie,Samantha Spiro,122535,1,,,Josie Clark,,,,,8,supporting,,,
Me Before You,2016,2016,Drama|Romance,296096,movie,Stephen Peacocke,1231106,2,,,Nathan,,,,,9,supporting,,,
Me Before You,2016,2016,Drama|Romance,296096,movie,Vanessa Kirby,556356,1,,,Alicia Dawares,,,,,10,supporting,,,
Me Before You,2016,2016,Drama|Romance,296096,movie,Ben Lloyd-Hughes,1173230,2,,,Rupert Collins,,,,,11,minor,,,
Me Before You,2016,2016,Drama|Romance,296096,movie,Joanna Lumley,34901,1,,,Mary Rawlinson,,,,,12,minor,,,
Me Before You,2016,2016,Drama|Romance,296096,movie,Lily Travers,1504795,1,,,Karen,,,,,13,minor,,,
Me Before You,2016,2016,Drama|Romance,296096,movie,Alan Breck,1632584,2,,,Grandad,,,,,14,minor,,,
Me Before You,2016,2016,Drama|Romance,296096,movie,Eileen Dunwoodie,193357,1,,,Café Customer,,,,,15,minor,,,
Me Before You,2016,2016,Drama|Romance,296096,movie,Pablo Raybould,1598482,2,,,Frank,,,,,16,minor,,,
Me Before You,2016,2016,Drama|Romance,296096,movie,Gabrielle Downey,1457303,1,,,Daphne,,,,,17,minor,,,
Me Before You,2016,2016,Drama|Romance,296096,movie,Henri Charles,1680839,0,,,Thomas Clark,,,,,18,minor,,,
Me Before You,2016,2016,Drama|Romance,296096,movie,Muzz Khan,1362117,2,,,Syed,,,,,19,minor,,,
Me Before You,2016,2016,Drama|Romance,296096,movie,Richard Goulding,2609307,2,,,Freddie Foster,,,,,20,minor,,,
Mean Girls,2004,2004,Drama|Comedy,10625,movie,Lindsay Lohan,49265,1,,,Cady Heron,,,,,1,lead,,,
Mean Girls,2004,2004,Drama|Comedy,10625,movie,Rachel McAdams,53714,1,,,Regina George,,,,,2,lead,,,
Mean Girls,2004,2004,Drama|Comedy,10625,movie,Lizzy Caplan,51988,1,,,Janis Ian,,,,,3,lead,,,
Mean Girls,2004,2004,Drama|Comedy,10625,movie,Lacey Chabert,22082,1,,,Gretchen Wieners,,,,,4,supporting,,,
Mean Girls,2004,2004,Drama|Comedy,10625,movie,Amanda Seyfried,71070,1,,,Karen Smith,,,,,5,supporting,,,
Mean Girls,2004,2004,Drama|Comedy,10625,movie,Daniel Franzese,32598,2,,,Damian,,,,,6,supporting,,,
Mean Girls,2004,2004,Drama|Comedy,10625,movie,Jonathan Bennett,76996,2,,,Aaron Samuels,,,,,7,supporting,,,
Mean Girls,2004,2004,Drama|Comedy,10625,movie,Rajiv Surendra,1213130,2,,,Kevin Gnapoor,,,,,8,supporting,,,
Mean Girls,2004,2004,Drama|Comedy,10625,movie,Tina Fey,56323,1,,,Ms. Norbury,,,,,9,supporting,,,
Mean Girls,2004,2004,Drama|Comedy,10625,movie,Tim Meadows,51857,2,,,Mr. Duvall,,,,,10,supporting,,,
Mean Girls,2004,2004,Drama|Comedy,10625,movie,Ana Gasteyer,86267,1,,,Cady's Mom,,,,,11,minor,,,
Mean Girls,2004,2004,Drama|Comedy,10625,movie,Neil Flynn,43776,2,,,Cady's Dad,,,,,12,minor,,,
Mean Girls,2004,2004,Drama|Comedy,10625,movie,Amy Poehler,56322,1,,,Mrs. George,,,,,13,minor,,,
Mean Girls,2004,2004,Drama|Comedy,10625,movie,Dwayne Hill,1226928,2,,,Coach Carr,,,,,14,minor,,,
Mean Girls,2004,2004,Drama|Comedy,10625,movie,Diego Klattenhoff,142193,2,,,Shane Oman,,,,,15,minor,,,
Mean Girls,2004,2004,Drama|Comedy,10625,movie,Molly Shanahan,1688878,1,,,Kristen Hadley,,,,,16,minor,,,
Mean Girls,2004,2004,Drama|Comedy,10625,movie,Elana Shilling,2037796,1,,,Spelling Girl,,,,,17,minor,,,
Mean Girls,2004,2004,Drama|Comedy,10625,movie,Graham Kartna,2037797,2,,,Homeschooled Boy,,,,,18,minor,,,
Mean Girls,2004,2004,Drama|Comedy,10625,movie,Ely Henry,1656032,2,,,Homeschooled Boy,,,,,19,minor,,,
Mean Girls,2004,2004,Drama|Comedy,10625,movie,David Aherne,2037798,2,,,Homeschooled Boy,,,,,20,minor,,,
Conclave,2024,2024,Drama|Thriller,974576,movie,Ralph Fiennes,5469,2,,,Lawrence,,,,,1,lead,,,
Conclave,2024,2024,Drama|Thriller,974576,movie,Stanley Tucci,2283,2,,,Bellini,,,,,2,lead,,,
Conclave,2024,2024,Drama|Thriller,974576,movie,John Lithgow,12074,2,,,Tremblay,,,,,3,lead,,,
Conclave,2024,2024,Drama|Thriller,974576,movie,Isabella Rossellini,6588,1,,,Sister Agnes,,,,,4,supporting,,,
Conclave,2024,2024,Drama|Thriller,974576,movie,Lucian Msamati,1240427,2,,,Adeyemi,,,,,5,supporting,,,
Conclave,2024,2024,Drama|Thriller,974576,movie,Carlos Diehz,3935515,2,,,Benitez,,,,,6,supporting,,,
Conclave,2024,2024,Drama|Thriller,974576,movie,Sergio Castellitto,2166,2,,,Tedesco,,,,,7,supporting,,,
Conclave,2024,2024,Drama|Thriller,974576,movie,Brían F. O'Byrne,31713,2,,,O'Malley,,,,,8,supporting,,,
Conclave,2024,2024,Drama|Thriller,974576,movie,Merab Ninidze,17817,2,,,Sabbadin,,,,,9,supporting,,,
Conclave,2024,2024,Drama|Thriller,974576,movie,Thomas Loibl,1052328,2,,,Mandorff,,,,,10,supporting,,,
Conclave,2024,2024,Drama|Thriller,974576,movie,Jacek Koman,12210,2,,,Wozniak,,,,,11,minor,,,
Conclave,2024,2024,Drama|Thriller,974576,movie,Bruno Novelli,4935617,2,,,Dead Pope,,,,,12,minor,,,
Conclave,2024,2024,Drama|Thriller,974576,movie,Rony Kramer,95167,2,,,Mendoza,,,,,13,minor,,,
Conclave,2024,2024,Drama|Thriller,974576,movie,Valerio Da Silva,2120899,2,,,Father Haas,,,,,14,minor,,,
Conclave,2024,2024,Drama|Thriller,974576,movie,Joseph Mydell,1353189,2,,,Nakitanda,,,,,15,minor,,,
Conclave,2024,2024,Drama|Thriller,974576,movie,Vincenzo Failla,2202895,0,,,Guttoso,,,,,16,minor,,,
Conclave,2024,2024,Drama|Thriller,974576,movie,Garrick Hagon,17356,2,,,Krasinski,,,,,17,minor,,,
Conclave,2024,2024,Drama|Thriller,974576,movie,Madhav Sharma,152281,2,,,Landolfi,,,,,18,minor,,,
Conclave,2024,2024,Drama|Thriller,974576,movie,Loris Loddi,7196,2,,,Villanueva,,,,,19,minor,,,
Conclave,2024,2024,Drama|Thriller,974576,movie,Roberto Citran,32562,2,,,Lombardi,,,,,20,minor,,,
The Substance,2024,2024,Horror|Science Fiction,933260,movie,Demi Moore,3416,1,,,Elisabeth,,,,,1,lead,,,
The Substance,2024,2024,Horror|Science Fiction,933260,movie,Margaret Qualley,1392137,1,,,Sue,,,,,2,lead,,,
The Substance,2024,2024,Horror|Science Fiction,933260,movie,Dennis Quaid,6065,2,,,Harvey,,,,,3,lead,,,
The Substance,2024,2024,Horror|Science Fiction,933260,movie,Edward Hamilton-Clark,2313436,2,,,Fred,,,,,4,supporting,,,
The Substance,2024,2024,Horror|Science Fiction,933260,movie,Gore Abrams,1508131,2,,,Oliver,,,,,5,supporting,,,
The Substance,2024,2024,Horror|Science Fiction,933260,movie,Oscar Lesage,2566289,2,,,Troy,,,,,6,supporting,,,
The Substance,2024,2024,Horror|Science Fiction,933260,movie,Christian Erickson,45849,2,,,Man at Diner,,,,,7,supporting,,,
The Substance,2024,2024,Horror|Science Fiction,933260,movie,Robin Greer,4954230,2,,,Male Nurse,,,,,8,supporting,,,
The Substance,2024,2024,Horror|Science Fiction,933260,movie,Tom Morton,584338,2,,,Doctor,,,,,9,supporting,,,
The Substance,2024,2024,Horror|Science Fiction,933260,movie,Hugo Diego Garcia,1720509,2,,,Diego - Boyfriend,,,,,10,supporting,,,
The Substance,2024,2024,Horror|Science Fiction,933260,movie,Daniel Knight,3064977,2,,,Casting Director,,,,,11,minor,,,
The Substance,2024,2024,Horror|Science Fiction,933260,movie,Jonathon Carley,2459439,0,,,Assistant Casting Director,,,,,12,minor,,,
The Substance,2024,2024,Horror|Science Fiction,933260,movie,Jiselle Henderkott,4419893,0,,,Girl Auditioning / New Year's Eve Show Dancer,,,,,13,minor,,,
The Substance,2024,2024,Horror|Science Fiction,933260,movie,Akil Wingate,2144020,0,,,TV Host,,,,,14,minor,,,
The Substance,2024,2024,Horror|Science Fiction,933260,movie,Vincent Colombe,1607019,2,,,Man in Suit #1 - Harvey's Office,,,,,15,minor,,,
The Substance,2024,2024,Horror|Science Fiction,933260,movie,Billy Bentley,5002959,2,,,Man in Suit #2,,,,,16,minor,,,
The Substance,2024,2024,Horror|Science Fiction,933260,movie,Lennard Ridsdale,2174339,2,,,Man in Suit #3,,,,,17,minor,,,
The Substance,2024,2024,Horror|Science Fiction,933260,movie,Jordan Ford Silver,3933551,2,,,Assistant Director - Pump It Up Show,,,,,18,minor,,,
The Substance,2024,2024,Horror|Science Fiction,933260,movie,Oscar Salem,2779503,2,,,2nd Assistant Director - Pump It Up Show,,,,,19,minor,,,
The Substance,2024,2024,Horror|Science Fiction,933260,movie,Viviane Bossina,3156892,1,,,Sue's Assistant,,,,,20,minor,,,
The Dark Knight Rises,2012,2012,Action|Crime|Drama|Thriller,49026,movie,Christian Bale,3894,2,,,Bruce Wayne,,,,,1,lead,,,
The Dark Knight Rises,2012,2012,Action|Crime|Drama|Thriller,49026,movie,Gary Oldman,64,2,,,Commissioner Gordon,,,,,2,lead,,,
The Dark Knight Rises,2012,2012,Action|Crime|Drama|Thriller,49026,movie,Tom Hardy,2524,2,,,Bane,,,,,3,lead,,,
The Dark Knight Rises,2012,2012,Action|Crime|Drama|Thriller,49026,movie,Joseph Gordon-Levitt,24045,2,,,Blake,,,,,4,supporting,,,
The Dark Knight Rises,2012,2012,Action|Crime|Drama|Thriller,49026,movie,Anne Hathaway,1813,1,,,Selina,,,,,5,supporting,,,
The Dark Knight Rises,2012,2012,Action|Crime|Drama|Thriller,49026,movie,Marion Cotillard,8293,1,,,Miranda,,,,,6,supporting,,,
The Dark Knight Rises,2012,2012,Action|Crime|Drama|Thriller,49026,movie,Morgan Freeman,192,2,,,Fox,,,,,7,supporting,,,
The Dark Knight Rises,2012,2012,Action|Crime|Drama|Thriller,49026,movie,Michael Caine,3895,2,,,Alfred,,,,,8,supporting,,,
The Dark Knight Rises,2012,2012,Action|Crime|Drama|Thriller,49026,movie,Matthew Modine,8654,2,,,Foley,,,,,9,supporting,,,
The Dark Knight Rises,2012,2012,Action|Crime|Drama|Thriller,49026,movie,Alon Aboutboul,16607,2,,,Dr. Pavel,,,,,10,supporting,,,
The Dark Knight Rises,2012,2012,Action|Crime|Drama|Thriller,49026,movie,Ben Mendelsohn,77335,2,,,Daggett,,,,,11,minor,,,
The Dark Knight Rises,2012,2012,Action|Crime|Drama|Thriller,49026,movie,Burn Gorman,39659,2,,,Stryver,,,,,12,minor,,,
The Dark Knight Rises,2012,2012,Action|Crime|Drama|Thriller,49026,movie,Daniel Sunjata,10582,2,,,Captain Jones,,,,,13,minor,,,
The Dark Knight Rises,2012,2012,Action|Crime|Drama|Thriller,49026,movie,Aidan Gillen,49735,2,,,CIA Op,,,,,14,minor,,,
The Dark Knight Rises,2012,2012,Action|Crime|Drama|Thriller,49026,movie,Sam Kennard,224365,2,,,Special Ops Sergeant,,,,,15,minor,,,
The Dark Knight Rises,2012,2012,Action|Crime|Drama|Thriller,49026,movie,Aljaž Tepina,3391936,2,,,Hooded Man #2,,,,,16,minor,,,
The Dark Knight Rises,2012,2012,Action|Crime|Drama|Thriller,49026,movie,Nestor Carbonell,21316,2,,,Mayor,,,,,17,minor,,,
The Dark Knight Rises,2012,2012,Action|Crime|Drama|Thriller,49026,movie,Brett Cullen,16841,2,,,Congressman,,,,,18,minor,,,
The Dark Knight Rises,2012,2012,Action|Crime|Drama|Thriller,49026,movie,Nick Julian,1334308,2,,,Caterer,,,,,19,minor,,,
The Dark Knight Rises,2012,2012,Action|Crime|Drama|Thriller,49026,movie,Miranda Nolan,1334309,1,,,Maid #2,,,,,20,minor,,,
Pirates of the Caribbean: At World's End,2007,2007,Adventure|Fantasy|Action,285,movie,Johnny Depp,85,2,,,Jack Sparrow,,,,,1,lead,,,
Pirates of the Caribbean: At World's End,2007,2007,Adventure|Fantasy|Action,285,movie,Geoffrey Rush,118,2,,,Barbossa,,,,,2,lead,,,
Pirates of the Caribbean: At World's End,2007,2007,Adventure|Fantasy|Action,285,movie,Orlando Bloom,114,2,,,Will Turner,,,,,3,lead,,,
Pirates of the Caribbean: At World's End,2007,2007,Adventure|Fantasy|Action,285,movie,Keira Knightley,116,1,,,Elizabeth Swann,,,,,4,supporting,,,
Pirates of the Caribbean: At World's End,2007,2007,Adventure|Fantasy|Action,285,movie,Jack Davenport,1709,2,,,Norrington,,,,,5,supporting,,,
Pirates of the Caribbean: At World's End,2007,2007,Adventure|Fantasy|Action,285,movie,Bill Nighy,2440,2,,,Davy Jones,,,,,6,supporting,,,
Pirates of the Caribbean: At World's End,2007,2007,Adventure|Fantasy|Action,285,movie,Jonathan Pryce,378,2,,,Governor Weatherby Swann,,,,,7,supporting,,,
Pirates of the Caribbean: At World's End,2007,2007,Adventure|Fantasy|Action,285,movie,Lee Arenberg,1710,2,,,Pintel,,,,,8,supporting,,,
Pirates of the Caribbean: At World's End,2007,2007,Adventure|Fantasy|Action,285,movie,Mackenzie Crook,1711,2,,,Ragetti,,,,,9,supporting,,,
Pirates of the Caribbean: At World's End,2007,2007,Adventure|Fantasy|Action,285,movie,Kevin McNally,2449,2,,,Gibbs,,,,,10,supporting,,,
Pirates of the Caribbean: At World's End,2007,2007,Adventure|Fantasy|Action,285,movie,David Bailie,1715,2,,,Cotton,,,,,11,minor,,,
Pirates of the Caribbean: At World's End,2007,2007,Adventure|Fantasy|Action,285,movie,Stellan Skarsgård,1640,2,,,Bootstrap Bill,,,,,12,minor,,,
Pirates of the Caribbean: At World's End,2007,2007,Adventure|Fantasy|Action,285,movie,Tom Hollander,2441,2,,,Cutler Beckett,,,,,13,minor,,,
Pirates of the Caribbean: At World's End,2007,2007,Adventure|Fantasy|Action,285,movie,Naomie Harris,2038,1,,,Tia Dalma,,,,,14,minor,,,
Pirates of the Caribbean: At World's End,2007,2007,Adventure|Fantasy|Action,285,movie,Martin Klebba,4030,2,,,Marty,,,,,15,minor,,,
Pirates of the Caribbean: At World's End,2007,2007,Adventure|Fantasy|Action,285,movie,David Schofield,939,2,,,Mercer,,,,,16,minor,,,
Pirates of the Caribbean: At World's End,2007,2007,Adventure|Fantasy|Action,285,movie,Lauren Maher,2450,1,,,Scarlett,,,,,17,minor,,,
Pirates of the Caribbean: At World's End,2007,2007,Adventure|Fantasy|Action,285,movie,Dermot Keaney,191751,2,,,Maccus / Dutchman,,,,,18,minor,,,
Pirates of the Caribbean: At World's End,2007,2007,Adventure|Fantasy|Action,285,movie,Clive Ashborn,11283,2,,,Koleniko / Dutchman,,,,,19,minor,,,
Pirates of the Caribbean: At World's End,2007,2007,Adventure|Fantasy|Action,285,movie,Winston Ellis,1195758,2,,,Palifico / Dutchman,,,,,20,minor,,,
Love Me Love Me,2026,2026,Romance|Drama,1317672,movie,Pepe Barroso,3791174,2,,,James Hunter,,,,,1,lead,,,
Love Me Love Me,2026,2026,Romance|Drama,1317672,movie,Mia Jenkins,1867690,1,,,June White,,,,,2,lead,,,
Love Me Love Me,2026,2026,Romance|Drama,1317672,movie,Luca Melucci,4529552,0,,,Will,,,,,3,lead,,,
Love Me Love Me,2026,2026,Romance|Drama,1317672,movie,Andrea Guo,3265701,1,,,Amelia,,,,,4,supporting,,,
Love Me Love Me,2026,2026,Romance|Drama,1317672,movie,Michelangelo Vizzini,3255503,2,,,Blaze,,,,,5,supporting,,,
Love Me Love Me,2026,2026,Romance|Drama,1317672,movie,Madior Fall,2997177,2,,,Jackson,,,,,6,supporting,,,
Love Me Love Me,2026,2026,Romance|Drama,1317672,movie,Vanessa Donghi,4713015,1,,,Ari,,,,,7,supporting,,,
Love Me Love Me,2026,2026,Romance|Drama,1317672,movie,Elizabeth Kinnear,1367570,0,,,April,,,,,8,supporting,,,
Love Me Love Me,2026,2026,Romance|Drama,1317672,movie,Tommaso Caporali,2018192,2,,,Austin,,,,,9,supporting,,,
Love Me Love Me,2026,2026,Romance|Drama,1317672,movie,Ángel de Miguel,1535233,0,,,Jordan,,,,,10,supporting,,,
Love Me Love Me,2026,2026,Romance|Drama,1317672,movie,Bruno Cabrerizo,1629345,2,,,Professor Beckett,,,,,11,minor,,,
Love Me Love Me,2026,2026,Romance|Drama,1317672,movie,Edoardo De Marte,5494442,2,,,Jasper,,,,,12,minor,,,
Love Me Love Me,2026,2026,Romance|Drama,1317672,movie,Alessio Di Chirico,2938998,2,,,Luigi,,,,,13,minor,,,
Love Me Love Me,2026,2026,Romance|Drama,1317672,movie,Jim Bannister,5094678,0,,,August,,,,,14,minor,,,
Love Me Love Me,2026,2026,Romance|Drama,1317672,movie,Marco Patrassi,3560563,2,,,Pietro,,,,,15,minor,,,
Love Me Love Me,2026,2026,Romance|Drama,1317672,movie,Riccardo Rischia,6006559,0,,,Bouncer,,,,,16,minor,,,
Love Me Love Me,2026,2026,Romance|Drama,1317672,movie,Olga Zhandarmoya,6017956,0,,,MMA Referee,,,,,17,minor,,,
The Amazing Spider-Man,2012,2012,Action|Adventure|Science Fiction,1930,movie,Andrew Garfield,37625,2,,,Spider-Man / Peter Parker,,,,,1,lead,,,
The Amazing Spider-Man,2012,2012,Action|Adventure|Science Fiction,1930,movie,Emma Stone,54693,1,,,Gwen Stacy,,,,,2,lead,,,
The Amazing Spider-Man,2012,2012,Action|Adventure|Science Fiction,1930,movie,Rhys Ifans,7026,2,,,The Lizard / Dr. Curt Connors,,,,,3,lead,,,
The Amazing Spider-Man,2012,2012,Action|Adventure|Science Fiction,1930,movie,Denis Leary,5724,2,,,Captain Stacy,,,,,4,supporting,,,
The Amazing Spider-Man,2012,2012,Action|Adventure|Science Fiction,1930,movie,Martin Sheen,8349,2,,,Uncle Ben,,,,,5,supporting,,,
The Amazing Spider-Man,2012,2012,Action|Adventure|Science Fiction,1930,movie,Sally Field,35,1,,,Aunt May,,,,,6,supporting,,,
The Amazing Spider-Man,2012,2012,Action|Adventure|Science Fiction,1930,movie,Irrfan Khan,76793,2,,,Rajit Ratha,,,,,7,supporting,,,
The Amazing Spider-Man,2012,2012,Action|Adventure|Science Fiction,1930,movie,Campbell Scott,55152,2,,,Richard Parker,,,,,8,supporting,,,
The Amazing Spider-Man,2012,2012,Action|Adventure|Science Fiction,1930,movie,Embeth Davidtz,6368,1,,,Mary Parker,,,,,9,supporting,,,
The Amazing Spider-Man,2012,2012,Action|Adventure|Science Fiction,1930,movie,Chris Zylka,231547,2,,,Flash Thompson,,,,,10,supporting,,,
The Amazing Spider-Man,2012,2012,Action|Adventure|Science Fiction,1930,movie,Max Charles,558928,2,,,Peter Parker (Age 4),,,,,11,minor,,,
The Amazing Spider-Man,2012,2012,Action|Adventure|Science Fiction,1930,movie,C. Thomas Howell,2878,2,,,Jack's Father,,,,,12,minor,,,
The Amazing Spider-Man,2012,2012,Action|Adventure|Science Fiction,1930,movie,Jake Keiffer,1315833,2,,,Jack,,,,,13,minor,,,
The Amazing Spider-Man,2012,2012,Action|Adventure|Science Fiction,1930,movie,Kari Coleman,156989,1,,,Helen Stacy,,,,,14,minor,,,
The Amazing Spider-Man,2012,2012,Action|Adventure|Science Fiction,1930,movie,Michael Barra,1338023,2,,,Store Clerk,,,,,15,minor,,,
The Amazing Spider-Man,2012,2012,Action|Adventure|Science Fiction,1930,movie,Leif Gantvoort,1111328,2,,,Cash Register Thief,,,,,16,minor,,,
The Amazing Spider-Man,2012,2012,Action|Adventure|Science Fiction,1930,movie,Andy Pessoa,1232365,2,,,Gordon,,,,,17,minor,,,
The Amazing Spider-Man,2012,2012,Action|Adventure|Science Fiction,1930,movie,Hannah Marks,59261,1,,,Missy Kallenback,,,,,18,minor,,,
The Amazing Spider-Man,2012,2012,Action|Adventure|Science Fiction,1930,movie,Kelsey Asbille,205976,1,,,Hot Girl,,,,,19,minor,,,
The Amazing Spider-Man,2012,2012,Action|Adventure|Science Fiction,1930,movie,Kevin McCorkle,91658,2,,,Mr. Cramer,,,,,20,minor,,,
Guardians of the Galaxy Vol. 2,2017,2017,Science Fiction|Adventure|Action,283995,movie,Chris Pratt,73457,2,,,Peter Quill / Star-Lord,,,,,1,lead,,,
Guardians of the Galaxy Vol. 2,2017,2017,Science Fiction|Adventure|Action,283995,movie,Zoe Saldaña,8691,1,,,Gamora,,,,,2,lead,,,
Guardians of the Galaxy Vol. 2,2017,2017,Science Fiction|Adventure|Action,283995,movie,Dave Bautista,543530,2,,,Drax,,,,,3,lead,,,
Guardians of the Galaxy Vol. 2,2017,2017,Science Fiction|Adventure|Action,283995,movie,Vin Diesel,12835,2,,,Baby Groot (voice),,,,,4,supporting,,,
Guardians of the Galaxy Vol. 2,2017,2017,Science Fiction|Adventure|Action,283995,movie,Bradley Cooper,51329,2,,,Rocket (voice),,,,,5,supporting,,,
Guardians of the Galaxy Vol. 2,2017,2017,Science Fiction|Adventure|Action,283995,movie,Kurt Russell,6856,2,,,Ego,,,,,6,supporting,,,
Guardians of the Galaxy Vol. 2,2017,2017,Science Fiction|Adventure|Action,283995,movie,Michael Rooker,12132,2,,,Yondu,,,,,7,supporting,,,
Guardians of the Galaxy Vol. 2,2017,2017,Science Fiction|Adventure|Action,283995,movie,Karen Gillan,543261,1,,,Nebula,,,,,8,supporting,,,
Guardians of the Galaxy Vol. 2,2017,2017,Science Fiction|Adventure|Action,283995,movie,Pom Klementieff,139820,1,,,Mantis,,,,,9,supporting,,,
Guardians of the Galaxy Vol. 2,2017,2017,Science Fiction|Adventure|Action,283995,movie,Sylvester Stallone,16483,2,,,Stakar Ogord,,,,,10,supporting,,,
Guardians of the Galaxy Vol. 2,2017,2017,Science Fiction|Adventure|Action,283995,movie,Elizabeth Debicki,1133349,1,,,Ayesha,,,,,11,minor,,,
Guardians of the Galaxy Vol. 2,2017,2017,Science Fiction|Adventure|Action,283995,movie,Chris Sullivan,1293892,2,,,Taserface,,,,,12,minor,,,
Guardians of the Galaxy Vol. 2,2017,2017,Science Fiction|Adventure|Action,283995,movie,Sean Gunn,51663,2,,,Kraglin / On-Set Rocket,,,,,13,minor,,,
Guardians of the Galaxy Vol. 2,2017,2017,Science Fiction|Adventure|Action,283995,movie,Tommy Flanagan,2478,2,,,Tullk,,,,,14,minor,,,
Guardians of the Galaxy Vol. 2,2017,2017,Science Fiction|Adventure|Action,283995,movie,Laura Haddock,209578,1,,,Meredith Quill,,,,,15,minor,,,
Guardians of the Galaxy Vol. 2,2017,2017,Science Fiction|Adventure|Action,283995,movie,Aaron Schwartz,77337,2,,,Young Ego Facial Reference,,,,,16,minor,,,
Guardians of the Galaxy Vol. 2,2017,2017,Science Fiction|Adventure|Action,283995,movie,Hannah Gottesman,1806596,1,,,Sovereign Chambermaid,,,,,17,minor,,,
Guardians of the Galaxy Vol. 2,2017,2017,Science Fiction|Adventure|Action,283995,movie,Hilty Bowen,1313075,1,,,Sovereign Pilot,,,,,18,minor,,,
Guardians of the Galaxy Vol. 2,2017,2017,Science Fiction|Adventure|Action,283995,movie,Ben Browder,26048,2,,,Sovereign Admiral,,,,,19,minor,,,
Guardians of the Galaxy Vol. 2,2017,2017,Science Fiction|Adventure|Action,283995,movie,Alex Klein,1627528,2,,,Zylak,,,,,20,minor,,,
The Amazing Spider-Man 2,2014,2014,Action|Adventure|Science Fiction,102382,movie,Andrew Garfield,37625,2,,,Spider-Man / Peter Parker,,,,,1,lead,,,
The Amazing Spider-Man 2,2014,2014,Action|Adventure|Science Fiction,102382,movie,Emma Stone,54693,1,,,Gwen Stacy,,,,,2,lead,,,
The Amazing Spider-Man 2,2014,2014,Action|Adventure|Science Fiction,102382,movie,Jamie Foxx,134,2,,,Electro / Max Dillon,,,,,3,lead,,,
The Amazing Spider-Man 2,2014,2014,Action|Adventure|Science Fiction,102382,movie,Dane DeHaan,122889,2,,,Green Goblin / Harry Osborn,,,,,4,supporting,,,
The Amazing Spider-Man 2,2014,2014,Action|Adventure|Science Fiction,102382,movie,Colm Feore,10132,2,,,Donald Menken,,,,,5,supporting,,,
The Amazing Spider-Man 2,2014,2014,Action|Adventure|Science Fiction,102382,movie,Felicity Jones,72855,1,,,Felicia,,,,,6,supporting,,,
The Amazing Spider-Man 2,2014,2014,Action|Adventure|Science Fiction,102382,movie,Paul Giamatti,13242,2,,,Aleksei Sytsevich,,,,,7,supporting,,,
The Amazing Spider-Man 2,2014,2014,Action|Adventure|Science Fiction,102382,movie,Sally Field,35,1,,,Aunt May,,,,,8,supporting,,,
The Amazing Spider-Man 2,2014,2014,Action|Adventure|Science Fiction,102382,movie,Embeth Davidtz,6368,1,,,Mary Parker,,,,,9,supporting,,,
The Amazing Spider-Man 2,2014,2014,Action|Adventure|Science Fiction,102382,movie,Campbell Scott,55152,2,,,Richard Parker,,,,,10,supporting,,,
The Amazing Spider-Man 2,2014,2014,Action|Adventure|Science Fiction,102382,movie,Marton Csokas,20982,2,,,Dr. Ashley Kafka,,,,,11,minor,,,
The Amazing Spider-Man 2,2014,2014,Action|Adventure|Science Fiction,102382,movie,Louis Cancelmi,163731,2,,,Man in Black Suit,,,,,12,minor,,,
The Amazing Spider-Man 2,2014,2014,Action|Adventure|Science Fiction,102382,movie,Max Charles,558928,2,,,Young Peter Parker,,,,,13,minor,,,
The Amazing Spider-Man 2,2014,2014,Action|Adventure|Science Fiction,102382,movie,B.J. Novak,107770,2,,,Allistar Smythe,,,,,14,minor,,,
The Amazing Spider-Man 2,2014,2014,Action|Adventure|Science Fiction,102382,movie,Sarah Gadon,190895,1,,,Kari,,,,,15,minor,,,
The Amazing Spider-Man 2,2014,2014,Action|Adventure|Science Fiction,102382,movie,Michael Massee,9289,2,,,Gustav Fiers (The Gentleman),,,,,16,minor,,,
The Amazing Spider-Man 2,2014,2014,Action|Adventure|Science Fiction,102382,movie,Jorge Vega,1650216,2,,,Jorge,,,,,17,minor,,,
The Amazing Spider-Man 2,2014,2014,Action|Adventure|Science Fiction,102382,movie,Bill Heck,963767,2,,,G-5 Co-Pilot,,,,,18,minor,,,
The Amazing Spider-Man 2,2014,2014,Action|Adventure|Science Fiction,102382,movie,Teddy Coluca,1232538,2,,,Gwen's Cabbie,,,,,19,minor,,,
The Amazing Spider-Man 2,2014,2014,Action|Adventure|Science Fiction,102382,movie,Helen Stern,1657458,1,,,British Desk Attendant,,,,,20,minor,,,
Prey,2022,2022,Thriller|Action|Science Fiction,766507,movie,Amber Midthunder,1654001,1,,,Naru,,,,,1,lead,,,
Prey,2022,2022,Thriller|Action|Science Fiction,766507,movie,Dakota Beavers,3675371,2,,,Taabe,,,,,2,lead,,,
Prey,2022,2022,Thriller|Action|Science Fiction,766507,movie,Michelle Thrush,87126,1,,,Aruka,,,,,3,lead,,,
Prey,2022,2022,Thriller|Action|Science Fiction,766507,movie,Stormee Kipp,3316731,2,,,Wasape,,,,,4,supporting,,,
Prey,2022,2022,Thriller|Action|Science Fiction,766507,movie,Julian Black Antelope,1061054,2,,,Chief Kehetu,,,,,5,supporting,,,
Prey,2022,2022,Thriller|Action|Science Fiction,766507,movie,Dane DiLiegro,3158773,2,,,Predator,,,,,6,supporting,,,
Prey,2022,2022,Thriller|Action|Science Fiction,766507,movie,Stefany Mathias,1103483,1,,,Sumu (Chief Wife),,,,,7,supporting,,,
Prey,2022,2022,Thriller|Action|Science Fiction,766507,movie,Bennett Taylor,1897633,2,,,Raphael,,,,,8,supporting,,,
Prey,2022,2022,Thriller|Action|Science Fiction,766507,movie,Mike Paterson,2414850,2,,,Big Beard,,,,,9,supporting,,,
Prey,2022,2022,Thriller|Action|Science Fiction,766507,movie,Nelson Leis,95413,2,,,Waxed Mustache,,,,,10,supporting,,,
Prey,2022,2022,Thriller|Action|Science Fiction,766507,movie,Tymon Carter,2534865,0,,,Huupi,,,,,11,minor,,,
Prey,2022,2022,Thriller|Action|Science Fiction,766507,movie,Skye Pelletier,3646557,2,,,Tabu,,,,,12,minor,,,
Prey,2022,2022,Thriller|Action|Science Fiction,766507,movie,Harlan Blayne Kytwayhat,3578777,2,,,Itsee,,,,,13,minor,,,
Prey,2022,2022,Thriller|Action|Science Fiction,766507,movie,Corvin Mack,3032301,2,,,Paaka,,,,,14,minor,,,
Prey,2022,2022,Thriller|Action|Science Fiction,766507,movie,Samuel Marty,1558069,2,,,Puhi,,,,,15,minor,,,
Prey,2022,2022,Thriller|Action|Science Fiction,766507,movie,Ginger Cattleman,3646558,1,,,Disapproving Woman,,,,,16,minor,,,
Prey,2022,2022,Thriller|Action|Science Fiction,766507,movie,Seanna Eagletail,3646559,0,,,Young Comanche Woman,,,,,17,minor,,,
Prey,2022,2022,Thriller|Action|Science Fiction,766507,movie,Samiyah Crowfoot,3646560,1,,,Young Comanche Girl,,,,,18,minor,,,
Prey,2022,2022,Thriller|Action|Science Fiction,766507,movie,Cody Big Tobacco,2498751,2,,,Ania,,,,,19,minor,,,
Prey,2022,2022,Thriller|Action|Science Fiction,766507,movie,Troy Mundle,1882944,2,,,Spyglass,,,,,20,minor,,,
Puss in Boots: The Last Wish,2022,2022,Animation|Adventure|Fantasy|Comedy|Family,315162,movie,Antonio Banderas,3131,2,,,Puss in Boots (voice),,,,,1,lead,,,
Puss in Boots: The Last Wish,2022,2022,Animation|Adventure|Fantasy|Comedy|Family,315162,movie,Salma Hayek Pinault,3136,1,,,Kitty Softpaws (voice),,,,,2,lead,,,
Puss in Boots: The Last Wish,2022,2022,Animation|Adventure|Fantasy|Comedy|Family,315162,movie,Harvey Guillén,210172,2,,,Perrito (voice),,,,,3,lead,,,
Puss in Boots: The Last Wish,2022,2022,Animation|Adventure|Fantasy|Comedy|Family,315162,movie,Wagner Moura,52583,2,,,Wolf (voice),,,,,4,supporting,,,
Puss in Boots: The Last Wish,2022,2022,Animation|Adventure|Fantasy|Comedy|Family,315162,movie,Florence Pugh,1373737,1,,,Goldilocks (voice),,,,,5,supporting,,,
Puss in Boots: The Last Wish,2022,2022,Animation|Adventure|Fantasy|Comedy|Family,315162,movie,Olivia Colman,39187,1,,,Mama Bear (voice),,,,,6,supporting,,,
Puss in Boots: The Last Wish,2022,2022,Animation|Adventure|Fantasy|Comedy|Family,315162,movie,Ray Winstone,5538,2,,,Papa Bear (voice),,,,,7,supporting,,,
Puss in Boots: The Last Wish,2022,2022,Animation|Adventure|Fantasy|Comedy|Family,315162,movie,Samson Kayo,1346535,2,,,Baby Bear (voice),,,,,8,supporting,,,
Puss in Boots: The Last Wish,2022,2022,Animation|Adventure|Fantasy|Comedy|Family,315162,movie,John Mulaney,933558,2,,,Jack Horner (voice),,,,,9,supporting,,,
Puss in Boots: The Last Wish,2022,2022,Animation|Adventure|Fantasy|Comedy|Family,315162,movie,Da'Vine Joy Randolph,1180099,1,,,Mama Luna (voice),,,,,10,supporting,,,
Puss in Boots: The Last Wish,2022,2022,Animation|Adventure|Fantasy|Comedy|Family,315162,movie,Anthony Mendez,1371039,2,,,Doctor (voice),,,,,11,minor,,,
Puss in Boots: The Last Wish,2022,2022,Animation|Adventure|Fantasy|Comedy|Family,315162,movie,Kevin McCann,3815284,2,,,Ethical Bug (voice),,,,,12,minor,,,
Puss in Boots: The Last Wish,2022,2022,Animation|Adventure|Fantasy|Comedy|Family,315162,movie,Bernardo de Paula,1346997,2,,,Governor / Little Boy's Father / Male Partier (voice),,,,,13,minor,,,
Puss in Boots: The Last Wish,2022,2022,Animation|Adventure|Fantasy|Comedy|Family,315162,movie,Betsy Sodaro,1404102,1,,,Jo Serpent / Additional Baker's Dozen Gang Member (voice),,,,,14,minor,,,
Puss in Boots: The Last Wish,2022,2022,Animation|Adventure|Fantasy|Comedy|Family,315162,movie,Artemis Pebdani,1214638,1,,,Jan Serpent (voice),,,,,15,minor,,,
Puss in Boots: The Last Wish,2022,2022,Animation|Adventure|Fantasy|Comedy|Family,315162,movie,Conrad Vernon,12080,2,,,Gingy (voice),,,,,16,minor,,,
Puss in Boots: The Last Wish,2022,2022,Animation|Adventure|Fantasy|Comedy|Family,315162,movie,Cody Cameron,12095,2,,,Pinocchio (voice),,,,,17,minor,,,
Puss in Boots: The Last Wish,2022,2022,Animation|Adventure|Fantasy|Comedy|Family,315162,movie,Kailey Crawford,3042923,1,,,Little Goldi (voice),,,,,18,minor,,,
Puss in Boots: The Last Wish,2022,2022,Animation|Adventure|Fantasy|Comedy|Family,315162,movie,Al Rodrigo,1214171,2,,,Bartender (voice),,,,,19,minor,,,
Puss in Boots: The Last Wish,2022,2022,Animation|Adventure|Fantasy|Comedy|Family,315162,movie,Bob Persichetti,936670,2,,,Ohhh Cat (voice),,,,,20,minor,,,
The Family Plan 2,2025,2025,Action|Comedy,1363123,movie,Mark Wahlberg,13240,2,,,Dan Morgan,,,,,1,lead,,,
The Family Plan 2,2025,2025,Action|Comedy,1363123,movie,Michelle Monaghan,11705,1,,,Jessica Morgan,,,,,2,lead,,,
The Family Plan 2,2025,2025,Action|Comedy,1363123,movie,Kit Harington,239019,2,,,Finn Clarke,,,,,3,lead,,,
The Family Plan 2,2025,2025,Action|Comedy,1363123,movie,Zoe Colletti,1533987,1,,,Nina Morgan,,,,,4,supporting,,,
The Family Plan 2,2025,2025,Action|Comedy,1363123,movie,Van Crosby,1818455,2,,,Kyle Morgan,,,,,5,supporting,,,
The Family Plan 2,2025,2025,Action|Comedy,1363123,movie,Theodore Lindsey,5740160,2,,,Max Morgan,,,,,6,supporting,,,
The Family Plan 2,2025,2025,Action|Comedy,1363123,movie,Peter Lindsey,5740162,2,,,Max Morgan,,,,,7,supporting,,,
The Family Plan 2,2025,2025,Action|Comedy,1363123,movie,Reda Elazouar,2938554,2,,,Omar,,,,,8,supporting,,,
The Family Plan 2,2025,2025,Action|Comedy,1363123,movie,Sidse Babett Knudsen,32683,1,,,Svetlana Romanova,,,,,9,supporting,,,
The Family Plan 2,2025,2025,Action|Comedy,1363123,movie,Sanjeev Bhaskar,145997,2,,,Vikram,,,,,10,supporting,,,
The Family Plan 2,2025,2025,Action|Comedy,1363123,movie,Daisy Tormé,2967,1,,,News Anchor,,,,,11,minor,,,
The Family Plan 2,2025,2025,Action|Comedy,1363123,movie,Paul Besterman,1425620,2,,,Man in Buffalo Hotel Room,,,,,12,minor,,,
The Family Plan 2,2025,2025,Action|Comedy,1363123,movie,Lucy Newman-Williams,77244,1,,,Jessica's Mom,,,,,13,minor,,,
The Family Plan 2,2025,2025,Action|Comedy,1363123,movie,Ryan Wilson,4685739,2,,,Jessica's Brother,,,,,14,minor,,,
The Family Plan 2,2025,2025,Action|Comedy,1363123,movie,Patrick Cavanaugh,63464,2,,,Jessica's Brother,,,,,15,minor,,,
The Family Plan 2,2025,2025,Action|Comedy,1363123,movie,Joshua Broadstone,4102354,2,,,Jessica's Brother,,,,,16,minor,,,
The Family Plan 2,2025,2025,Action|Comedy,1363123,movie,Kiziana Jean-Louis,5013897,1,,,Jessica's Sister-in-Law,,,,,17,minor,,,
The Family Plan 2,2025,2025,Action|Comedy,1363123,movie,Gigi Burgdorf,1360226,1,,,Jessica's Sister-in-Law,,,,,18,minor,,,
The Family Plan 2,2025,2025,Action|Comedy,1363123,movie,Jennifer K Preston,2675528,1,,,Jessica's Sister-in-Law,,,,,19,minor,,,
The Family Plan 2,2025,2025,Action|Comedy,1363123,movie,Glenn Wrage,157790,2,,,Jessica's Dad,,,,,20,minor,,,
Cruel Intentions,1999,1999,Drama|Romance,796,movie,Sarah Michelle Gellar,11863,1,,,Kathryn Merteuil,,,,,1,lead,,,
Cruel Intentions,1999,1999,Drama|Romance,796,movie,Ryan Phillippe,11864,2,,,Sébastian Valmont,,,,,2,lead,,,
Cruel Intentions,1999,1999,Drama|Romance,796,movie,Reese Witherspoon,368,1,,,Annette Hargrove,,,,,3,lead,,,
Cruel Intentions,1999,1999,Drama|Romance,796,movie,Selma Blair,11826,1,,,Cecile Caldwell,,,,,4,supporting,,,
Cruel Intentions,1999,1999,Drama|Romance,796,movie,Louise Fletcher,7071,1,,,Helen Rosemond,,,,,5,supporting,,,
Cruel Intentions,1999,1999,Drama|Romance,796,movie,Joshua Jackson,11866,2,,,Blaine Tuttle,,,,,6,supporting,,,
Cruel Intentions,1999,1999,Drama|Romance,796,movie,Eric Mabius,11867,2,,,Greg McConnell,,,,,7,supporting,,,
Cruel Intentions,1999,1999,Drama|Romance,796,movie,Sean Patrick Thomas,11868,2,,,Ronald Clifford,,,,,8,supporting,,,
Cruel Intentions,1999,1999,Drama|Romance,796,movie,Swoosie Kurtz,12967,1,,,Dr.  Greenbaum,,,,,9,supporting,,,
Cruel Intentions,1999,1999,Drama|Romance,796,movie,Christine Baranski,11870,1,,,Bunny Caldwell,,,,,10,supporting,,,
Cruel Intentions,1999,1999,Drama|Romance,796,movie,Alaina Reed Hall,11871,1,,,Nurse,,,,,11,minor,,,
Cruel Intentions,1999,1999,Drama|Romance,796,movie,Deborah Offner,11872,1,,,Mrs. Michalak,,,,,12,minor,,,
Cruel Intentions,1999,1999,Drama|Romance,796,movie,Tara Reid,1234,1,,,Marci Greenbaum,,,,,13,minor,,,
Cruel Intentions,1999,1999,Drama|Romance,796,movie,Herta Ware,136482,1,,,Mrs. Sugarman,,,,,14,minor,,,
Cruel Intentions,1999,1999,Drama|Romance,796,movie,Hiep Thi Le,167166,1,,,Mai-Lee,,,,,15,minor,,,
Cruel Intentions,1999,1999,Drama|Romance,796,movie,Charlie O'Connell,129122,2,,,Court Reynolds,,,,,16,minor,,,
Cruel Intentions,1999,1999,Drama|Romance,796,movie,Fred Norris,1049208,2,,,Meter Maid,,,,,17,minor,,,
Cruel Intentions,1999,1999,Drama|Romance,796,movie,Ginger Williams,1395911,1,,,Clorissa,,,,,18,minor,,,
Cruel Intentions,1999,1999,Drama|Romance,796,movie,Drew Snyder,52188,2,,,Headmaster Hargrove,,,,,19,minor,,,
FROM,2022,2026,Mystery|Drama|Sci-Fi & Fantasy,124364,tv,Harold Perrineau,6195,2,,,Boyd Stevens,,,,,1,lead,,,
FROM,2022,2026,Mystery|Drama|Sci-Fi & Fantasy,124364,tv,Catalina Sandino Moreno,5887,1,,,Tabitha Matthews,,,,,2,lead,,,
FROM,2022,2026,Mystery|Drama|Sci-Fi & Fantasy,124364,tv,Ricky He,1927025,2,,,Kenny Liu,,,,,3,lead,,,
FROM,2022,2026,Mystery|Drama|Sci-Fi & Fantasy,124364,tv,David Alpay,60089,2,,,Jade,,,,,4,supporting,,,
FROM,2022,2026,Mystery|Drama|Sci-Fi & Fantasy,124364,tv,Hannah Cheramy,1562430,1,,,Julie Matthews,,,,,5,supporting,,,
FROM,2022,2026,Mystery|Drama|Sci-Fi & Fantasy,124364,tv,Pegah Ghafoori,3437121,1,,,Fatima,,,,,6,supporting,,,
FROM,2022,2026,Mystery|Drama|Sci-Fi & Fantasy,124364,tv,Simon Webster,3118207,2,,,Ethan Matthews,,,,,7,supporting,,,
FROM,2022,2026,Mystery|Drama|Sci-Fi & Fantasy,124364,tv,Elizabeth Saunders,108895,1,,,Donna,,,,,8,supporting,,,
FROM,2022,2026,Mystery|Drama|Sci-Fi & Fantasy,124364,tv,Avery Konrad,2578201,1,,,Sara Myers,,,,,9,supporting,,,
FROM,2022,2026,Mystery|Drama|Sci-Fi & Fantasy,124364,tv,Julia Doyle,2676077,1,,,Sophia,,,,,10,supporting,,,
FROM,2022,2026,Mystery|Drama|Sci-Fi & Fantasy,124364,tv,Samantha Brown,1785654,1,,,Dani Acosta,,,,,11,minor,,,
FROM,2022,2026,Mystery|Drama|Sci-Fi & Fantasy,124364,tv,Scott McCord,124315,2,,,Victor Kavanaugh,,,,,12,minor,,,
FROM,2022,2026,Mystery|Drama|Sci-Fi & Fantasy,124364,tv,Corteon Moore,2710310,2,,,Ellis Stevens,,,,,13,minor,,,
FROM,2022,2026,Mystery|Drama|Sci-Fi & Fantasy,124364,tv,Chloe Van Landschoot,2520942,1,,,Kristi,,,,,14,minor,,,
FROM,2022,2026,Mystery|Drama|Sci-Fi & Fantasy,124364,tv,A.J. Simmons,2194626,2,,,Randall,,,,,15,minor,,,
FROM,2022,2026,Mystery|Drama|Sci-Fi & Fantasy,124364,tv,Kaelen Ohm,1503397,1,,,Marielle,,,,,16,minor,,,
FROM,2022,2026,Mystery|Drama|Sci-Fi & Fantasy,124364,tv,Robert Joy,19976,2,,,Henry Kavanaugh,,,,,17,minor,,,
FROM,2022,2026,Mystery|Drama|Sci-Fi & Fantasy,124364,tv,Nathan D. Simmons,3705079,0,,,Elgin,,,,,18,minor,,,
The Boys,2019,2026,Sci-Fi & Fantasy|Action & Adventure,76479,tv,Karl Urban,1372,2,,,Billy Butcher,,,,,1,lead,,,
The Boys,2019,2026,Sci-Fi & Fantasy|Action & Adventure,76479,tv,Jack Quaid,1030513,2,,,Hugh 'Hughie' Campbell,,,,,2,lead,,,
The Boys,2019,2026,Sci-Fi & Fantasy|Action & Adventure,76479,tv,Antony Starr,60373,2,,,Homelander,,,,,3,lead,,,
The Boys,2019,2026,Sci-Fi & Fantasy|Action & Adventure,76479,tv,Erin Moriarty,990393,1,,,Annie January / Starlight,,,,,4,supporting,,,
The Boys,2019,2026,Sci-Fi & Fantasy|Action & Adventure,76479,tv,Jessie T. Usher,198847,2,,,Reggie Franklin / A-Train,,,,,6,supporting,,,
The Boys,2019,2026,Sci-Fi & Fantasy|Action & Adventure,76479,tv,Laz Alonso,10964,2,,,Marvin T. 'Mother's Milk' Milk / M.M.,,,,,7,supporting,,,
The Boys,2019,2026,Sci-Fi & Fantasy|Action & Adventure,76479,tv,Chace Crawford,60899,2,,,Kevin Moskowitz / The Deep,,,,,8,supporting,,,
The Boys,2019,2026,Sci-Fi & Fantasy|Action & Adventure,76479,tv,Tomer Capone,1550587,2,,,Serge / Frenchie,,,,,9,supporting,,,
The Boys,2019,2026,Sci-Fi & Fantasy|Action & Adventure,76479,tv,Karen Fukuhara,1461608,1,,,Kimiko Miyashiro,,,,,10,supporting,,,
The Boys,2019,2026,Sci-Fi & Fantasy|Action & Adventure,76479,tv,Nathan Mitchell,229422,2,,,Justin / Black Noir II,,,,,13,minor,,,
The Boys,2019,2026,Sci-Fi & Fantasy|Action & Adventure,76479,tv,Colby Minifie,1157294,1,,,Ashley Barrett,,,,,14,minor,,,
The Boys,2019,2026,Sci-Fi & Fantasy|Action & Adventure,76479,tv,Cameron Crovetti,1696015,2,,,Ryan,,,,,17,minor,,,
The Boys,2019,2026,Sci-Fi & Fantasy|Action & Adventure,76479,tv,Susan Heyward,1422261,1,,,Jessica Bradley / Sister Sage,,,,,18,minor,,,
The Boys,2019,2026,Sci-Fi & Fantasy|Action & Adventure,76479,tv,Valorie Curry,1181426,1,,,Misty Tucker Gray / Firecracker,,,,,20,minor,,,
Euphoria,2019,2026,Drama,85552,tv,Zendaya,505710,1,,,Rue Bennett,,,,,1,lead,,,
Euphoria,2019,2026,Drama,85552,tv,Hunter Schafer,2340180,1,,,Jules Vaughn,,,,,2,lead,,,
Euphoria,2019,2026,Drama,85552,tv,Sydney Sweeney,115440,1,,,Cassie Howard,,,,,3,lead,,,
Euphoria,2019,2026,Drama,85552,tv,Jacob Elordi,2034418,2,,,Nate Jacobs,,,,,4,supporting,,,
Euphoria,2019,2026,Drama,85552,tv,Alexa Demie,1497557,1,,,Maddy Perez,,,,,5,supporting,,,
Euphoria,2019,2026,Drama,85552,tv,Maude Apatow,41090,1,,,Lexi Howard,,,,,8,supporting,,,
Euphoria,2019,2026,Drama,85552,tv,Eric Dane,58115,2,,,Cal Jacobs,,,,,10,supporting,,,
Euphoria,2019,2026,Drama,85552,tv,Martha Kelly,1572541,1,,,Laurie,,,,,16,minor,,,
Euphoria,2019,2026,Drama,85552,tv,Chloe Cherry,1585678,1,,,Faye Valentine,,,,,17,minor,,,
Euphoria,2019,2026,Drama,85552,tv,Adewale Akinnuoye-Agbaje,31164,2,,,Alamo Brown,,,,,18,minor,,,
Euphoria,2019,2026,Drama,85552,tv,Toby Wallace,110419,2,,,Wayne,,,,,19,minor,,,
The Rookie,2018,2026,Crime|Drama|Comedy,79744,tv,Nathan Fillion,51797,2,,,John Nolan,,,,,1,lead,,,
The Rookie,2018,2026,Crime|Drama|Comedy,79744,tv,Melissa O'Neil,1234713,1,,,Lucy Chen,,,,,2,lead,,,
The Rookie,2018,2026,Crime|Drama|Comedy,79744,tv,Eric Winter,74409,2,,,Tim Bradford,,,,,3,lead,,,
The Rookie,2018,2026,Crime|Drama|Comedy,79744,tv,Alyssa Diaz,134180,1,,,Angela Lopez,,,,,5,supporting,,,
The Rookie,2018,2026,Crime|Drama|Comedy,79744,tv,Mekia Cox,202952,1,,,Nyla Harper,,,,,6,supporting,,,
The Rookie,2018,2026,Crime|Drama|Comedy,79744,tv,Richard T. Jones,55755,2,,,Wade Grey,,,,,8,supporting,,,
The Rookie,2018,2026,Crime|Drama|Comedy,79744,tv,Shawn Ashmore,11023,2,,,Wesley Evers,,,,,11,minor,,,
The Rookie,2018,2026,Crime|Drama|Comedy,79744,tv,Jenna Dewan,20381,1,,,Bailey Nune,,,,,12,minor,,,
The Rookie,2018,2026,Crime|Drama|Comedy,79744,tv,Lisseth Chavez,1600095,1,,,Celina Juarez,,,,,13,minor,,,
The Rookie,2018,2026,Crime|Drama|Comedy,79744,tv,Deric Augustine,1411745,2,,,Miles Penn,,,,,14,minor,,,
Law & Order: Special Victims Unit,1999,2026,Crime|Drama|Mystery,2734,tv,Mariska Hargitay,6240,1,,,Olivia Benson,,,,,1,lead,,,
Law & Order: Special Victims Unit,1999,2026,Crime|Drama|Mystery,2734,tv,Ice-T,21411,2,,,Odafin 'Fin' Tutuola,,,,,2,lead,,,
Law & Order: Special Victims Unit,1999,2026,Crime|Drama|Mystery,2734,tv,Kelli Giddish,206637,1,,,Amanda Rollins,,,,,5,supporting,,,
Law & Order: Special Victims Unit,1999,2026,Crime|Drama|Mystery,2734,tv,Peter Scanavino,1217599,2,,,Dominick 'Sonny' Carisi Jr.,,,,,7,supporting,,,
Law & Order: Special Victims Unit,1999,2026,Crime|Drama|Mystery,2734,tv,Aimé Donna Kelly,2005718,1,,,Renee Curry,,,,,8,supporting,,,
Law & Order: Special Victims Unit,1999,2026,Crime|Drama|Mystery,2734,tv,Kevin Kane,1413757,2,,,Terry Bruno,,,,,9,supporting,,,
Law & Order,1990,2026,Crime|Drama,549,tv,Reid Scott,81316,2,,,Vincent Riley,,,,,2,lead,,,
Law & Order,1990,2026,Crime|Drama,549,tv,Maura Tierney,16307,1,,,Jessica Brady,,,,,5,supporting,,,
Law & Order,1990,2026,Crime|Drama,549,tv,Tony Goldwyn,3417,2,,,Nicholas Baxter,,,,,7,supporting,,,
Law & Order,1990,2026,Crime|Drama,549,tv,Hugh Dancy,12791,2,,,Nolan Price,,,,,8,supporting,,,
Law & Order,1990,2026,Crime|Drama,549,tv,Odelya Halevi,1639904,1,,,Samantha Maroun,,,,,10,supporting,,,
Grey's Anatomy,2005,2026,Drama,1416,tv,Ellen Pompeo,9280,1,,,Meredith Grey,,,,,1,lead,,,
Grey's Anatomy,2005,2026,Drama,1416,tv,Chandra Wilson,171075,1,,,Miranda Bailey,,,,,2,lead,,,
Grey's Anatomy,2005,2026,Drama,1416,tv,James Pickens Jr.,25544,2,,,Richard Webber,,,,,5,supporting,,,
Grey's Anatomy,2005,2026,Drama,1416,tv,Caterina Scorsone,81684,1,,,Amelia Shepherd,,,,,7,supporting,,,
Grey's Anatomy,2005,2026,Drama,1416,tv,Camilla Luddington,236021,1,,,Jo Wilson,,,,,8,supporting,,,
Grey's Anatomy,2005,2026,Drama,1416,tv,Kevin McKidd,9013,2,,,Owen Hunt,,,,,9,supporting,,,
Grey's Anatomy,2005,2026,Drama,1416,tv,Kim Raver,17836,1,,,Teddy Altman,,,,,11,minor,,,
Grey's Anatomy,2005,2026,Drama,1416,tv,Jason George,95475,2,,,Ben Warren,,,,,14,minor,,,
Grey's Anatomy,2005,2026,Drama,1416,tv,Chris Carmack,87440,2,,,Atticus Lincoln,,,,,16,minor,,,
Grey's Anatomy,2005,2026,Drama,1416,tv,Anthony Hill,1583975,2,,,Winston Ndugu,,,,,18,minor,,,
Grey's Anatomy,2005,2026,Drama,1416,tv,Adelaide Kane,131781,1,,,Jules Millin,,,,,20,minor,,,
Supernatural,2005,2020,Drama|Mystery|Sci-Fi & Fantasy,1622,tv,Jared Padalecki,49623,2,,,Sam Winchester,,,,,2,lead,,,
Supernatural,2005,2020,Drama|Mystery|Sci-Fi & Fantasy,1622,tv,Jensen Ackles,49624,2,,,Dean Winchester,,,,,4,supporting,,,
Supernatural,2005,2020,Drama|Mystery|Sci-Fi & Fantasy,1622,tv,Misha Collins,42747,2,,,Castiel,,,,,6,supporting,,,
NCIS,2003,2026,Crime|Drama|Action & Adventure,4614,tv,Sean Murray,1230381,2,,,Timothy McGee,,,,,2,lead,,,
NCIS,2003,2026,Crime|Drama|Action & Adventure,4614,tv,Wilmer Valderrama,18975,2,,,Nick Torres,,,,,4,supporting,,,
NCIS,2003,2026,Crime|Drama|Action & Adventure,4614,tv,Katrina Law,164930,1,,,Jessica Knight,,,,,5,supporting,,,
NCIS,2003,2026,Crime|Drama|Action & Adventure,4614,tv,Brian Dietzen,1213580,2,,,Jimmy Palmer,,,,,7,supporting,,,
NCIS,2003,2026,Crime|Drama|Action & Adventure,4614,tv,Rocky Carroll,27448,2,,,Leon Vance,,,,,16,minor,,,
NCIS,2003,2026,Crime|Drama|Action & Adventure,4614,tv,Diona Reasonover,1470346,1,,,Kasie Hines,,,,,17,minor,,,
NCIS,2003,2026,Crime|Drama|Action & Adventure,4614,tv,Gary Cole,21163,2,,,Alden Parker,,,,,18,minor,,,
The Mentalist,2008,2015,Crime|Drama|Mystery,5920,tv,Simon Baker,1284159,2,,,Patrick Jane,,,,,1,lead,,,
The Mentalist,2008,2015,Crime|Drama|Mystery,5920,tv,Robin Tunney,17346,1,,,Teresa Lisbon,,,,,2,lead,,,
The Mentalist,2008,2015,Crime|Drama|Mystery,5920,tv,Tim Kang,52947,2,,,Kimball Cho,,,,,3,lead,,,
The Mentalist,2008,2015,Crime|Drama|Mystery,5920,tv,Rockmond Dunbar,17345,2,,,Dennis Abbott,,,,,4,supporting,,,
The Mentalist,2008,2015,Crime|Drama|Mystery,5920,tv,Joe Adler,970561,2,,,Jason Wylie,,,,,5,supporting,,,
The Mentalist,2008,2015,Crime|Drama|Mystery,5920,tv,Josie Loren,146516,1,,,Michelle Vega,,,,,7,supporting,,,
The Simpsons,1989,2026,Family|Animation|Comedy,456,tv,Dan Castellaneta,198,2,,,Homer Simpson / Abe Simpson / Barney Gumble / Krusty (voice),,,,,1,lead,,,
The Simpsons,1989,2026,Family|Animation|Comedy,456,tv,Julie Kavner,199,1,,,Marge Simpson / Patty Bouvier / Selma Bouvier (voice),,,,,2,lead,,,
The Simpsons,1989,2026,Family|Animation|Comedy,456,tv,Nancy Cartwright,200,1,,,Bart Simpson / Nelson Muntz / Ralph Wiggum (voice),,,,,3,lead,,,
The Simpsons,1989,2026,Family|Animation|Comedy,456,tv,Yeardley Smith,5586,1,,,Lisa Simpson (voice),,,,,4,supporting,,,
The Simpsons,1989,2026,Family|Animation|Comedy,456,tv,Hank Azaria,5587,2,,,Moe Szyslak / Chief Wiggum / Apu / Comic Book Guy / Carl (voice),,,,,5,supporting,,,
The Simpsons,1989,2026,Family|Animation|Comedy,456,tv,Harry Shearer,6008,2,,,Ned Flanders / Mr. Burns / Smithers / Skinner / Lenny (voice),,,,,7,supporting,,,
Game of Thrones,2011,2019,Sci-Fi & Fantasy|Drama|Action & Adventure,1399,tv,Peter Dinklage,22970,2,,,Tyrion 'The Halfman' Lannister,,,,,1,lead,,,
Game of Thrones,2011,2019,Sci-Fi & Fantasy|Drama|Action & Adventure,1399,tv,Kit Harington,239019,2,,,Jon Snow,,,,,2,lead,,,
Game of Thrones,2011,2019,Sci-Fi & Fantasy|Drama|Action & Adventure,1399,tv,Nikolaj Coster-Waldau,12795,2,,,Sir Jaime 'Kingslayer' Lannister,,,,,6,supporting,,,
Game of Thrones,2011,2019,Sci-Fi & Fantasy|Drama|Action & Adventure,1399,tv,Lena Headey,17286,1,,,Cersei Lannister,,,,,7,supporting,,,
Game of Thrones,2011,2019,Sci-Fi & Fantasy|Drama|Action & Adventure,1399,tv,Emilia Clarke,1223786,1,,,Daenerys Targaryen,,,,,9,supporting,,,
Game of Thrones,2011,2019,Sci-Fi & Fantasy|Drama|Action & Adventure,1399,tv,Liam Cunningham,15498,2,,,Davos Seaworth,,,,,10,supporting,,,
Game of Thrones,2011,2019,Sci-Fi & Fantasy|Drama|Action & Adventure,1399,tv,Maisie Williams,1181313,1,,,Arya Stark,,,,,11,minor,,,
Game of Thrones,2011,2019,Sci-Fi & Fantasy|Drama|Action & Adventure,1399,tv,Isaac Hempstead Wright,239020,2,,,Brandon 'Bran' Stark,,,,,13,minor,,,
Game of Thrones,2011,2019,Sci-Fi & Fantasy|Drama|Action & Adventure,1399,tv,Sophie Turner,1001657,1,,,Sansa Stark,,,,,16,minor,,,
Game of Thrones,2011,2019,Sci-Fi & Fantasy|Drama|Action & Adventure,1399,tv,John Bradley,1010135,2,,,Samwell 'Sam' Tarly,,,,,18,minor,,,
Game of Thrones,2011,2019,Sci-Fi & Fantasy|Drama|Action & Adventure,1399,tv,Rory McCann,3075,2,,,Sandor 'The Hound' Clegane,,,,,20,minor,,,
Family Guy,1999,2026,Animation|Comedy,1434,tv,Seth MacFarlane,52139,2,,,Peter Griffin / Brian Griffin / Stewie Griffin / Glenn Quagmire (voice),,,,,1,lead,,,
Family Guy,1999,2026,Animation|Comedy,1434,tv,Alex Borstein,24357,1,,,Lois Griffin / Tricia Takanawa / Loretta Brown / Barbara Pewterschmidt (voice),,,,,2,lead,,,
Family Guy,1999,2026,Animation|Comedy,1434,tv,Mila Kunis,18973,1,,,Meg Griffin (voice),,,,,3,lead,,,
Family Guy,1999,2026,Animation|Comedy,1434,tv,Seth Green,13922,2,,,Chris Griffin (voice),,,,,4,supporting,,,
Family Guy,1999,2026,Animation|Comedy,1434,tv,Patrick Warburton,9657,2,,,Joe Swanson (voice),,,,,7,supporting,,,
Family Guy,1999,2026,Animation|Comedy,1434,tv,Arif Zahir,3249539,2,,,Cleveland Brown (voice),,,,,8,supporting,,,
Criminal Minds,2005,2025,Crime|Drama|Mystery,4057,tv,Joe Mantegna,3266,2,,,David Rossi,,,,,2,lead,,,
Criminal Minds,2005,2025,Crime|Drama|Mystery,4057,tv,Paget Brewster,15423,1,,,Emily Prentiss,,,,,3,lead,,,
Criminal Minds,2005,2025,Crime|Drama|Mystery,4057,tv,Adam Rodriguez,49706,2,,,Luke Alvez,,,,,5,supporting,,,
Criminal Minds,2005,2025,Crime|Drama|Mystery,4057,tv,Kirsten Vangsness,123727,1,,,Penelope Garcia,,,,,6,supporting,,,
Criminal Minds,2005,2025,Crime|Drama|Mystery,4057,tv,A.J. Cook,17236,1,,,Jennifer Jareau,,,,,8,supporting,,,
Criminal Minds,2005,2025,Crime|Drama|Mystery,4057,tv,Aisha Tyler,38674,1,,,Dr. Tara Lewis,,,,,9,supporting,,,
Criminal Minds,2005,2025,Crime|Drama|Mystery,4057,tv,Zach Gilford,70303,2,,,Elias Voit,,,,,11,minor,,,
Criminal Minds,2005,2025,Crime|Drama|Mystery,4057,tv,Ryan-James Hatanaka,1437574,2,,,Tyler Green,,,,,13,minor,,,
The Tonight Show Starring Jimmy Fallon,2014,2026,Comedy|Talk,59941,tv,Jimmy Fallon,11669,2,,,Self - Host,,,,,1,lead,,,
The Tonight Show Starring Jimmy Fallon,2014,2026,Comedy|Talk,59941,tv,Steve Higgins,1215931,2,,,Self - Announcer,,,,,2,lead,,,
INVINCIBLE,2021,2026,Animation|Drama|Sci-Fi & Fantasy|Action & Adventure,95557,tv,Steven Yeun,215055,2,,,Mark Grayson / Invincible (voice),,,,,1,lead,,,
INVINCIBLE,2021,2026,Animation|Drama|Sci-Fi & Fantasy|Action & Adventure,95557,tv,Sandra Oh,25540,1,,,Debbie Grayson (voice),,,,,2,lead,,,
INVINCIBLE,2021,2026,Animation|Drama|Sci-Fi & Fantasy|Action & Adventure,95557,tv,J.K. Simmons,18999,2,,,Nolan Grayson / Omni-Man (voice),,,,,3,lead,,,
Bones,2005,2017,Crime|Drama,1911,tv,Emily Deschanel,25933,1,,,Temperance 'Bones' Brennan,,,,,1,lead,,,
Bones,2005,2017,Crime|Drama,1911,tv,David Boreanaz,25934,2,,,Seeley Booth,,,,,2,lead,,,
Bones,2005,2017,Crime|Drama,1911,tv,John Boyd,58621,2,,,James Aubrey,,,,,3,lead,,,
Bones,2005,2017,Crime|Drama,1911,tv,Michaela Conlin,122237,1,,,Angela Montenegro,,,,,4,supporting,,,
Bones,2005,2017,Crime|Drama,1911,tv,Tamara Taylor,39464,1,,,Camille Saroyan,,,,,5,supporting,,,
Bones,2005,2017,Crime|Drama,1911,tv,T.J. Thyne,151263,2,,,Jack Hodgins,,,,,6,supporting,,,
House,2004,2012,Drama,1408,tv,Hugh Laurie,41419,2,,,Gregory House,,,,,1,lead,,,
House,2004,2012,Drama,1408,tv,Robert Sean Leonard,2692,2,,,James Wilson,,,,,3,lead,,,
House,2004,2012,Drama,1408,tv,Omar Epps,4987,2,,,Eric Foreman,,,,,4,supporting,,,
House,2004,2012,Drama,1408,tv,Jesse Spencer,41422,2,,,Robert Chase,,,,,6,supporting,,,
House,2004,2012,Drama,1408,tv,Odette Annable,51992,1,,,Jessica Adams,,,,,7,supporting,,,
House,2004,2012,Drama,1408,tv,Peter Jacobson,31514,2,,,Chris Taub,,,,,8,supporting,,,
House,2004,2012,Drama,1408,tv,Lo Mutuc,93285,3,,,Chi Park,,,,,9,supporting,,,
Late Night with Seth Meyers,2014,2026,Talk|Comedy,61818,tv,Seth Meyers,62856,2,,,Self - Host,,,,,1,lead,,,
The Blacklist,2013,2023,Drama|Crime|Mystery,46952,tv,James Spader,13548,2,,,Raymond 'Red' Reddington,,,,,1,lead,,,
The Blacklist,2013,2023,Drama|Crime|Mystery,46952,tv,Diego Klattenhoff,142193,2,,,Donald Ressler,,,,,3,lead,,,
The Blacklist,2013,2023,Drama|Crime|Mystery,46952,tv,Hisham Tawfiq,144583,2,,,Dembe Zuma,,,,,4,supporting,,,
The Blacklist,2013,2023,Drama|Crime|Mystery,46952,tv,Anya Banerjee,2622043,1,,,Siya Malik,,,,,6,supporting,,,
The Blacklist,2013,2023,Drama|Crime|Mystery,46952,tv,Harry Lennix,9464,2,,,Harold Cooper,,,,,8,supporting,,,
The Late Show with Stephen Colbert,2015,2026,Comedy|Talk,63770,tv,Stephen Colbert,58769,2,,,Self - Host,,,,,1,lead,,,
Shameless,2011,2021,Drama|Comedy,34307,tv,William H. Macy,3905,2,,,Frank Gallagher,,,,,2,lead,,,
Shameless,2011,2021,Drama|Comedy,34307,tv,Jeremy Allen White,206905,2,,,Lip Gallagher,,,,,4,supporting,,,
Shameless,2011,2021,Drama|Comedy,34307,tv,Ethan Cutkosky,132213,2,,,Carl Gallagher,,,,,5,supporting,,,
Shameless,2011,2021,Drama|Comedy,34307,tv,Shanola Hampton,110531,1,,,Veronica Fisher,,,,,6,supporting,,,
Shameless,2011,2021,Drama|Comedy,34307,tv,Steve Howey,81388,2,,,Kevin Ball,,,,,7,supporting,,,
Shameless,2011,2021,Drama|Comedy,34307,tv,Emma Kenney,1252801,1,,,Debbie Gallagher,,,,,8,supporting,,,
Shameless,2011,2021,Drama|Comedy,34307,tv,Christian Isaiah,2563541,2,,,Liam Gallagher,,,,,9,supporting,,,
Shameless,2011,2021,Drama|Comedy,34307,tv,Cameron Monaghan,37089,2,,,Ian Gallagher,,,,,10,supporting,,,
Shameless,2011,2021,Drama|Comedy,34307,tv,Noel Fisher,80352,2,,,Mickey Milkovich,,,,,11,minor,,,
Shameless,2011,2021,Drama|Comedy,34307,tv,Kate Miner,214695,1,,,Tami Tamietti,,,,,13,minor,,,
CSI: Crime Scene Investigation,2000,2015,Crime|Drama|Mystery,1431,tv,Ted Danson,12836,2,,,D.B. Russell,,,,,5,supporting,,,
CSI: Crime Scene Investigation,2000,2015,Crime|Drama|Mystery,1431,tv,George Eads,117484,2,,,Nick Stokes,,,,,6,supporting,,,
CSI: Crime Scene Investigation,2000,2015,Crime|Drama|Mystery,1431,tv,Jorja Fox,536,1,,,Sara Sidle,,,,,7,supporting,,,
CSI: Crime Scene Investigation,2000,2015,Crime|Drama|Mystery,1431,tv,Eric Szmanda,173849,2,,,Greg Sanders,,,,,8,supporting,,,
CSI: Crime Scene Investigation,2000,2015,Crime|Drama|Mystery,1431,tv,Robert David Hall,1217657,2,,,Al Robbins,,,,,9,supporting,,,
CSI: Crime Scene Investigation,2000,2015,Crime|Drama|Mystery,1431,tv,Wallace Langham,17421,2,,,David Hodges,,,,,11,minor,,,
CSI: Crime Scene Investigation,2000,2015,Crime|Drama|Mystery,1431,tv,Jon Wellner,1219224,2,,,Henry Andrews,,,,,12,minor,,,
CSI: Crime Scene Investigation,2000,2015,Crime|Drama|Mystery,1431,tv,Elisabeth Harnois,78197,1,,,Morgan Brody,,,,,13,minor,,,
CSI: Crime Scene Investigation,2000,2015,Crime|Drama|Mystery,1431,tv,Elisabeth Shue,1951,1,,,Julie Finlay,,,,,14,minor,,,
CSI: Crime Scene Investigation,2000,2015,Crime|Drama|Mystery,1431,tv,David Berman,1224393,2,,,David Phillips,,,,,15,minor,,,
Smallville,2001,2011,Sci-Fi & Fantasy|Action & Adventure|Drama,4604,tv,Tom Welling,11824,2,,,Clark Kent,,,,,1,lead,,,
Smallville,2001,2011,Sci-Fi & Fantasy|Action & Adventure|Drama,4604,tv,Erica Durance,46897,1,,,Lois Lane,,,,,2,lead,,,
Smallville,2001,2011,Sci-Fi & Fantasy|Action & Adventure|Drama,4604,tv,Cassidy Freeman,138770,1,,,Tess Mercer,,,,,5,supporting,,,
Smallville,2001,2011,Sci-Fi & Fantasy|Action & Adventure|Drama,4604,tv,Justin Hartley,1222596,2,,,Oliver Queen,,,,,10,supporting,,,
Stranger Things,2016,2025,Sci-Fi & Fantasy|Mystery|Action & Adventure,66732,tv,Winona Ryder,1920,1,,,Joyce Byers,,,,,1,lead,,,
Stranger Things,2016,2025,Sci-Fi & Fantasy|Mystery|Action & Adventure,66732,tv,David Harbour,35029,2,,,Jim Hopper,,,,,2,lead,,,
Stranger Things,2016,2025,Sci-Fi & Fantasy|Mystery|Action & Adventure,66732,tv,Millie Bobby Brown,1356210,1,,,Eleven / Jane Hopper,,,,,3,lead,,,
Stranger Things,2016,2025,Sci-Fi & Fantasy|Mystery|Action & Adventure,66732,tv,Finn Wolfhard,1442069,2,,,Mike Wheeler,,,,,4,supporting,,,
Stranger Things,2016,2025,Sci-Fi & Fantasy|Mystery|Action & Adventure,66732,tv,Gaten Matarazzo,1653291,2,,,Dustin Henderson,,,,,5,supporting,,,
Stranger Things,2016,2025,Sci-Fi & Fantasy|Mystery|Action & Adventure,66732,tv,Caleb McLaughlin,1474123,2,,,Lucas Sinclair,,,,,7,supporting,,,
Stranger Things,2016,2025,Sci-Fi & Fantasy|Mystery|Action & Adventure,66732,tv,Noah Schnapp,1393177,2,,,Will Byers,,,,,8,supporting,,,
Stranger Things,2016,2025,Sci-Fi & Fantasy|Mystery|Action & Adventure,66732,tv,Sadie Sink,1590797,1,,,Max Mayfield,,,,,9,supporting,,,
Stranger Things,2016,2025,Sci-Fi & Fantasy|Mystery|Action & Adventure,66732,tv,Natalia Dyer,1039011,1,,,Nancy Wheeler,,,,,10,supporting,,,
Stranger Things,2016,2025,Sci-Fi & Fantasy|Mystery|Action & Adventure,66732,tv,Charlie Heaton,1448222,2,,,Jonathan Byers,,,,,11,minor,,,
Stranger Things,2016,2025,Sci-Fi & Fantasy|Mystery|Action & Adventure,66732,tv,Joe Keery,1467219,2,,,Steve Harrington,,,,,12,minor,,,
Stranger Things,2016,2025,Sci-Fi & Fantasy|Mystery|Action & Adventure,66732,tv,Maya Hawke,1903874,1,,,Robin Buckley,,,,,13,minor,,,
Stranger Things,2016,2025,Sci-Fi & Fantasy|Mystery|Action & Adventure,66732,tv,Brett Gelman,224197,2,,,Murray,,,,,14,minor,,,
Stranger Things,2016,2025,Sci-Fi & Fantasy|Mystery|Action & Adventure,66732,tv,Priah Ferguson,2029806,1,,,Erica Sinclair,,,,,16,minor,,,
Stranger Things,2016,2025,Sci-Fi & Fantasy|Mystery|Action & Adventure,66732,tv,Cara Buono,20047,1,,,Karen Wheeler,,,,,17,minor,,,
Stranger Things,2016,2025,Sci-Fi & Fantasy|Mystery|Action & Adventure,66732,tv,Jamie Campbell Bower,83356,2,,,Vecna,,,,,19,minor,,,
Stranger Things,2016,2025,Sci-Fi & Fantasy|Mystery|Action & Adventure,66732,tv,Nell Fisher,3128782,1,,,Holly Wheeler,,,,,20,minor,,,
Monarch: Legacy of Monsters,2023,2026,Sci-Fi & Fantasy|Drama|Action & Adventure,202411,tv,Anna Sawai,1434487,1,,,Cate Randa,,,,,1,lead,,,
Monarch: Legacy of Monsters,2023,2026,Sci-Fi & Fantasy|Drama|Action & Adventure,202411,tv,Kiersey Clemons,1253355,1,,,May Olowe-Hewitt,,,,,2,lead,,,
Monarch: Legacy of Monsters,2023,2026,Sci-Fi & Fantasy|Drama|Action & Adventure,202411,tv,Ren Watabe,3607505,2,,,Kentaro Randa,,,,,3,lead,,,
Monarch: Legacy of Monsters,2023,2026,Sci-Fi & Fantasy|Drama|Action & Adventure,202411,tv,Mari Yamamoto,2210389,1,,,Keiko Randa,,,,,4,supporting,,,
Monarch: Legacy of Monsters,2023,2026,Sci-Fi & Fantasy|Drama|Action & Adventure,202411,tv,Anders Holm,521563,2,,,Young Bill Randa,,,,,5,supporting,,,
Monarch: Legacy of Monsters,2023,2026,Sci-Fi & Fantasy|Drama|Action & Adventure,202411,tv,Joe Tippett,1664022,2,,,Tim,,,,,6,supporting,,,
Monarch: Legacy of Monsters,2023,2026,Sci-Fi & Fantasy|Drama|Action & Adventure,202411,tv,Wyatt Russell,986808,2,,,Young Lee Shaw,,,,,8,supporting,,,
Monarch: Legacy of Monsters,2023,2026,Sci-Fi & Fantasy|Drama|Action & Adventure,202411,tv,Kurt Russell,6856,2,,,Lee Shaw,,,,,9,supporting,,,
Scrubs,2001,2010,Comedy,4556,tv,Zach Braff,5367,2,,,John 'J.D.' Dorian,,,,,1,lead,,,
Scrubs,2001,2010,Comedy,4556,tv,Donald Faison,49002,2,,,Christopher Turk,,,,,2,lead,,,
Scrubs,2001,2010,Comedy,4556,tv,John C. McGinley,11885,2,,,Perry Cox,,,,,3,lead,,,
Scrubs,2001,2010,Comedy,4556,tv,Eliza Coupe,210050,1,,,Denise Mahoney,,,,,8,supporting,,,
Scrubs,2001,2010,Comedy,4556,tv,Kerry Bishé,58356,1,,,Lucy Bennett,,,,,9,supporting,,,
Scrubs,2001,2010,Comedy,4556,tv,Michael Mosley,72994,2,,,Drew Suffin,,,,,10,supporting,,,
Scrubs,2001,2010,Comedy,4556,tv,Dave Franco,54697,2,,,Cole Aaronson,,,,,11,minor,,,
American Dad!,2005,2026,Animation|Comedy,1433,tv,Seth MacFarlane,52139,2,,,Stan Smith / Roger (voice),,,,,1,lead,,,
American Dad!,2005,2026,Animation|Comedy,1433,tv,Wendy Schaal,37600,1,,,Francine Smith (voice),,,,,2,lead,,,
American Dad!,2005,2026,Animation|Comedy,1433,tv,Rachael MacFarlane,81668,1,,,Hayley Smith (voice),,,,,3,lead,,,
American Dad!,2005,2026,Animation|Comedy,1433,tv,Scott Grimes,35091,2,,,Steve Smith (voice),,,,,4,supporting,,,
American Dad!,2005,2026,Animation|Comedy,1433,tv,Dee Bradley Baker,23680,2,,,Klaus (voice),,,,,5,supporting,,,
The Tonight Show Starring Johnny Carson,1962,1992,Talk,2261,tv,Johnny Carson,141028,2,,,Self - Host,,,,,1,lead,,,
The Office,2005,2013,Comedy,2316,tv,Rainn Wilson,11678,2,,,Dwight Schrute,,,,,2,lead,,,
The Office,2005,2013,Comedy,2316,tv,John Krasinski,17697,2,,,Jim Halpert,,,,,3,lead,,,
The Office,2005,2013,Comedy,2316,tv,Jenna Fischer,51856,1,,,Pam Beesly,,,,,4,supporting,,,
The Office,2005,2013,Comedy,2316,tv,Ed Helms,27105,2,,,Andy Bernard,,,,,6,supporting,,,
Suits,2011,2019,Drama,37680,tv,Gabriel Macht,16856,2,,,Harvey Specter,,,,,1,lead,,,
Suits,2011,2019,Drama,37680,tv,Rick Hoffman,1216133,2,,,Louis Litt,,,,,3,lead,,,
Suits,2011,2019,Drama,37680,tv,Sarah Rafferty,154856,1,,,Donna Paulsen,,,,,4,supporting,,,
Suits,2011,2019,Drama,37680,tv,Amanda Schull,65871,1,,,Katrina Bennett,,,,,5,supporting,,,
Suits,2011,2019,Drama,37680,tv,Dulé Hill,122756,2,,,Alex Williams,,,,,7,supporting,,,
Suits,2011,2019,Drama,37680,tv,Katherine Heigl,25541,1,,,Samantha Wheeler,,,,,8,supporting,,,
Breaking Bad,2008,2013,Drama|Crime,1396,tv,Bryan Cranston,17419,2,,,Walter White,,,,,1,lead,,,
Breaking Bad,2008,2013,Drama|Crime,1396,tv,Aaron Paul,84497,2,,,Jesse Pinkman,,,,,2,lead,,,
Breaking Bad,2008,2013,Drama|Crime,1396,tv,Anna Gunn,134531,1,,,Skyler White,,,,,3,lead,,,
Breaking Bad,2008,2013,Drama|Crime,1396,tv,RJ Mitte,209674,2,,,Walter White Jr.,,,,,4,supporting,,,
Breaking Bad,2008,2013,Drama|Crime,1396,tv,Dean Norris,14329,2,,,Hank Schrader,,,,,5,supporting,,,
Breaking Bad,2008,2013,Drama|Crime,1396,tv,Betsy Brandt,1217934,1,,,Marie Schrader,,,,,6,supporting,,,
Breaking Bad,2008,2013,Drama|Crime,1396,tv,Bob Odenkirk,59410,2,,,Saul Goodman,,,,,8,supporting,,,
Breaking Bad,2008,2013,Drama|Crime,1396,tv,Jonathan Banks,783,2,,,Mike Ehrmantraut,,,,,10,supporting,,,
Watch What Happens Live with Andy Cohen,2009,2026,Talk|Comedy,22980,tv,Andy Cohen,54772,2,,,Self - Host,,,,,1,lead,,,
Man on Fire,2026,2026,Action & Adventure|Crime,223386,tv,Yahya Abdul-Mateen II,1639847,2,,,John Creasy,,,,,1,lead,,,
Man on Fire,2026,2026,Action & Adventure|Crime,223386,tv,Billie Boullet,2667928,1,,,Poe Rayburn,,,,,2,lead,,,
Man on Fire,2026,2026,Action & Adventure|Crime,223386,tv,Scoot McNairy,59233,2,,,Henry Tappan,,,,,3,lead,,,
Man on Fire,2026,2026,Action & Adventure|Crime,223386,tv,Alice Braga,8602,1,,,Valeria Melo,,,,,4,supporting,,,
Man on Fire,2026,2026,Action & Adventure|Crime,223386,tv,Thomas Aquino,1648041,2,,,Prado Soares,,,,,5,supporting,,,
Chicago Fire,2012,2026,Drama,44006,tv,Taylor Kinney,210271,2,,,Kelly Severide,,,,,1,lead,,,
Chicago Fire,2012,2026,Drama,44006,tv,David Eigenberg,27552,2,,,Christopher Herrmann,,,,,3,lead,,,
Chicago Fire,2012,2026,Drama,44006,tv,Joe Miñoso,1368157,2,,,Joe Cruz,,,,,4,supporting,,,
Chicago Fire,2012,2026,Drama,44006,tv,Christian Stolte,36091,2,,,Randy 'Mouch' McHolland,,,,,5,supporting,,,
Chicago Fire,2012,2026,Drama,44006,tv,Miranda Rae Mayo,1525940,1,,,Stella Kidd,,,,,6,supporting,,,
Chicago Fire,2012,2026,Drama,44006,tv,Hanako Greensmith,2317307,1,,,Violet Mikami,,,,,7,supporting,,,
Chicago Fire,2012,2026,Drama,44006,tv,Jocelyn Hudon,1522345,1,,,Paramedic Lyla 'Lizzie' Novak,,,,,9,supporting,,,
Chicago Fire,2012,2026,Drama,44006,tv,Brandon Larracuente,1711179,2,,,Sal Vasquez,,,,,11,minor,,,
Friends,1994,2004,Comedy,1668,tv,Jennifer Aniston,4491,1,,,Rachel Green,,,,,1,lead,,,
Friends,1994,2004,Comedy,1668,tv,Courteney Cox,14405,1,,,Monica Geller,,,,,2,lead,,,
Friends,1994,2004,Comedy,1668,tv,Lisa Kudrow,14406,1,,,Phoebe Buffay,,,,,3,lead,,,
Friends,1994,2004,Comedy,1668,tv,Matt LeBlanc,14407,2,,,Joey Tribbiani,,,,,4,supporting,,,
Friends,1994,2004,Comedy,1668,tv,Matthew Perry,14408,2,,,Chandler Bing,,,,,5,supporting,,,
Friends,1994,2004,Comedy,1668,tv,David Schwimmer,14409,2,,,Ross Geller,,,,,6,supporting,,,
Tracker,2024,2026,Drama|Crime,211288,tv,Justin Hartley,1222596,2,,,Colter Shaw,,,,,1,lead,,,
Tracker,2024,2026,Drama|Crime,211288,tv,Fiona Rene,1485985,1,,,Reenie Greene,,,,,5,supporting,,,
Tracker,2024,2026,Drama|Crime,211288,tv,Chris Lee,2359792,2,,,Randy,,,,,6,supporting,,,
Outlander,2014,2026,Drama|Sci-Fi & Fantasy,56570,tv,Caitríona Balfe,147056,1,,,Claire Randall Fraser,,,,,1,lead,,,
Outlander,2014,2026,Drama|Sci-Fi & Fantasy,56570,tv,Sam Heughan,209326,2,,,Jamie Fraser,,,,,2,lead,,,
Outlander,2014,2026,Drama|Sci-Fi & Fantasy,56570,tv,Sophie Skelton,1623273,1,,,Brianna MacKenzie,,,,,4,supporting,,,
Outlander,2014,2026,Drama|Sci-Fi & Fantasy,56570,tv,Richard Rankin,1287731,2,,,Roger MacKenzie,,,,,5,supporting,,,
Outlander,2014,2026,Drama|Sci-Fi & Fantasy,56570,tv,John Bell,126667,2,,,Ian Fraser Murray,,,,,6,supporting,,,
Outlander,2014,2026,Drama|Sci-Fi & Fantasy,56570,tv,David Berry,188821,2,,,Lord John Grey,,,,,7,supporting,,,
Outlander,2014,2026,Drama|Sci-Fi & Fantasy,56570,tv,Lauren Lyle,2063213,1,,,Marsali MacKimmie Fraser,,,,,9,supporting,,,
Outlander,2014,2026,Drama|Sci-Fi & Fantasy,56570,tv,Charles Vandervaart,1850219,2,,,William Ransom,,,,,11,minor,,,
Outlander,2014,2026,Drama|Sci-Fi & Fantasy,56570,tv,Izzy Meikle-Small,142388,1,,,Rachel Murray,,,,,13,minor,,,
Outlander,2014,2026,Drama|Sci-Fi & Fantasy,56570,tv,Caitlin O'Ryan,2667984,1,,,Lizzie Wemyss,,,,,14,minor,,,
Outlander,2014,2026,Drama|Sci-Fi & Fantasy,56570,tv,Kieran Bew,176199,2,,,Captain Charles Cunningham,,,,,15,minor,,,
Outlander,2014,2026,Drama|Sci-Fi & Fantasy,56570,tv,Frances Tomelty,184924,1,,,Elspeth Cunningham,,,,,17,minor,,,
Yellowstone,2018,2024,Western|Drama,73586,tv,Luke Grimes,56680,2,,,Kayce Dutton,,,,,2,lead,,,
Yellowstone,2018,2024,Western|Drama,73586,tv,Kelly Reilly,17521,1,,,Beth Dutton,,,,,3,lead,,,
Yellowstone,2018,2024,Western|Drama,73586,tv,Wes Bentley,8210,2,,,Jamie Dutton,,,,,4,supporting,,,
Yellowstone,2018,2024,Western|Drama,73586,tv,Cole Hauser,6614,2,,,Rip Wheeler,,,,,5,supporting,,,
Yellowstone,2018,2024,Western|Drama,73586,tv,Kelsey Asbille,205976,1,,,Monica Dutton,,,,,6,supporting,,,
Yellowstone,2018,2024,Western|Drama,73586,tv,Brecken Merrill,2038314,2,,,Tate Dutton,,,,,7,supporting,,,
Yellowstone,2018,2024,Western|Drama,73586,tv,Ryan Bingham,1674161,2,,,Walker,,,,,10,supporting,,,
Yellowstone,2018,2024,Western|Drama,73586,tv,Finn Little,1980651,2,,,Carter,,,,,11,minor,,,
Yellowstone,2018,2024,Western|Drama,73586,tv,Ian Bohen,31362,2,,,Ryan,,,,,12,minor,,,
Yellowstone,2018,2024,Western|Drama,73586,tv,Forrie J. Smith,1333809,2,,,Lloyd,,,,,13,minor,,,
Yellowstone,2018,2024,Western|Drama,73586,tv,Denim Richards,2073671,2,,,Colby,,,,,14,minor,,,
Yellowstone,2018,2024,Western|Drama,73586,tv,Wendy Moniz,147977,1,,,Lynelle Perry,,,,,15,minor,,,
Yellowstone,2018,2024,Western|Drama,73586,tv,Jennifer Landon,1230687,1,,,Teeter,,,,,17,minor,,,
Yellowstone,2018,2024,Western|Drama,73586,tv,Kathryn Kelly,2395140,1,,,Emily,,,,,18,minor,,,
Yellowstone,2018,2024,Western|Drama,73586,tv,Mo Brings Plenty,1367234,2,,,Mo Brings Plenty,,,,,19,minor,,,
Yellowstone,2018,2024,Western|Drama,73586,tv,Gil Birmingham,84225,2,,,Thomas Rainwater,,,,,20,minor,,,
The Late Late Show with James Corden,2015,2023,Talk,62223,tv,James Corden,55466,2,,,Self - Host,,,,,1,lead,,,
The Late Late Show with James Corden,2015,2023,Talk,62223,tv,Reggie Watts,223879,2,,,Self - Bandleader,,,,,2,lead,,,
CSI: Miami,2002,2012,Drama|Mystery|Crime,1620,tv,David Caruso,16560,2,,,Horatio Caine,,,,,1,lead,,,
CSI: Miami,2002,2012,Drama|Mystery|Crime,1620,tv,Emily Procter,6108,1,,,Calleigh Duquesne,,,,,2,lead,,,
CSI: Miami,2002,2012,Drama|Mystery|Crime,1620,tv,Omar Benson Miller,334,2,,,Walter Simmons,,,,,4,supporting,,,
CSI: Miami,2002,2012,Drama|Mystery|Crime,1620,tv,Jonathan Togo,4743,2,,,Ryan Wolfe,,,,,6,supporting,,,
CSI: Miami,2002,2012,Drama|Mystery|Crime,1620,tv,Adam Rodriguez,49706,2,,,Eric Delko,,,,,7,supporting,,,
CSI: Miami,2002,2012,Drama|Mystery|Crime,1620,tv,Rex Linn,16937,2,,,Frank Tripp,,,,,10,supporting,,,
CSI: Miami,2002,2012,Drama|Mystery|Crime,1620,tv,Eva LaRue,121769,1,,,Natalia Boa Vista,,,,,11,minor,,,
Saturday Night Live,1975,2026,Comedy|News,1667,tv,Michael Che,1395347,2,,,Self - Various Characters,,,,,2,lead,,,
Saturday Night Live,1975,2026,Comedy|News,1667,tv,Mikey Day,1227482,2,,,Self - Various Characters,,,,,3,lead,,,
Saturday Night Live,1975,2026,Comedy|News,1667,tv,Andrew Dismukes,2218430,2,,,Self - Various Characters,,,,,4,supporting,,,
Saturday Night Live,1975,2026,Comedy|News,1667,tv,Chloe Fineman,2000658,1,,,Self - Various Characters,,,,,6,supporting,,,
Saturday Night Live,1975,2026,Comedy|News,1667,tv,Marcello Hernández,3725495,2,,,Self - Various Characters,,,,,8,supporting,,,
Saturday Night Live,1975,2026,Comedy|News,1667,tv,James Austin Johnson,1756597,2,,,Self - Various Characters,,,,,9,supporting,,,
Saturday Night Live,1975,2026,Comedy|News,1667,tv,Colin Jost,1226277,2,,,Self - Various Characters,,,,,10,supporting,,,
Saturday Night Live,1975,2026,Comedy|News,1667,tv,Sarah Sherman,2198504,1,,,Self - Various Characters,,,,,12,minor,,,
Saturday Night Live,1975,2026,Comedy|News,1667,tv,Kenan Thompson,77330,2,,,Self - Various Characters,,,,,14,minor,,,
Saturday Night Live,1975,2026,Comedy|News,1667,tv,Tommy Brennan,5666865,0,,,Self - Various Characters,,,,,18,minor,,,
Saturday Night Live,1975,2026,Comedy|News,1667,tv,Jeremy Culhane,1764557,2,,,Self - Various Characters,,,,,19,minor,,,
Dexter,2006,2013,Crime|Drama|Mystery,1405,tv,Michael C. Hall,53820,2,,,Dexter Morgan,,,,,1,lead,,,
Dexter,2006,2013,Crime|Drama|Mystery,1405,tv,Jennifer Carpenter,53828,1,,,Debra Morgan,,,,,4,supporting,,,
Dexter,2006,2013,Crime|Drama|Mystery,1405,tv,Geoff Pierson,25879,2,,,Tom Matthews,,,,,6,supporting,,,
Dexter,2006,2013,Crime|Drama|Mystery,1405,tv,David Zayas,22821,2,,,Angel Batista,,,,,8,supporting,,,
Dexter,2006,2013,Crime|Drama|Mystery,1405,tv,James Remar,1736,2,,,Harry Morgan,,,,,9,supporting,,,
Dexter,2006,2013,Crime|Drama|Mystery,1405,tv,Aimee Garcia,56457,1,,,Jamie Batista,,,,,10,supporting,,,
Dexter,2006,2013,Crime|Drama|Mystery,1405,tv,Desmond Harrington,6365,2,,,Joseph Quinn,,,,,11,minor,,,
Dexter,2006,2013,Crime|Drama|Mystery,1405,tv,C.S. Lee,164380,2,,,Vince Masuka,,,,,12,minor,,,
9-1-1,2018,2026,Drama|Crime|Action & Adventure,75219,tv,Angela Bassett,9780,1,,,Athena Grant,,,,,1,lead,,,
9-1-1,2018,2026,Drama|Crime|Action & Adventure,75219,tv,Jennifer Love Hewitt,33259,1,,,Maddie Buckley,,,,,3,lead,,,
9-1-1,2018,2026,Drama|Crime|Action & Adventure,75219,tv,Oliver Stark,1283871,2,,,Evan 'Buck' Buckley,,,,,4,supporting,,,
9-1-1,2018,2026,Drama|Crime|Action & Adventure,75219,tv,Aisha Hinds,1192492,1,,,Henrietta 'Hen' Wilson,,,,,5,supporting,,,
9-1-1,2018,2026,Drama|Crime|Action & Adventure,75219,tv,Kenneth Choi,41561,2,,,Howard 'Chimney' Han,,,,,6,supporting,,,
9-1-1,2018,2026,Drama|Crime|Action & Adventure,75219,tv,Ryan Guzman,932091,2,,,Eddie Diaz,,,,,8,supporting,,,
9-1-1,2018,2026,Drama|Crime|Action & Adventure,75219,tv,Corinne Massiah,1483334,1,,,May Grant,,,,,11,minor,,,
9-1-1,2018,2026,Drama|Crime|Action & Adventure,75219,tv,Elijah M. Cooper,2494599,2,,,Harry Grant,,,,,17,minor,,,
Lucifer,2016,2021,Crime|Sci-Fi & Fantasy,63174,tv,Tom Ellis,192944,2,,,Lucifer Morningstar,,,,,1,lead,,,
Lucifer,2016,2021,Crime|Sci-Fi & Fantasy,63174,tv,Lauren German,37014,1,,,Chloe Decker,,,,,2,lead,,,
Lucifer,2016,2021,Crime|Sci-Fi & Fantasy,63174,tv,Kevin Alejandro,116474,2,,,Dan Espinoza,,,,,3,lead,,,
Lucifer,2016,2021,Crime|Sci-Fi & Fantasy,63174,tv,D. B. Woodside,21356,2,,,Amenadiel,,,,,4,supporting,,,
Lucifer,2016,2021,Crime|Sci-Fi & Fantasy,63174,tv,Lesley-Ann Brandt,515875,1,,,"Mazikeen ""Maze""",,,,,5,supporting,,,
Lucifer,2016,2021,Crime|Sci-Fi & Fantasy,63174,tv,Aimee Garcia,56457,1,,,Ella Lopez,,,,,6,supporting,,,
Lucifer,2016,2021,Crime|Sci-Fi & Fantasy,63174,tv,Rachael Harris,46074,1,,,Linda Martin,,,,,8,supporting,,,
Lucifer,2016,2021,Crime|Sci-Fi & Fantasy,63174,tv,Brianna Hildebrand,1492326,1,,,Aurora Morningstar,,,,,11,minor,,,
Chicago P.D.,2014,2026,Crime|Drama,58841,tv,Jason Beghe,37203,2,,,Hank Voight,,,,,1,lead,,,
Chicago P.D.,2014,2026,Crime|Drama,58841,tv,Marina Squerciati,1100549,1,,,Kim Burgess,,,,,2,lead,,,
Chicago P.D.,2014,2026,Crime|Drama,58841,tv,Patrick John Flueger,115730,2,,,Adam Ruzek,,,,,3,lead,,,
Chicago P.D.,2014,2026,Crime|Drama,58841,tv,LaRoyce Hawkins,1261395,2,,,Kevin Atwater,,,,,5,supporting,,,
Chicago P.D.,2014,2026,Crime|Drama,58841,tv,Benjamin Levy Aguilar,1848255,2,,,Dante Torres,,,,,7,supporting,,,
Chicago P.D.,2014,2026,Crime|Drama,58841,tv,Arienne Mandi,1521411,1,,,Eva Imani,,,,,8,supporting,,,
Chicago P.D.,2014,2026,Crime|Drama,58841,tv,Amy Morton,26930,1,,,Trudy Platt,,,,,10,supporting,,,
Castle,2009,2016,Drama|Crime,1419,tv,Nathan Fillion,51797,2,,,Richard Castle,,,,,1,lead,,,
Castle,2009,2016,Drama|Crime,1419,tv,Stana Katic,34408,1,,,Kate Beckett,,,,,2,lead,,,
Castle,2009,2016,Drama|Crime,1419,tv,Molly C. Quinn,96349,1,,,Alexis Castle,,,,,3,lead,,,
Castle,2009,2016,Drama|Crime,1419,tv,Jon Huertas,62095,2,,,Javier Esposito,,,,,4,supporting,,,
Castle,2009,2016,Drama|Crime,1419,tv,Seamus Dever,114035,2,,,Kevin Ryan,,,,,5,supporting,,,
Castle,2009,2016,Drama|Crime,1419,tv,Susan Sullivan,543204,1,,,Martha Rodgers,,,,,6,supporting,,,
Castle,2009,2016,Drama|Crime,1419,tv,Tamala Jones,59154,1,,,Lanie Parish,,,,,8,supporting,,,
Castle,2009,2016,Drama|Crime,1419,tv,Toks Olagundoye,1256258,1,,,Hayley Shipton,,,,,9,supporting,,,
Desperate Housewives,2004,2012,Mystery|Drama|Comedy,693,tv,Teri Hatcher,10742,1,,,Susan Mayer,,,,,1,lead,,,
Desperate Housewives,2004,2012,Mystery|Drama|Comedy,693,tv,Felicity Huffman,7427,1,,,Lynette Scavo,,,,,2,lead,,,
Desperate Housewives,2004,2012,Mystery|Drama|Comedy,693,tv,Marcia Cross,127171,1,,,Bree Van de Kamp,,,,,3,lead,,,
Desperate Housewives,2004,2012,Mystery|Drama|Comedy,693,tv,Eva Longoria,52605,1,,,Gabrielle Solis,,,,,4,supporting,,,
Desperate Housewives,2004,2012,Mystery|Drama|Comedy,693,tv,Ricardo Chavira,80967,2,,,Carlos Solis,,,,,5,supporting,,,
Desperate Housewives,2004,2012,Mystery|Drama|Comedy,693,tv,Doug Savant,14737,2,,,Tom Scavo,,,,,6,supporting,,,
Desperate Housewives,2004,2012,Mystery|Drama|Comedy,693,tv,James Denton,11153,2,,,Mike Delfino,,,,,9,supporting,,,
Desperate Housewives,2004,2012,Mystery|Drama|Comedy,693,tv,Brenda Strong,101396,1,,,Mary Alice Young,,,,,11,minor,,,
Desperate Housewives,2004,2012,Mystery|Drama|Comedy,693,tv,Vanessa Williams,27011,1,,,Renee Perry,,,,,12,minor,,,
The Walking Dead,2010,2022,Action & Adventure|Drama|Sci-Fi & Fantasy,1402,tv,Lauren Cohan,62220,1,,,Maggie Greene,,,,,4,supporting,,,
The Walking Dead,2010,2022,Action & Adventure|Drama|Sci-Fi & Fantasy,1402,tv,Norman Reedus,4886,2,,,Daryl Dixon,,,,,5,supporting,,,
The Walking Dead,2010,2022,Action & Adventure|Drama|Sci-Fi & Fantasy,1402,tv,Jeffrey Dean Morgan,47296,2,,,Negan Smith,,,,,9,supporting,,,
The Walking Dead,2010,2022,Action & Adventure|Drama|Sci-Fi & Fantasy,1402,tv,Melissa McBride,31535,1,,,Carol Peletier,,,,,10,supporting,,,
The Walking Dead,2010,2022,Action & Adventure|Drama|Sci-Fi & Fantasy,1402,tv,Christian Serratos,84224,1,,,Rosita Espinosa,,,,,16,minor,,,
The Walking Dead,2010,2022,Action & Adventure|Drama|Sci-Fi & Fantasy,1402,tv,Seth Gilliam,41688,2,,,Gabriel Stokes,,,,,18,minor,,,
The Walking Dead,2010,2022,Action & Adventure|Drama|Sci-Fi & Fantasy,1402,tv,Ross Marquand,555249,2,,,Aaron,,,,,19,minor,,,
The Walking Dead,2010,2022,Action & Adventure|Drama|Sci-Fi & Fantasy,1402,tv,Josh McDermitt,1252310,2,,,Eugene Porter,,,,,20,minor,,,
Two and a Half Men,2003,2015,Comedy,2691,tv,Ashton Kutcher,18976,2,,,Walden Schmidt,,,,,1,lead,,,
Two and a Half Men,2003,2015,Comedy,2691,tv,Jon Cryer,69718,2,,,Alan Harper,,,,,3,lead,,,
Two and a Half Men,2003,2015,Comedy,2691,tv,Conchata Ferrell,1909,1,,,Berta,,,,,6,supporting,,,
S.W.A.T.,2017,2025,Crime|Action & Adventure|Drama,71790,tv,Shemar Moore,50266,2,,,Daniel 'Hondo' Harrelson,,,,,1,lead,,,
S.W.A.T.,2017,2025,Crime|Action & Adventure|Drama,71790,tv,Jay Harrington,108889,2,,,David 'Deacon' Kay,,,,,3,lead,,,
S.W.A.T.,2017,2025,Crime|Action & Adventure|Drama,71790,tv,David Lim,1353288,2,,,Victor Tan,,,,,6,supporting,,,
S.W.A.T.,2017,2025,Crime|Action & Adventure|Drama,71790,tv,Patrick St. Esprit,117437,2,,,Robert 'Bob' Hicks,,,,,8,supporting,,,
S.W.A.T.,2017,2025,Crime|Action & Adventure|Drama,71790,tv,Anna Enger Ritch,963547,1,,,Zoe Powell,,,,,11,minor,,,
S.W.A.T.,2017,2025,Crime|Action & Adventure|Drama,71790,tv,Niko Pepaj,997406,2,,,Miguel Alfaro,,,,,12,minor,,,
S.W.A.T.,2017,2025,Crime|Action & Adventure|Drama,71790,tv,Annie Ilonzeh,209196,1,,,Devin Gamble,,,,,13,minor,,,
The Vampire Diaries,2009,2017,Drama|Sci-Fi & Fantasy,18165,tv,Paul Wesley,83141,2,,,Stefan Salvatore,,,,,2,lead,,,
The Vampire Diaries,2009,2017,Drama|Sci-Fi & Fantasy,18165,tv,Ian Somerhalder,19211,2,,,Damon Salvatore,,,,,3,lead,,,
The Vampire Diaries,2009,2017,Drama|Sci-Fi & Fantasy,18165,tv,Kat Graham,159962,1,,,Bonnie Bennett,,,,,6,supporting,,,
The Vampire Diaries,2009,2017,Drama|Sci-Fi & Fantasy,18165,tv,Candice King,85144,1,,,Caroline Forbes,,,,,7,supporting,,,
The Vampire Diaries,2009,2017,Drama|Sci-Fi & Fantasy,18165,tv,Zach Roerig,221841,2,,,Matt Donovan,,,,,8,supporting,,,
The Vampire Diaries,2009,2017,Drama|Sci-Fi & Fantasy,18165,tv,Michael Malarkey,1465190,2,,,Enzo St. John,,,,,11,minor,,,
The Vampire Diaries,2009,2017,Drama|Sci-Fi & Fantasy,18165,tv,Matthew Davis,56045,2,,,Alaric Saltzman,,,,,15,minor,,,
Daredevil: Born Again,2025,2026,Drama|Action & Adventure|Crime,202555,tv,Charlie Cox,23458,2,,,Matt Murdock / Daredevil,,,,,1,lead,,,
Daredevil: Born Again,2025,2026,Drama|Action & Adventure|Crime,202555,tv,Vincent D'Onofrio,7132,2,,,Wilson Fisk,,,,,2,lead,,,
Daredevil: Born Again,2025,2026,Drama|Action & Adventure|Crime,202555,tv,Wilson Bethel,85779,2,,,Benjamin Poindexter / Bullseye,,,,,3,lead,,,
Daredevil: Born Again,2025,2026,Drama|Action & Adventure|Crime,202555,tv,Deborah Ann Woll,212154,1,,,Karen Page,,,,,4,supporting,,,
Daredevil: Born Again,2025,2026,Drama|Action & Adventure|Crime,202555,tv,Margarita Levieva,59237,1,,,Heather Glenn,,,,,5,supporting,,,
Daredevil: Born Again,2025,2026,Drama|Action & Adventure|Crime,202555,tv,Matthew Lillard,26457,2,,,Mr. Charles,,,,,6,supporting,,,
Daredevil: Born Again,2025,2026,Drama|Action & Adventure|Crime,202555,tv,Lili Taylor,3127,1,,,Gov Marge McCaffrey,,,,,7,supporting,,,
Daredevil: Born Again,2025,2026,Drama|Action & Adventure|Crime,202555,tv,Tony Dalton,76855,2,,,Jack Duquesne,,,,,8,supporting,,,
Daredevil: Born Again,2025,2026,Drama|Action & Adventure|Crime,202555,tv,Michael Gandolfini,1900369,2,,,Daniel Blake,,,,,9,supporting,,,
Daredevil: Born Again,2025,2026,Drama|Action & Adventure|Crime,202555,tv,Nikki M. James,292214,1,,,Kirsten Mcduffie,,,,,10,supporting,,,
Daredevil: Born Again,2025,2026,Drama|Action & Adventure|Crime,202555,tv,Arty Froushan,2399904,2,,,Buck Cashman,,,,,11,minor,,,
Daredevil: Born Again,2025,2026,Drama|Action & Adventure|Crime,202555,tv,Genneya Walton,1352920,1,,,BB Urich,,,,,12,minor,,,
Daredevil: Born Again,2025,2026,Drama|Action & Adventure|Crime,202555,tv,Zabryna Guevara,171955,1,,,Sheila Rivera,,,,,13,minor,,,
Daredevil: Born Again,2025,2026,Drama|Action & Adventure|Crime,202555,tv,Ayelet Zurer,8786,1,,,Vanessa Fisk,,,,,15,minor,,,
Stargate SG-1,1997,2007,Sci-Fi & Fantasy|Action & Adventure,4629,tv,Ben Browder,26048,2,,,Cameron Mitchell,,,,,1,lead,,,
Stargate SG-1,1997,2007,Sci-Fi & Fantasy|Action & Adventure,4629,tv,Amanda Tapping,26087,1,,,Samantha Carter,,,,,3,lead,,,
Stargate SG-1,1997,2007,Sci-Fi & Fantasy|Action & Adventure,4629,tv,Christopher Judge,26088,2,,,Teal'c,,,,,4,supporting,,,
Stargate SG-1,1997,2007,Sci-Fi & Fantasy|Action & Adventure,4629,tv,Michael Shanks,26086,2,,,Daniel Jackson,,,,,5,supporting,,,
Stargate SG-1,1997,2007,Sci-Fi & Fantasy|Action & Adventure,4629,tv,Claudia Black,26054,1,,,Vala Mal Doran,,,,,8,supporting,,,
Stargate SG-1,1997,2007,Sci-Fi & Fantasy|Action & Adventure,4629,tv,Beau Bridges,2222,2,,,Hank Landry,,,,,9,supporting,,,
24,2001,2014,Action & Adventure|Drama|Crime,1973,tv,Kiefer Sutherland,2628,2,,,Jack Bauer,,,,,1,lead,,,
24,2001,2014,Action & Adventure|Drama|Crime,1973,tv,Mary Lynn Rajskub,25884,1,,,Chloe O'Brian,,,,,2,lead,,,
24,2001,2014,Action & Adventure|Drama|Crime,1973,tv,Kim Raver,17836,1,,,Audrey Raines,,,,,3,lead,,,
24,2001,2014,Action & Adventure|Drama|Crime,1973,tv,Yvonne Strahovski,63312,1,,,Kate Morgan,,,,,5,supporting,,,
24,2001,2014,Action & Adventure|Drama|Crime,1973,tv,Tate Donovan,15455,2,,,Mark Boudreau,,,,,7,supporting,,,
24,2001,2014,Action & Adventure|Drama|Crime,1973,tv,William Devane,21416,2,,,James Heller,,,,,8,supporting,,,
Columbo,1971,2003,Crime|Drama|Mystery,873,tv,Peter Falk,2314,2,,,Lt. Columbo,,,,,1,lead,,,
The Good Doctor,2017,2024,Drama,71712,tv,Freddie Highmore,1281,2,,,Dr. Shaun Murphy,,,,,1,lead,,,
The Good Doctor,2017,2024,Drama,71712,tv,Fiona Gubelmann,1233749,1,,,Dr. Morgan Reznick,,,,,2,lead,,,
The Good Doctor,2017,2024,Drama,71712,tv,Will Yun Lee,10884,2,,,Dr. Alex Park,,,,,4,supporting,,,
The Good Doctor,2017,2024,Drama,71712,tv,Christina Chang,1215689,1,,,Dr. Audrey Lim,,,,,5,supporting,,,
The Good Doctor,2017,2024,Drama,71712,tv,Paige Spara,1454610,1,,,Lea Dilallo,,,,,6,supporting,,,
The Good Doctor,2017,2024,Drama,71712,tv,Bria Samoné Henderson,2601751,1,,,Dr. Jordan Allen,,,,,7,supporting,,,
The Good Doctor,2017,2024,Drama,71712,tv,Noah Galvin,1472747,2,,,Dr. Asher Wolke,,,,,8,supporting,,,
The Good Doctor,2017,2024,Drama,71712,tv,Chuku Modu,1610710,2,,,Dr. Jared Kalu,,,,,9,supporting,,,
The Good Doctor,2017,2024,Drama,71712,tv,Richard Schiff,31028,2,,,Dr. Aaron Glassman,,,,,10,supporting,,,
Modern Family,2009,2020,Comedy,1421,tv,Ed O'Neill,18977,2,,,Jay Pritchett,,,,,1,lead,,,
Modern Family,2009,2020,Comedy,1421,tv,Sofía Vergara,63522,1,,,Gloria Delgado-Pritchett,,,,,2,lead,,,
Modern Family,2009,2020,Comedy,1421,tv,Julie Bowen,31171,1,,,Claire Dunphy,,,,,3,lead,,,
Modern Family,2009,2020,Comedy,1421,tv,Ty Burrell,15232,2,,,Phil Dunphy,,,,,4,supporting,,,
Modern Family,2009,2020,Comedy,1421,tv,Jesse Tyler Ferguson,204815,2,,,Mitchell Pritchett,,,,,5,supporting,,,
Modern Family,2009,2020,Comedy,1421,tv,Eric Stonestreet,156962,2,,,Cameron Tucker,,,,,6,supporting,,,
Modern Family,2009,2020,Comedy,1421,tv,Sarah Hyland,91351,1,,,Haley Dunphy,,,,,7,supporting,,,
Modern Family,2009,2020,Comedy,1421,tv,Ariel Winter,42160,1,,,Alex Dunphy,,,,,8,supporting,,,
Modern Family,2009,2020,Comedy,1421,tv,Nolan Gould,147710,2,,,Luke Dunphy,,,,,9,supporting,,,
Modern Family,2009,2020,Comedy,1421,tv,Rico Rodriguez,206737,2,,,Manny Delgado,,,,,10,supporting,,,
Modern Family,2009,2020,Comedy,1421,tv,Aubrey Anderson-Emmons,1224228,1,,,Lily Tucker-Pritchett,,,,,12,minor,,,
Modern Family,2009,2020,Comedy,1421,tv,Jeremy Maguire,1676910,2,,,Joe Pritchett,,,,,14,minor,,,
Modern Family,2009,2020,Comedy,1421,tv,Reid Ewing,967692,2,,,Dylan Marshall,,,,,15,minor,,,
Lost,2004,2010,Mystery|Action & Adventure|Drama,4607,tv,Matthew Fox,28657,2,,,Jack Shephard,,,,,1,lead,,,
Lost,2004,2010,Mystery|Action & Adventure|Drama,4607,tv,Evangeline Lilly,19034,1,,,Kate Austen,,,,,2,lead,,,
Lost,2004,2010,Mystery|Action & Adventure|Drama,4607,tv,Terry O'Quinn,12646,2,,,John Locke,,,,,3,lead,,,
Lost,2004,2010,Mystery|Action & Adventure|Drama,4607,tv,Josh Holloway,142636,2,,,James Sawyer,,,,,4,supporting,,,
Lost,2004,2010,Mystery|Action & Adventure|Drama,4607,tv,Michael Emerson,2136,2,,,Benjamin Linus,,,,,5,supporting,,,
Lost,2004,2010,Mystery|Action & Adventure|Drama,4607,tv,Jorge Garcia,1215525,2,,,Hurley Reyes,,,,,6,supporting,,,
Lost,2004,2010,Mystery|Action & Adventure|Drama,4607,tv,Naveen Andrews,5471,2,,,Sayid Jarrah,,,,,8,supporting,,,
Lost,2004,2010,Mystery|Action & Adventure|Drama,4607,tv,Jeff Fahey,20495,2,,,Frank Lapidus,,,,,15,minor,,,
Lost,2004,2010,Mystery|Action & Adventure|Drama,4607,tv,Henry Ian Cusick,31166,2,,,Desmond Hume,,,,,17,minor,,,
Lost,2004,2010,Mystery|Action & Adventure|Drama,4607,tv,Nestor Carbonell,21316,2,,,Richard Alpert,,,,,18,minor,,,
Lost,2004,2010,Mystery|Action & Adventure|Drama,4607,tv,Yunjin Kim,28662,1,,,Sun-Hwa Kwon,,,,,19,minor,,,
Lost,2004,2010,Mystery|Action & Adventure|Drama,4607,tv,Daniel Dae Kim,18307,2,,,Jin-Soo Kwon,,,,,20,minor,,,
The Flash,2014,2023,Drama|Sci-Fi & Fantasy,60735,tv,Grant Gustin,122616,2,,,Barry Allen / The Flash,,,,,1,lead,,,
The Flash,2014,2023,Drama|Sci-Fi & Fantasy,60735,tv,Candice Patton,212700,1,,,Iris West-Allen,,,,,2,lead,,,
The Flash,2014,2023,Drama|Sci-Fi & Fantasy,60735,tv,Danielle Panabaker,31838,1,,,Khione,,,,,3,lead,,,
The Flash,2014,2023,Drama|Sci-Fi & Fantasy,60735,tv,Danielle Nicolet,101060,1,,,Cecile Horton,,,,,8,supporting,,,
The Flash,2014,2023,Drama|Sci-Fi & Fantasy,60735,tv,Kayla Compton,1163405,1,,,Allegra Garcia,,,,,13,minor,,,
The Flash,2014,2023,Drama|Sci-Fi & Fantasy,60735,tv,Brandon McKnight,1887800,2,,,Chester P. Runk,,,,,15,minor,,,
Prison Break,2005,2017,Action & Adventure|Crime|Drama,2288,tv,Wentworth Miller,3972,2,,,Michael Scofield,,,,,1,lead,,,
Prison Break,2005,2017,Action & Adventure|Crime|Drama,2288,tv,Dominic Purcell,10862,2,,,Lincoln Burrows,,,,,3,lead,,,
Prison Break,2005,2017,Action & Adventure|Crime|Drama,2288,tv,Sarah Wayne Callies,86468,1,,,Sara Tancredi,,,,,4,supporting,,,
Prison Break,2005,2017,Action & Adventure|Crime|Drama,2288,tv,Paul Adelstein,17342,2,,,Paul Kellerman,,,,,6,supporting,,,
Prison Break,2005,2017,Action & Adventure|Crime|Drama,2288,tv,Rockmond Dunbar,17345,2,,,Benjamin 'C-Note' Franklin,,,,,8,supporting,,,
Prison Break,2005,2017,Action & Adventure|Crime|Drama,2288,tv,Robert Knepper,17343,2,,,Theodore 'T-Bag' Bagwell,,,,,10,supporting,,,
Prison Break,2005,2017,Action & Adventure|Crime|Drama,2288,tv,Amaury Nolasco,17341,2,,,Fernando Sucre,,,,,11,minor,,,
Prison Break,2005,2017,Action & Adventure|Crime|Drama,2288,tv,Inbar Lavi,211596,1,,,Sheba,,,,,19,minor,,,
Prison Break,2005,2017,Action & Adventure|Crime|Drama,2288,tv,Augustus Prew,3309,2,,,David 'Whip' Martin,,,,,20,minor,,,
FBI,2018,2026,Crime|Action & Adventure|Drama,80748,tv,Missy Peregrym,34434,1,,,Maggie Bell,,,,,1,lead,,,
FBI,2018,2026,Crime|Action & Adventure|Drama,80748,tv,Zeeko Zaki,1370998,2,,,Omar Adom 'OA' Zidan,,,,,2,lead,,,
FBI,2018,2026,Crime|Action & Adventure|Drama,80748,tv,John Boyd,58621,2,,,Stuart Scola,,,,,4,supporting,,,
FBI,2018,2026,Crime|Action & Adventure|Drama,80748,tv,Jeremy Sisto,23958,2,,,Jubal Valentine,,,,,7,supporting,,,
FBI,2018,2026,Crime|Action & Adventure|Drama,80748,tv,Alana de la Garza,1218281,1,,,Isobel Castille,,,,,9,supporting,,,
FBI,2018,2026,Crime|Action & Adventure|Drama,80748,tv,Juliana Aidén Martinez,2969415,1,,,Eva Ramos,,,,,10,supporting,,,
Seinfeld,1989,1998,Comedy,1400,tv,Jerry Seinfeld,16377,2,,,Jerry Seinfeld,,,,,1,lead,,,
Seinfeld,1989,1998,Comedy,1400,tv,Jason Alexander,1206,2,,,George Costanza,,,,,2,lead,,,
Seinfeld,1989,1998,Comedy,1400,tv,Michael Richards,50807,2,,,Cosmo Kramer,,,,,3,lead,,,
Seinfeld,1989,1998,Comedy,1400,tv,Julia Louis-Dreyfus,15886,1,,,Elaine Benes,,,,,4,supporting,,,
Rick and Morty,2013,2025,Animation|Comedy|Sci-Fi & Fantasy|Action & Adventure,60625,tv,Chris Parnell,51382,2,,,Jerry Smith (voice),,,,,2,lead,,,
Rick and Morty,2013,2025,Animation|Comedy|Sci-Fi & Fantasy|Action & Adventure,60625,tv,Spencer Grammer,176823,1,,,Summer Smith (voice),,,,,3,lead,,,
Rick and Morty,2013,2025,Animation|Comedy|Sci-Fi & Fantasy|Action & Adventure,60625,tv,Sarah Chalke,49001,1,,,Beth Smith (voice),,,,,4,supporting,,,
Rick and Morty,2013,2025,Animation|Comedy|Sci-Fi & Fantasy|Action & Adventure,60625,tv,Ian Cardoni,4322756,2,,,Rick Sanchez (voice),,,,,5,supporting,,,
Rick and Morty,2013,2025,Animation|Comedy|Sci-Fi & Fantasy|Action & Adventure,60625,tv,Harry Belden,4129855,2,,,Morty Smith (voice),,,,,7,supporting,,,
Blue Bloods,2010,2024,Crime|Drama,32692,tv,Tom Selleck,15112,2,,,Frank Reagan,,,,,1,lead,,,
Blue Bloods,2010,2024,Crime|Drama,32692,tv,Donnie Wahlberg,2680,2,,,Danny Reagan,,,,,2,lead,,,
Blue Bloods,2010,2024,Crime|Drama,32692,tv,Bridget Moynahan,18354,1,,,Erin Reagan-Boyle,,,,,3,lead,,,
Blue Bloods,2010,2024,Crime|Drama,32692,tv,Will Estes,32363,2,,,Jamie Reagan,,,,,4,supporting,,,
Blue Bloods,2010,2024,Crime|Drama,32692,tv,Len Cariou,41247,2,,,Henry Reagan,,,,,5,supporting,,,
Blue Bloods,2010,2024,Crime|Drama,32692,tv,Gregory Jbara,24360,2,,,Garrett Moore,,,,,16,minor,,,
Blue Bloods,2010,2024,Crime|Drama,32692,tv,Abigail Hawk,1232548,1,,,Abigail Baker,,,,,18,minor,,,
Hawaii Five-0,2010,2020,Crime|Drama|Action & Adventure,32798,tv,Alex O'Loughlin,41297,2,,,Steve McGarrett,,,,,1,lead,,,
Hawaii Five-0,2010,2020,Crime|Drama|Action & Adventure,32798,tv,Scott Caan,1894,2,,,Danny 'Danno' Williams,,,,,2,lead,,,
Hawaii Five-0,2010,2020,Crime|Drama|Action & Adventure,32798,tv,Ian Anthony Dale,123813,2,,,Adam Noshimuri,,,,,3,lead,,,
Hawaii Five-0,2010,2020,Crime|Drama|Action & Adventure,32798,tv,Meaghan Rath,303020,1,,,Tani Rey,,,,,5,supporting,,,
Hawaii Five-0,2010,2020,Crime|Drama|Action & Adventure,32798,tv,Beulah Koale,1397346,2,,,Junior Reigns,,,,,7,supporting,,,
Hawaii Five-0,2010,2020,Crime|Drama|Action & Adventure,32798,tv,Dennis Chun,1252036,2,,,Duke Lukela,,,,,8,supporting,,,
Hawaii Five-0,2010,2020,Crime|Drama|Action & Adventure,32798,tv,Kimee Balmilero,1255666,1,,,Noelani Cunha,,,,,9,supporting,,,
Hawaii Five-0,2010,2020,Crime|Drama|Action & Adventure,32798,tv,Chi McBride,8687,2,,,Lou Grover,,,,,10,supporting,,,
Hawaii Five-0,2010,2020,Crime|Drama|Action & Adventure,32798,tv,Taylor Wily,81992,2,,,Kamekona Tupuola,,,,,11,minor,,,
Hawaii Five-0,2010,2020,Crime|Drama|Action & Adventure,32798,tv,Katrina Law,164930,1,,,Quinn Liu,,,,,12,minor,,,
The Sopranos,1999,2007,Crime|Drama,1398,tv,James Gandolfini,4691,2,,,Tony Soprano,,,,,1,lead,,,
The Sopranos,1999,2007,Crime|Drama,1398,tv,Edie Falco,36190,1,,,Carmela Soprano,,,,,2,lead,,,
The Sopranos,1999,2007,Crime|Drama,1398,tv,Jamie-Lynn Sigler,99241,1,,,Meadow Soprano,,,,,3,lead,,,
The Sopranos,1999,2007,Crime|Drama,1398,tv,Robert Iler,1218240,2,,,A.J. Soprano,,,,,4,supporting,,,
The Sopranos,1999,2007,Crime|Drama,1398,tv,Lorraine Bracco,11478,1,,,Jennifer Melfi,,,,,5,supporting,,,
The Sopranos,1999,2007,Crime|Drama,1398,tv,Michael Imperioli,11486,2,,,Christopher Moltisanti,,,,,6,supporting,,,
The Sopranos,1999,2007,Crime|Drama,1398,tv,Steven Van Zandt,107622,2,,,Silvio Dante,,,,,7,supporting,,,
The Sopranos,1999,2007,Crime|Drama,1398,tv,Tony Sirico,21385,2,,,Paulie Gualtieri,,,,,8,supporting,,,
The Sopranos,1999,2007,Crime|Drama,1398,tv,Dominic Chianese,68186,2,,,Corrado 'Junior' Soprano,,,,,9,supporting,,,
The Sopranos,1999,2007,Crime|Drama,1398,tv,Aida Turturro,106791,1,,,Janice Soprano,,,,,10,supporting,,,
The Sopranos,1999,2007,Crime|Drama,1398,tv,Steve Schirripa,97188,2,,,Bobby 'Bacala' Baccalieri,,,,,13,minor,,,
Homeland,2011,2020,Drama|War & Politics|Crime,1407,tv,Claire Danes,6194,1,,,Carrie Mathison,,,,,1,lead,,,
Homeland,2011,2020,Drama|War & Politics|Crime,1407,tv,Mandy Patinkin,25503,2,,,Saul Berenson,,,,,3,lead,,,
Homeland,2011,2020,Drama|War & Politics|Crime,1407,tv,Maury Sterling,65726,2,,,Max Piotrowski,,,,,8,supporting,,,
Homeland,2011,2020,Drama|War & Politics|Crime,1407,tv,Numan Acar,35434,2,,,Haissam Haqqani,,,,,10,supporting,,,
Homeland,2011,2020,Drama|War & Politics|Crime,1407,tv,Nimrat Kaur,1077932,1,,,Tasneem Qureshi,,,,,15,minor,,,
Homeland,2011,2020,Drama|War & Politics|Crime,1407,tv,Linus Roache,3900,2,,,David Wellington,,,,,17,minor,,,
Homeland,2011,2020,Drama|War & Politics|Crime,1407,tv,Costa Ronin,130323,2,,,Yevgeny Gromo,,,,,20,minor,,,
The Cleaning Lady,2022,2025,Crime|Drama,125282,tv,Élodie Yung,78147,1,,,Thony De La Rosa,,,,,1,lead,,,
The Cleaning Lady,2022,2025,Crime|Drama,125282,tv,Sebastien LaSalle,3366363,2,,,Luca De La Rosa,,,,,8,supporting,,,
The Cleaning Lady,2022,2025,Crime|Drama,125282,tv,Valentino LaSalle,3366364,2,,,Luca De La Rosa,,,,,9,supporting,,,
The Cleaning Lady,2022,2025,Crime|Drama,125282,tv,Eva De Dominici,1240538,1,,,,,,,,13,minor,,,
Marshals,2026,2026,Drama,290856,tv,Luke Grimes,56680,2,,,Kayce Dutton,,,,,1,lead,,,
Marshals,2026,2026,Drama,290856,tv,Logan Marshall-Green,130253,2,,,Pete Calvin,,,,,2,lead,,,
Marshals,2026,2026,Drama,290856,tv,Arielle Kebbel,20373,1,,,Belle Skinner,,,,,3,lead,,,
Marshals,2026,2026,Drama,290856,tv,Ash Santos,1521895,1,,,Andrea Cruz,,,,,4,supporting,,,
Marshals,2026,2026,Drama,290856,tv,Tatanka Means,1112417,2,,,Miles Kittle,,,,,5,supporting,,,
Marshals,2026,2026,Drama,290856,tv,Brecken Merrill,2038314,2,,,Tate Dutton,,,,,6,supporting,,,
Marshals,2026,2026,Drama,290856,tv,Mo Brings Plenty,1367234,2,,,Mo,,,,,7,supporting,,,
Marshals,2026,2026,Drama,290856,tv,Gil Birmingham,84225,2,,,Thomas Rainwater,,,,,8,supporting,,,
Fargo,2014,2024,Crime|Drama,60622,tv,Juno Temple,36594,1,,,Dorothy 'Dot' Lyon,,,,,2,lead,,,
Fargo,2014,2024,Crime|Drama,60622,tv,Jennifer Jason Leigh,10431,1,,,Lorraine Lyon,,,,,4,supporting,,,
Fargo,2014,2024,Crime|Drama,60622,tv,David Rysdahl,1541178,2,,,Wayne Lyon,,,,,5,supporting,,,
Fargo,2014,2024,Crime|Drama,60622,tv,Joe Keery,1467219,2,,,Gator Tillman,,,,,8,supporting,,,
Fargo,2014,2024,Crime|Drama,60622,tv,Lamorne Morris,1181327,2,,,North Dakota Deputy Witt Farr,,,,,10,supporting,,,
Fargo,2014,2024,Crime|Drama,60622,tv,Richa Shukla Moorjani,1376747,1,,,Minnesota Police Deputy Indira Olmstead,,,,,12,minor,,,
Fargo,2014,2024,Crime|Drama,60622,tv,Sam Spruell,55585,2,,,Ole Munch,,,,,14,minor,,,
Fargo,2014,2024,Crime|Drama,60622,tv,Sienna King,4390910,1,,,Scotty Lyon,,,,,16,minor,,,
Fargo,2014,2024,Crime|Drama,60622,tv,Dave Foley,21290,2,,,Danish Graves,,,,,18,minor,,,
Fargo,2014,2024,Crime|Drama,60622,tv,Jon Hamm,65717,2,,,Roy Tillman,,,,,20,minor,,,
Widow's Bay,2026,2026,Drama|Mystery|Comedy,270476,tv,Matthew Rhys,29528,2,,,Mayor Tom Loftis,,,,,1,lead,,,
Widow's Bay,2026,2026,Drama|Mystery|Comedy,270476,tv,Stephen Root,17401,2,,,Wyck,,,,,2,lead,,,
Widow's Bay,2026,2026,Drama|Mystery|Comedy,270476,tv,Kate O'Flynn,65446,1,,,Patricia,,,,,3,lead,,,
Widow's Bay,2026,2026,Drama|Mystery|Comedy,270476,tv,Kevin Carroll,6950,2,,,Bechir,,,,,4,supporting,,,
Widow's Bay,2026,2026,Drama|Mystery|Comedy,270476,tv,Dale Dickey,46814,1,,,Rosemary,,,,,5,supporting,,,
Widow's Bay,2026,2026,Drama|Mystery|Comedy,270476,tv,Kingston Rumi Southwick,1190037,2,,,Evan,,,,,6,supporting,,,
Reacher,2022,2025,Action & Adventure|Drama|Crime,108978,tv,Alan Ritchson,64295,2,,,Jack Reacher,,,,,1,lead,,,
Reacher,2022,2025,Action & Adventure|Drama|Crime,108978,tv,Maria Sten,2123496,1,,,Frances Neagley,,,,,3,lead,,,
Reacher,2022,2025,Action & Adventure|Drama|Crime,108978,tv,Sonya Cassidy,1446006,1,,,Susan Duffy,,,,,12,minor,,,
Reacher,2022,2025,Action & Adventure|Drama|Crime,108978,tv,Johnny Berchtold,1979105,2,,,Richard Beck,,,,,13,minor,,,
Reacher,2022,2025,Action & Adventure|Drama|Crime,108978,tv,Roberto Montesinos,177934,2,,,Guillermo Villanueva,,,,,14,minor,,,
Reacher,2022,2025,Action & Adventure|Drama|Crime,108978,tv,Olivier Richters,2074238,2,,,Paulie,,,,,15,minor,,,
Reacher,2022,2025,Action & Adventure|Drama|Crime,108978,tv,Brian Tee,116278,2,,,Xavier Quinn,,,,,16,minor,,,
Reacher,2022,2025,Action & Adventure|Drama|Crime,108978,tv,Anthony Michael Hall,1904,2,,,Zachary Beck,,,,,17,minor,,,
Young Sheldon,2017,2024,Comedy|Family|Drama,71728,tv,Iain Armitage,1684536,2,,,Sheldon Cooper,,,,,1,lead,,,
Young Sheldon,2017,2024,Comedy|Family|Drama,71728,tv,Zoe Perry,133450,1,,,Mary Cooper,,,,,2,lead,,,
Young Sheldon,2017,2024,Comedy|Family|Drama,71728,tv,Lance Barber,1212111,2,,,George Cooper,,,,,3,lead,,,
Young Sheldon,2017,2024,Comedy|Family|Drama,71728,tv,Montana Jordan,1817307,2,,,Georgie Cooper,,,,,4,supporting,,,
Young Sheldon,2017,2024,Comedy|Family|Drama,71728,tv,Raegan Revord,1575317,3,,,Missy Cooper,,,,,5,supporting,,,
Young Sheldon,2017,2024,Comedy|Family|Drama,71728,tv,Annie Potts,8873,1,,,Connie Tucker,,,,,6,supporting,,,
Young Sheldon,2017,2024,Comedy|Family|Drama,71728,tv,Emily Osment,82785,1,,,Mandy McAllister,,,,,9,supporting,,,
Young Sheldon,2017,2024,Comedy|Family|Drama,71728,tv,Jim Parsons,5374,2,,,Sheldon Cooper (voice),,,,,10,supporting,,,
Law & Order: Criminal Intent,2001,2011,Drama,4601,tv,Vincent D'Onofrio,7132,2,,,Robert Goren,,,,,1,lead,,,
Law & Order: Criminal Intent,2001,2011,Drama,4601,tv,Kathryn Erbe,49824,1,,,Alexandra Eames,,,,,2,lead,,,
Law & Order: Criminal Intent,2001,2011,Drama,4601,tv,Julia Ormond,15887,1,,,Paula Gyson,,,,,4,supporting,,,
Law & Order: Criminal Intent,2001,2011,Drama,4601,tv,Jay O. Sanders,6067,2,,,Joseph Hannah,,,,,6,supporting,,,
Better Call Saul,2015,2022,Crime|Drama,60059,tv,Bob Odenkirk,59410,2,,,Jimmy McGill,,,,,1,lead,,,
Better Call Saul,2015,2022,Crime|Drama,60059,tv,Jonathan Banks,783,2,,,Mike Ehrmantraut,,,,,2,lead,,,
Better Call Saul,2015,2022,Crime|Drama,60059,tv,Rhea Seehorn,62765,1,,,Kim Wexler,,,,,4,supporting,,,
Better Call Saul,2015,2022,Crime|Drama,60059,tv,Tony Dalton,76855,2,,,Lalo Salamanca,,,,,7,supporting,,,
Better Call Saul,2015,2022,Crime|Drama,60059,tv,Giancarlo Esposito,4808,2,,,Gus Fring,,,,,8,supporting,,,
Chicago Med,2015,2026,Drama,62650,tv,Steven Weber,6106,2,,,Dr. Dean Archer,,,,,2,lead,,,
Chicago Med,2015,2026,Drama,62650,tv,Jessy Schram,26974,1,,,Dr. Hannah Asher,,,,,5,supporting,,,
Chicago Med,2015,2026,Drama,62650,tv,Luke Mitchell,1181361,2,,,Dr. Mitchell 'Mitch' Ripley,,,,,7,supporting,,,
Chicago Med,2015,2026,Drama,62650,tv,Sarah Ramos,155422,1,,,Dr. Caitlin Lenox,,,,,8,supporting,,,
Chicago Med,2015,2026,Drama,62650,tv,Darren Barnet,2000335,2,,,Dr. John Frost,,,,,9,supporting,,,
Chicago Med,2015,2026,Drama,62650,tv,S. Epatha Merkerson,3978,1,,,Sharon Goodwin,,,,,10,supporting,,,
Chicago Med,2015,2026,Drama,62650,tv,Oliver Platt,17485,2,,,Dr. Daniel Charles,,,,,12,minor,,,
Charmed,1998,2006,Comedy|Drama|Mystery|Sci-Fi & Fantasy,1981,tv,Holly Marie Combs,26469,1,,,Piper Halliwell,,,,,2,lead,,,
Charmed,1998,2006,Comedy|Drama|Mystery|Sci-Fi & Fantasy,1981,tv,Alyssa Milano,24967,1,,,Phoebe Halliwell,,,,,3,lead,,,
Charmed,1998,2006,Comedy|Drama|Mystery|Sci-Fi & Fantasy,1981,tv,Rose McGowan,16850,1,,,Paige Matthews,,,,,4,supporting,,,
Charmed,1998,2006,Comedy|Drama|Mystery|Sci-Fi & Fantasy,1981,tv,Brian Krause,69405,2,,,Leo Wyatt,,,,,5,supporting,,,
Charmed,1998,2006,Comedy|Drama|Mystery|Sci-Fi & Fantasy,1981,tv,Kaley Cuoco,53862,1,,,Billie Jenkins,,,,,7,supporting,,,
NCIS: Los Angeles,2009,2023,Action & Adventure|Drama|Crime|Mystery,17610,tv,Chris O'Donnell,5577,2,,,G. Callen,,,,,1,lead,,,
NCIS: Los Angeles,2009,2023,Action & Adventure|Drama|Crime|Mystery,17610,tv,Daniela Ruah,221019,1,,,Kensi Blye,,,,,3,lead,,,
NCIS: Los Angeles,2009,2023,Action & Adventure|Drama|Crime|Mystery,17610,tv,Eric Christian Olsen,29020,2,,,Marty Deeks,,,,,4,supporting,,,
NCIS: Los Angeles,2009,2023,Action & Adventure|Drama|Crime|Mystery,17610,tv,Barrett Foa,1246590,2,,,Eric Beale,,,,,5,supporting,,,
NCIS: Los Angeles,2009,2023,Action & Adventure|Drama|Crime|Mystery,17610,tv,Medalion Rahimi,1389383,1,,,Fatima Namazi,,,,,6,supporting,,,
NCIS: Los Angeles,2009,2023,Action & Adventure|Drama|Crime|Mystery,17610,tv,Caleb Castille,1517244,0,,,Devin Rountree,,,,,8,supporting,,,
NCIS: Los Angeles,2009,2023,Action & Adventure|Drama|Crime|Mystery,17610,tv,Gerald McRaney,29512,2,,,Hollace Kilbride,,,,,11,minor,,,
NCIS: Los Angeles,2009,2023,Action & Adventure|Drama|Crime|Mystery,17610,tv,LL Cool J,36424,2,,,Sam Hanna,,,,,13,minor,,,
Spartacus,2010,2013,Drama,46296,tv,Liam McIntyre,934219,2,,,Spartacus,,,,,2,lead,,,
Spartacus,2010,2013,Drama,46296,tv,Manu Bennett,41782,2,,,Crixus,,,,,4,supporting,,,
Spartacus,2010,2013,Drama,46296,tv,Dustin Clare,220916,2,,,Gannicus,,,,,5,supporting,,,
Spartacus,2010,2013,Drama,46296,tv,Cynthia Addai-Robinson,182272,1,,,Naevia,,,,,9,supporting,,,
Spartacus,2010,2013,Drama,46296,tv,Jaime Murray,1223059,1,,,Gaia,,,,,12,minor,,,
Spartacus,2010,2013,Drama,46296,tv,Ellen Hollman,83218,1,,,Saxa,,,,,13,minor,,,
Spartacus,2010,2013,Drama,46296,tv,Luna Rioumina,1377550,1,,,Belesa,,,,,14,minor,,,
Spartacus,2010,2013,Drama,46296,tv,Marisa Ramirez,154988,1,,,Melitta,,,,,15,minor,,,
Spartacus,2010,2013,Drama,46296,tv,Ditch Davey,1147388,2,,,Nemetes,,,,,16,minor,,,
Spartacus,2010,2013,Drama,46296,tv,Barry Duffield,1257447,2,,,Lugo,,,,,17,minor,,,
Spartacus,2010,2013,Drama,46296,tv,Pana Hema-Taylor,939398,2,,,Nasir,,,,,18,minor,,,
Spartacus,2010,2013,Drama,46296,tv,Stephen Lovatt,1193052,2,,,Tullius,,,,,19,minor,,,
Spartacus,2010,2013,Drama,46296,tv,Blessing Mokgohloa,1377551,2,,,Castus,,,,,20,minor,,,
The Kelly Clarkson Show,2019,2026,Talk,82873,tv,Kelly Clarkson,155488,1,,,Self - Host,,,,,1,lead,,,
Late Show with David Letterman,1993,2015,Talk|Comedy,498,tv,David Letterman,136487,2,,,Self - Host,,,,,1,lead,,,
Late Show with David Letterman,1993,2015,Talk|Comedy,498,tv,Paul Shaffer,69921,2,,,Self -Musical Director,,,,,2,lead,,,
Late Show with David Letterman,1993,2015,Talk|Comedy,498,tv,Alan Kalter,4299407,0,,,Self - Announcer (voice),,,,,4,supporting,,,
Monk,2002,2009,Drama|Comedy|Crime|Mystery,1695,tv,Tony Shalhoub,4252,2,,,Adrian Monk,,,,,1,lead,,,
Monk,2002,2009,Drama|Comedy|Crime|Mystery,1695,tv,Ted Levine,15854,2,,,Leland Stottlemeyer,,,,,2,lead,,,
Monk,2002,2009,Drama|Comedy|Crime|Mystery,1695,tv,Jason Gray-Stanford,6166,2,,,Randall Disher,,,,,3,lead,,,
Monk,2002,2009,Drama|Comedy|Crime|Mystery,1695,tv,Traylor Howard,54826,1,,,Natalie Teeger,,,,,4,supporting,,,
Sons of Anarchy,2008,2014,Crime|Drama,1409,tv,Charlie Hunnam,56365,2,,,Jax Teller,,,,,1,lead,,,
Sons of Anarchy,2008,2014,Crime|Drama,1409,tv,Katey Sagal,18980,1,,,Gemma Teller Morrow,,,,,3,lead,,,
Sons of Anarchy,2008,2014,Crime|Drama,1409,tv,Tommy Flanagan,2478,2,,,Filip 'Chibs' Telford,,,,,5,supporting,,,
Sons of Anarchy,2008,2014,Crime|Drama,1409,tv,Mark Boone Junior,534,2,,,Bobby Munson,,,,,6,supporting,,,
Sons of Anarchy,2008,2014,Crime|Drama,1409,tv,Kim Coates,8335,2,,,Alex 'Tig' Trager,,,,,8,supporting,,,
Sons of Anarchy,2008,2014,Crime|Drama,1409,tv,Theo Rossi,51995,2,,,Juan Carlos 'Juice' Ortiz,,,,,11,minor,,,
Sons of Anarchy,2008,2014,Crime|Drama,1409,tv,Dayton Callie,87108,2,,,Wayne Unser,,,,,12,minor,,,
Sons of Anarchy,2008,2014,Crime|Drama,1409,tv,David Labrava,1368714,2,,,Happy Lowman,,,,,13,minor,,,
Sons of Anarchy,2008,2014,Crime|Drama,1409,tv,Drea De Matteo,70767,1,,,Wendy Case,,,,,14,minor,,,
Sons of Anarchy,2008,2014,Crime|Drama,1409,tv,Jimmy Smits,33181,2,,,Nero Padilla,,,,,15,minor,,,
Sons of Anarchy,2008,2014,Crime|Drama,1409,tv,Niko Nicotera,1008750,2,,,George 'Ratboy' Skogstrom,,,,,16,minor,,,
Arrow,2012,2020,Crime|Drama|Action & Adventure,1412,tv,Stephen Amell,76110,2,,,Oliver Queen / Green Arrow,,,,,1,lead,,,
Arrow,2012,2020,Crime|Drama|Action & Adventure,1412,tv,David Ramsey,116774,2,,,John Diggle / Spartan,,,,,2,lead,,,
Arrow,2012,2020,Crime|Drama|Action & Adventure,1412,tv,Rick Gonzalez,53184,2,,,Rene Ramirez / Wild Dog,,,,,3,lead,,,
Arrow,2012,2020,Crime|Drama|Action & Adventure,1412,tv,Juliana Harkavy,576474,1,,,Dinah Drake / Black Canary,,,,,4,supporting,,,
Arrow,2012,2020,Crime|Drama|Action & Adventure,1412,tv,Katherine McNamara,968006,1,,,Mia Smoak / Blackstar,,,,,5,supporting,,,
Arrow,2012,2020,Crime|Drama|Action & Adventure,1412,tv,Ben Lewis,33702,2,,,Adult William Clayton,,,,,6,supporting,,,
Arrow,2012,2020,Crime|Drama|Action & Adventure,1412,tv,Joseph David-Jones,1581190,2,,,Connor Hawke,,,,,7,supporting,,,
Arrow,2012,2020,Crime|Drama|Action & Adventure,1412,tv,Katie Cassidy,55775,1,,,Laurel Lance / Black Canary,,,,,8,supporting,,,
The Pitt,2025,2026,Drama,250307,tv,Noah Wyle,13526,2,,,Dr. Michael 'Robby' Robinavitch,,,,,1,lead,,,
The Pitt,2025,2026,Drama,250307,tv,Patrick Ball,2126992,2,,,Dr. Frank Langdon,,,,,3,lead,,,
The Pitt,2025,2026,Drama,250307,tv,Katherine LaNasa,169337,1,,,Charge Nurse Dana Evans,,,,,4,supporting,,,
The Pitt,2025,2026,Drama,250307,tv,Supriya Ganesh,2288895,1,,,Dr. Samira Mohan,,,,,5,supporting,,,
The Pitt,2025,2026,Drama,250307,tv,Fiona Dourif,204468,1,,,Dr. Cassie McKay,,,,,6,supporting,,,
The Pitt,2025,2026,Drama,250307,tv,Taylor Dearden,1731714,1,,,Dr. Melissa King,,,,,7,supporting,,,
The Pitt,2025,2026,Drama,250307,tv,Isa Briones,2290706,1,,,Dr. Trinity Santos,,,,,8,supporting,,,
The Pitt,2025,2026,Drama,250307,tv,Gerran Howell,1234583,2,,,Student Doctor Dennis Whitaker,,,,,9,supporting,,,
The Pitt,2025,2026,Drama,250307,tv,Shabana Azeez,2716907,1,,,Student Doctor Victoria Javadi,,,,,10,supporting,,,
The Pitt,2025,2026,Drama,250307,tv,Sepideh Moafi,1344374,1,,,Dr. Baran Al-Hashimi,,,,,11,minor,,,
Elementary,2012,2019,Drama|Mystery|Crime,1415,tv,Jonny Lee Miller,9012,2,,,Sherlock Holmes,,,,,1,lead,,,
Elementary,2012,2019,Drama|Mystery|Crime,1415,tv,Lucy Liu,140,1,,,Joan Watson,,,,,2,lead,,,
Elementary,2012,2019,Drama|Mystery|Crime,1415,tv,Jon Michael Hill,1224051,2,,,Marcus Bell,,,,,3,lead,,,
Elementary,2012,2019,Drama|Mystery|Crime,1415,tv,Aidan Quinn,18992,2,,,Thomas Gregson,,,,,4,supporting,,,
Regular Show,2010,2017,Animation|Comedy|Action & Adventure|Sci-Fi & Fantasy,31132,tv,J.G. Quintel,222169,2,,,Mordecai / Hi Five Ghost (voice),,,,,1,lead,,,
Regular Show,2010,2017,Animation|Comedy|Action & Adventure|Sci-Fi & Fantasy,31132,tv,William Salyers,1215264,2,,,Rigby (voice),,,,,2,lead,,,
Regular Show,2010,2017,Animation|Comedy|Action & Adventure|Sci-Fi & Fantasy,31132,tv,Mark Hamill,2,2,,,Skips (voice),,,,,3,lead,,,
Regular Show,2010,2017,Animation|Comedy|Action & Adventure|Sci-Fi & Fantasy,31132,tv,Sam Marin,1251102,2,,,Benson / Pops / Muscle Man (voice),,,,,4,supporting,,,
Regular Show,2010,2017,Animation|Comedy|Action & Adventure|Sci-Fi & Fantasy,31132,tv,Minty Lewis,1251087,1,,,Eileen (voice),,,,,5,supporting,,,
Regular Show,2010,2017,Animation|Comedy|Action & Adventure|Sci-Fi & Fantasy,31132,tv,Matthew Mercer,556275,2,,,Chance Sureshot / Recap Robot (voice),,,,,7,supporting,,,
Regular Show,2010,2017,Animation|Comedy|Action & Adventure|Sci-Fi & Fantasy,31132,tv,Vanessa Marshall,81663,1,,,Toothpick Sally (voice),,,,,8,supporting,,,
Teen Wolf,2011,2017,Sci-Fi & Fantasy|Drama|Comedy,34524,tv,Tyler Posey,53280,2,,,Scott McCall,,,,,1,lead,,,
Teen Wolf,2011,2017,Sci-Fi & Fantasy|Drama|Comedy,34524,tv,Holland Roden,208782,1,,,Lydia Martin,,,,,5,supporting,,,
Teen Wolf,2011,2017,Sci-Fi & Fantasy|Drama|Comedy,34524,tv,Shelley Hennig,444211,1,,,Malia Tate,,,,,6,supporting,,,
Teen Wolf,2011,2017,Sci-Fi & Fantasy|Drama|Comedy,34524,tv,Dylan Sprayberry,236302,2,,,Liam Dunbar,,,,,8,supporting,,,
Teen Wolf,2011,2017,Sci-Fi & Fantasy|Drama|Comedy,34524,tv,Linden Ashby,57251,2,,,Noah Stilinski,,,,,9,supporting,,,
Teen Wolf,2011,2017,Sci-Fi & Fantasy|Drama|Comedy,34524,tv,Melissa Ponzio,168658,1,,,Melissa McCall,,,,,10,supporting,,,
Teen Wolf,2011,2017,Sci-Fi & Fantasy|Drama|Comedy,34524,tv,JR Bourne,62911,2,,,Chris Argent,,,,,11,minor,,,
Grimm,2011,2017,Drama|Mystery|Sci-Fi & Fantasy,39351,tv,David Giuntoli,206757,2,,,Nick Burkhardt,,,,,1,lead,,,
Grimm,2011,2017,Drama|Mystery|Sci-Fi & Fantasy,39351,tv,Silas Weir Mitchell,49815,2,,,Monroe,,,,,2,lead,,,
Grimm,2011,2017,Drama|Mystery|Sci-Fi & Fantasy,39351,tv,Russell Hornsby,62649,2,,,Hank Griffin,,,,,3,lead,,,
Grimm,2011,2017,Drama|Mystery|Sci-Fi & Fantasy,39351,tv,Sasha Roiz,6071,2,,,Sean Renard,,,,,4,supporting,,,
Grimm,2011,2017,Drama|Mystery|Sci-Fi & Fantasy,39351,tv,Reggie Lee,22075,2,,,Drew Wu,,,,,5,supporting,,,
Grimm,2011,2017,Drama|Mystery|Sci-Fi & Fantasy,39351,tv,Bree Turner,62065,1,,,Rosalee Calvert,,,,,6,supporting,,,
Grimm,2011,2017,Drama|Mystery|Sci-Fi & Fantasy,39351,tv,Claire Coffee,169041,1,,,Adalind Schade,,,,,7,supporting,,,
Grimm,2011,2017,Drama|Mystery|Sci-Fi & Fantasy,39351,tv,Elizabeth Tulloch,74577,1,,,Eve,,,,,8,supporting,,,
The X-Files,1993,2018,Mystery|Sci-Fi & Fantasy|Crime,4087,tv,David Duchovny,12640,2,,,Fox Mulder,,,,,1,lead,,,
The X-Files,1993,2018,Mystery|Sci-Fi & Fantasy|Crime,4087,tv,Gillian Anderson,12214,1,,,Dana Scully,,,,,2,lead,,,
The X-Files,1993,2018,Mystery|Sci-Fi & Fantasy|Crime,4087,tv,Mitch Pileggi,12644,2,,,Walter Skinner,,,,,5,supporting,,,
Gilmore Girls,2000,2007,Comedy|Drama,4586,tv,Lauren Graham,16858,1,,,Lorelai Gilmore,,,,,1,lead,,,
Gilmore Girls,2000,2007,Comedy|Drama,4586,tv,Alexis Bledel,6279,1,,,Rory Gilmore,,,,,2,lead,,,
Gilmore Girls,2000,2007,Comedy|Drama,4586,tv,Scott Patterson,50020,2,,,Luke Danes,,,,,3,lead,,,
Gilmore Girls,2000,2007,Comedy|Drama,4586,tv,Melissa McCarthy,55536,1,,,Sookie St. James,,,,,4,supporting,,,
Gilmore Girls,2000,2007,Comedy|Drama,4586,tv,Keiko Agena,35467,1,,,Lane Kim,,,,,5,supporting,,,
Gilmore Girls,2000,2007,Comedy|Drama,4586,tv,Yanic Truesdale,131646,2,,,Michel Gerard,,,,,6,supporting,,,
Gilmore Girls,2000,2007,Comedy|Drama,4586,tv,Liza Weil,55546,1,,,Paris Geller,,,,,7,supporting,,,
Gilmore Girls,2000,2007,Comedy|Drama,4586,tv,Sean Gunn,51663,2,,,Kirk Gleason,,,,,8,supporting,,,
Gilmore Girls,2000,2007,Comedy|Drama,4586,tv,Matt Czuchry,55547,2,,,Logan Huntzberger,,,,,10,supporting,,,
Gilmore Girls,2000,2007,Comedy|Drama,4586,tv,Kelly Bishop,728,1,,,Emily Gilmore,,,,,11,minor,,,
Gilmore Girls,2000,2007,Comedy|Drama,4586,tv,Edward Herrmann,52995,2,,,Richard Gilmore,,,,,13,minor,,,
Bridgerton,2020,2026,Drama,91239,tv,Ruth Gemmell,18031,1,,,Lady Violet Bridgerton,,,,,1,lead,,,
Bridgerton,2020,2026,Drama,91239,tv,Luke Thompson,1127887,2,,,Benedict Bridgerton,,,,,3,lead,,,
Bridgerton,2020,2026,Drama,91239,tv,Yerin Ha,2611199,1,,,Sophie Baek,,,,,7,supporting,,,
Bridgerton,2020,2026,Drama,91239,tv,Luke Newton,1794961,2,,,Colin Bridgerton,,,,,8,supporting,,,
Bridgerton,2020,2026,Drama,91239,tv,Claudia Jessie,1439488,1,,,Eloise Bridgerton,,,,,12,minor,,,
Bridgerton,2020,2026,Drama,91239,tv,Florence Hunt,2908684,1,,,Hyacinth Bridgerton,,,,,13,minor,,,
Bridgerton,2020,2026,Drama,91239,tv,Will Tilston,1686681,2,,,Gregory Bridgerton,,,,,14,minor,,,
Bridgerton,2020,2026,Drama,91239,tv,Adjoa Andoh,109651,1,,,Lady Agatha Danbury,,,,,16,minor,,,
Bridgerton,2020,2026,Drama,91239,tv,Julie Andrews,5823,1,,,Lady Whistledown (voice),,,,,19,minor,,,
The Good Wife,2009,2016,Drama,1435,tv,Julianna Margulies,25654,1,,,Alicia Florrick,,,,,1,lead,,,
The Good Wife,2009,2016,Drama,1435,tv,Christine Baranski,11870,1,,,Diane Lockhart,,,,,2,lead,,,
The Good Wife,2009,2016,Drama,1435,tv,Matt Czuchry,55547,2,,,Cary Agos,,,,,4,supporting,,,
The Good Wife,2009,2016,Drama,1435,tv,Alan Cumming,10697,2,,,Eli Gold,,,,,5,supporting,,,
The Good Wife,2009,2016,Drama,1435,tv,Cush Jumbo,1417351,1,,,Lucca Quinn,,,,,10,supporting,,,
The Good Wife,2009,2016,Drama,1435,tv,Jeffrey Dean Morgan,47296,2,,,Jason Crouse,,,,,11,minor,,,
"XO, Kitty",2023,2026,Comedy|Drama,195670,tv,Anna Cathcart,1683266,1,,,Katherine 'Kitty' Song Covey,,,,,1,lead,,,
"XO, Kitty",2023,2026,Comedy|Drama,195670,tv,Choi Min-yeong,3495015,2,,,Dae-heon 'Dae' Kim,,,,,2,lead,,,
"XO, Kitty",2023,2026,Comedy|Drama,195670,tv,Gia Kim,3495016,1,,,Yuri Han,,,,,3,lead,,,
"XO, Kitty",2023,2026,Comedy|Drama,195670,tv,Sang Heon Lee,3495018,2,,,Min-ho Moon,,,,,4,supporting,,,
"XO, Kitty",2023,2026,Comedy|Drama,195670,tv,Anthony Keyvan,931792,2,,,Quincy 'Q' Shabazian,,,,,5,supporting,,,
"XO, Kitty",2023,2026,Comedy|Drama,195670,tv,Regan Aliyah,3351370,1,,,Juliana Porter,,,,,6,supporting,,,
"XO, Kitty",2023,2026,Comedy|Drama,195670,tv,Peter Thurnwald,2917828,2,,,Alex Finnerty Lee,,,,,7,supporting,,,
"XO, Kitty",2023,2026,Comedy|Drama,195670,tv,Philippe Lee,5196296,2,,,Mr. Moon,,,,,8,supporting,,,
"XO, Kitty",2023,2026,Comedy|Drama,195670,tv,Sule Thelwell,3058191,2,,,Marius,,,,,10,supporting,,,
Person of Interest,2011,2016,Drama|Action & Adventure|Crime|Sci-Fi & Fantasy,1411,tv,Jim Caviezel,8767,2,,,John Reese,,,,,1,lead,,,
Person of Interest,2011,2016,Drama|Action & Adventure|Crime|Sci-Fi & Fantasy,1411,tv,Michael Emerson,2136,2,,,Harold Finch,,,,,2,lead,,,
Person of Interest,2011,2016,Drama|Action & Adventure|Crime|Sci-Fi & Fantasy,1411,tv,Kevin Chapman,4728,2,,,Lionel Fusco,,,,,3,lead,,,
Person of Interest,2011,2016,Drama|Action & Adventure|Crime|Sci-Fi & Fantasy,1411,tv,Amy Acker,81133,1,,,Root,,,,,5,supporting,,,
Person of Interest,2011,2016,Drama|Action & Adventure|Crime|Sci-Fi & Fantasy,1411,tv,Sarah Shahi,164945,1,,,Sameen Shaw,,,,,7,supporting,,,
Conan,2010,2021,Talk|Comedy|News,32415,tv,Conan O'Brien,81200,2,,,Self - Host,,,,,1,lead,,,
Conan,2010,2021,Talk|Comedy|News,32415,tv,Andy Richter,28637,2,,,Self,,,,,2,lead,,,
Malcolm in the Middle,2000,2006,Comedy,2004,tv,Frankie Muniz,51391,2,,,Malcolm,,,,,1,lead,,,
Malcolm in the Middle,2000,2006,Comedy,2004,tv,Jane Kaczmarek,27725,1,,,Lois,,,,,2,lead,,,
Malcolm in the Middle,2000,2006,Comedy,2004,tv,Bryan Cranston,17419,2,,,Hal,,,,,3,lead,,,
Malcolm in the Middle,2000,2006,Comedy,2004,tv,Justin Berfield,51392,2,,,Reese,,,,,4,supporting,,,
Malcolm in the Middle,2000,2006,Comedy,2004,tv,Erik Per Sullivan,17190,2,,,Dewey,,,,,5,supporting,,,
Malcolm in the Middle,2000,2006,Comedy,2004,tv,Christopher Masterson,35769,2,,,Francis,,,,,6,supporting,,,
The Mike Douglas Show,1961,1981,Comedy|Talk,10536,tv,Mike Douglas,334719,2,,,Self - Host,,,,,1,lead,,,
The Chosen,2019,2025,Action & Adventure|Family|Drama,85077,tv,Jonathan Roumie,1495825,2,,,Jesus of Nazareth,,,,,2,lead,,,
The Chosen,2019,2025,Action & Adventure|Family|Drama,85077,tv,Shahar Isaac,1410477,2,,,Simon Peter,,,,,3,lead,,,
The Chosen,2019,2025,Action & Adventure|Family|Drama,85077,tv,Elizabeth Tabish,1355937,1,,,Mary Magdalene,,,,,4,supporting,,,
The Chosen,2019,2025,Action & Adventure|Family|Drama,85077,tv,Paras Patel,1598773,2,,,Matthew,,,,,5,supporting,,,
The Chosen,2019,2025,Action & Adventure|Family|Drama,85077,tv,Noah James,1314134,2,,,Andrew,,,,,6,supporting,,,
The Chosen,2019,2025,Action & Adventure|Family|Drama,85077,tv,George H. Xanthis,1689733,2,,,John,,,,,7,supporting,,,
The Chosen,2019,2025,Action & Adventure|Family|Drama,85077,tv,Abe Bueno-Jallad,1673618,2,,,Big James,,,,,8,supporting,,,
The Chosen,2019,2025,Action & Adventure|Family|Drama,85077,tv,Joey Vahedi,2652467,2,,,Thomas,,,,,9,supporting,,,
The Chosen,2019,2025,Action & Adventure|Family|Drama,85077,tv,Giavani Cairo,2253349,2,,,Thaddeus,,,,,10,supporting,,,
The Chosen,2019,2025,Action & Adventure|Family|Drama,85077,tv,Jordan Walker Ross,2698361,2,,,Little James,,,,,11,minor,,,
The Chosen,2019,2025,Action & Adventure|Family|Drama,85077,tv,Shaan Sharma,1184226,2,,,Shmuel,,,,,13,minor,,,
The Chosen,2019,2025,Action & Adventure|Family|Drama,85077,tv,Kirk B.R. Woller,6864,2,,,Gaius,,,,,14,minor,,,
The Chosen,2019,2025,Action & Adventure|Family|Drama,85077,tv,Vanessa Benavente,2096074,1,,,"Mary, Mother of Jesus",,,,,16,minor,,,
The Chosen,2019,2025,Action & Adventure|Family|Drama,85077,tv,Austin Reed Alleman,2916838,2,,,Nathaniel,,,,,17,minor,,,
The Chosen,2019,2025,Action & Adventure|Family|Drama,85077,tv,Alaa Safi,126802,2,,,Simon Z,,,,,18,minor,,,
The Chosen,2019,2025,Action & Adventure|Family|Drama,85077,tv,Luke Dimyan,3130288,0,,,Judas Iscariot,,,,,19,minor,,,
JAG,1995,2005,Drama|Action & Adventure|Crime,4376,tv,David James Elliott,84522,2,,,Harmon Rabb,,,,,1,lead,,,
JAG,1995,2005,Drama|Action & Adventure|Crime,4376,tv,Catherine Bell,4493,1,,,Sarah MacKenzie,,,,,2,lead,,,
JAG,1995,2005,Drama|Action & Adventure|Crime,4376,tv,Patrick Labyorteaux,114876,2,,,Bud Roberts,,,,,4,supporting,,,
Psych,2006,2014,Drama|Comedy|Crime,1447,tv,James Roday Rodriguez,80219,2,,,Shawn Spencer,,,,,1,lead,,,
Psych,2006,2014,Drama|Comedy|Crime,1447,tv,Dulé Hill,122756,2,,,Burton Guster,,,,,2,lead,,,
Psych,2006,2014,Drama|Comedy|Crime,1447,tv,Timothy Omundson,134423,2,,,Carlton Lassiter,,,,,3,lead,,,
Psych,2006,2014,Drama|Comedy|Crime,1447,tv,Maggie Lawson,51873,1,,,Juliet O'Hara,,,,,4,supporting,,,
Psych,2006,2014,Drama|Comedy|Crime,1447,tv,Kirsten Nelson,1219500,1,,,Karen Vick,,,,,5,supporting,,,
Psych,2006,2014,Drama|Comedy|Crime,1447,tv,Corbin Bernsen,21246,2,,,Henry Spencer,,,,,6,supporting,,,
You,2018,2025,Mystery|Crime|Drama,78191,tv,Penn Badgley,110927,2,,,Joe Goldberg,,,,,1,lead,,,
You,2018,2025,Mystery|Crime|Drama,78191,tv,Charlotte Ritchie,1488056,1,,,Kate Galvin,,,,,3,lead,,,
You,2018,2025,Mystery|Crime|Drama,78191,tv,Griffin Matthews,1449086,2,,,Teddy Lockwood,,,,,5,supporting,,,
You,2018,2025,Mystery|Crime|Drama,78191,tv,Anna Camp,221098,1,,,Maddie Lockwood / Reagan Lockwood,,,,,6,supporting,,,
You,2018,2025,Mystery|Crime|Drama,78191,tv,Madeline Brewer,1443712,1,,,Louise Flannery,,,,,9,supporting,,,
Star Wars: Maul - Shadow Lord,2026,2026,Action & Adventure|Animation|Sci-Fi & Fantasy,289219,tv,Sam Witwer,46362,2,,,Maul (voice),,,,,1,lead,,,
Fringe,2008,2013,Sci-Fi & Fantasy|Drama|Mystery,1705,tv,Anna Torv,30084,1,,,Olivia Dunham,,,,,1,lead,,,
Fringe,2008,2013,Sci-Fi & Fantasy|Drama|Mystery,1705,tv,Joshua Jackson,11866,2,,,Peter Bishop,,,,,2,lead,,,
Fringe,2008,2013,Sci-Fi & Fantasy|Drama|Mystery,1705,tv,Jasika Nicole,1222945,1,,,Astrid Farnsworth,,,,,6,supporting,,,
Fringe,2008,2013,Sci-Fi & Fantasy|Drama|Mystery,1705,tv,John Noble,1381,2,,,Walter Bishop,,,,,8,supporting,,,
ER,1994,2009,Drama,4588,tv,Maura Tierney,16307,1,,,Abby Lockhart,,,,,3,lead,,,
ER,1994,2009,Drama,4588,tv,Parminder Nagra,231610,1,,,Neela Rasgotra,,,,,8,supporting,,,
ER,1994,2009,Drama,4588,tv,Linda Cardellini,1817,1,,,Samantha Taggart,,,,,9,supporting,,,
ER,1994,2009,Drama,4588,tv,Scott Grimes,35091,2,,,Archie Morris,,,,,14,minor,,,
ER,1994,2009,Drama,4588,tv,David Lyons,76941,2,,,Simon Brenner,,,,,17,minor,,,
ER,1994,2009,Drama,4588,tv,Angela Bassett,9780,1,,,Catherine Banfield,,,,,19,minor,,,
Frasier,1993,2004,Comedy|Family,3452,tv,Kelsey Grammer,7090,2,,,Frasier Crane,,,,,1,lead,,,
Frasier,1993,2004,Comedy|Family,3452,tv,Jane Leeves,52951,1,,,Daphne Moon,,,,,2,lead,,,
Frasier,1993,2004,Comedy|Family,3452,tv,David Hyde Pierce,11076,2,,,Niles Crane,,,,,3,lead,,,
Frasier,1993,2004,Comedy|Family,3452,tv,Peri Gilpin,21703,1,,,Roz Doyle,,,,,4,supporting,,,
Frasier,1993,2004,Comedy|Family,3452,tv,John Mahoney,4251,2,,,Martin Crane,,,,,5,supporting,,,
How I Met Your Mother,2005,2014,Comedy,1100,tv,Josh Radnor,144009,2,,,Ted Mosby,,,,,1,lead,,,
How I Met Your Mother,2005,2014,Comedy,1100,tv,Neil Patrick Harris,41686,2,,,Barney Stinson,,,,,2,lead,,,
How I Met Your Mother,2005,2014,Comedy,1100,tv,Jason Segel,41088,2,,,Marshall Eriksen,,,,,3,lead,,,
How I Met Your Mother,2005,2014,Comedy,1100,tv,Alyson Hannigan,21595,1,,,Lily Aldrin,,,,,4,supporting,,,
How I Met Your Mother,2005,2014,Comedy,1100,tv,Cobie Smulders,71189,1,,,Robin Scherbatsky,,,,,5,supporting,,,
How I Met Your Mother,2005,2014,Comedy,1100,tv,Cristin Milioti,204392,1,,,Tracy McConnell,,,,,6,supporting,,,
"Beverly Hills, 90210",1990,2000,Drama,2025,tv,Jennie Garth,1212139,1,,,Kelly Taylor,,,,,1,lead,,,
"Beverly Hills, 90210",1990,2000,Drama,2025,tv,Ian Ziering,19146,2,,,Steve Sanders,,,,,3,lead,,,
"Beverly Hills, 90210",1990,2000,Drama,2025,tv,Luke Perry,8395,2,,,Dylan McKay,,,,,5,supporting,,,
"Beverly Hills, 90210",1990,2000,Drama,2025,tv,Brian Austin Green,19148,2,,,David Silver,,,,,6,supporting,,,
"Beverly Hills, 90210",1990,2000,Drama,2025,tv,Tori Spelling,19149,1,,,Donna Martin,,,,,7,supporting,,,
"Beverly Hills, 90210",1990,2000,Drama,2025,tv,Vincent Young,180150,2,,,Noah Hunter,,,,,9,supporting,,,
"Beverly Hills, 90210",1990,2000,Drama,2025,tv,Lindsay Price,87316,1,,,Janet Sosna,,,,,11,minor,,,
"Beverly Hills, 90210",1990,2000,Drama,2025,tv,Daniel Cosgrove,203511,2,,,Matt Durning,,,,,14,minor,,,
King of the Hill,1997,2025,Animation|Comedy|Family,2122,tv,Mike Judge,17403,2,,,Hank Hill / Boomhauer (voice),,,,,3,lead,,,
King of the Hill,1997,2025,Animation|Comedy|Family,2122,tv,Kathy Najimy,11074,1,,,Peggy Hill (voice),,,,,4,supporting,,,
King of the Hill,1997,2025,Animation|Comedy|Family,2122,tv,Pamela Adlon,21063,1,,,Bobby Hill (voice),,,,,5,supporting,,,
King of the Hill,1997,2025,Animation|Comedy|Family,2122,tv,Stephen Root,17401,2,,,Bill Dauterive (voice),,,,,7,supporting,,,
King of the Hill,1997,2025,Animation|Comedy|Family,2122,tv,Toby Huss,18271,2,,,Dale Gribble/ Cotton Hill/Kahn Souphanousinphone (voice),,,,,9,supporting,,,
King of the Hill,1997,2025,Animation|Comedy|Family,2122,tv,Lauren Tom,15100,1,,,Minh Souphanousinphone / Connie Souphanousinphone (voice),,,,,10,supporting,,,
King of the Hill,1997,2025,Animation|Comedy|Family,2122,tv,Ronny Chieng,1319469,2,,,Kahn Souphanousinphone,,,,,12,minor,,,
The 100,2014,2020,Sci-Fi & Fantasy|Action & Adventure|Drama|Crime,48866,tv,Eliza Taylor,1213278,1,,,Clarke Griffin,,,,,1,lead,,,
The 100,2014,2020,Sci-Fi & Fantasy|Action & Adventure|Drama|Crime,48866,tv,Bob Morley,127733,2,,,Bellamy Blake,,,,,2,lead,,,
The 100,2014,2020,Sci-Fi & Fantasy|Action & Adventure|Drama|Crime,48866,tv,Lindsey Morgan,1148626,1,,,Raven Reyes,,,,,3,lead,,,
The 100,2014,2020,Sci-Fi & Fantasy|Action & Adventure|Drama|Crime,48866,tv,Marie Avgeropoulos,140114,1,,,Octavia Blake,,,,,4,supporting,,,
The 100,2014,2020,Sci-Fi & Fantasy|Action & Adventure|Drama|Crime,48866,tv,Richard Harmon,144852,2,,,John Murphy,,,,,6,supporting,,,
The 100,2014,2020,Sci-Fi & Fantasy|Action & Adventure|Drama|Crime,48866,tv,Tasya Teles,1390882,1,,,Echo,,,,,7,supporting,,,
The 100,2014,2020,Sci-Fi & Fantasy|Action & Adventure|Drama|Crime,48866,tv,JR Bourne,62911,2,,,Russell Lightbourne,,,,,9,supporting,,,
The 100,2014,2020,Sci-Fi & Fantasy|Action & Adventure|Drama|Crime,48866,tv,Shannon Kook,979807,2,,,Jordan Green,,,,,13,minor,,,
The 100,2014,2020,Sci-Fi & Fantasy|Action & Adventure|Drama|Crime,48866,tv,Chuku Modu,1610710,2,,,Gabriel Santiago,,,,,15,minor,,,
The 100,2014,2020,Sci-Fi & Fantasy|Action & Adventure|Drama|Crime,48866,tv,Shelby Flannery,2643410,1,,,Hope Diyoza,,,,,18,minor,,,
The Jennifer Hudson Show,2022,2026,Talk,204746,tv,Jennifer Hudson,15565,1,,,Self - Host,,,,,1,lead,,,
House of the Dragon,2022,2024,Sci-Fi & Fantasy|Drama|Action & Adventure,94997,tv,Matt Smith,136532,2,,,Prince Daemon Targaryen,,,,,1,lead,,,
House of the Dragon,2022,2024,Sci-Fi & Fantasy|Drama|Action & Adventure,94997,tv,Emma D'Arcy,2121005,3,,,Queen Rhaenyra Targaryen,,,,,2,lead,,,
House of the Dragon,2022,2024,Sci-Fi & Fantasy|Drama|Action & Adventure,94997,tv,Olivia Cooke,1173984,1,,,Queen Alicent Hightower,,,,,3,lead,,,
House of the Dragon,2022,2024,Sci-Fi & Fantasy|Drama|Action & Adventure,94997,tv,Steve Toussaint,55412,2,,,Lord Corlys 'The Sea Snake' Velaryon,,,,,4,supporting,,,
House of the Dragon,2022,2024,Sci-Fi & Fantasy|Drama|Action & Adventure,94997,tv,Rhys Ifans,7026,2,,,Ser Otto Hightower,,,,,5,supporting,,,
House of the Dragon,2022,2024,Sci-Fi & Fantasy|Drama|Action & Adventure,94997,tv,Fabien Frankel,2583704,2,,,Ser Criston Cole,,,,,6,supporting,,,
House of the Dragon,2022,2024,Sci-Fi & Fantasy|Drama|Action & Adventure,94997,tv,Ewan Mitchell,1829122,2,,,Prince Aemond Targaryen,,,,,7,supporting,,,
House of the Dragon,2022,2024,Sci-Fi & Fantasy|Drama|Action & Adventure,94997,tv,Tom Glynn-Carney,1765227,2,,,King Aegon II Targaryen,,,,,8,supporting,,,
House of the Dragon,2022,2024,Sci-Fi & Fantasy|Drama|Action & Adventure,94997,tv,Sonoya Mizuno,1457238,1,,,Mysaria 'The White Worm',,,,,9,supporting,,,
House of the Dragon,2022,2024,Sci-Fi & Fantasy|Drama|Action & Adventure,94997,tv,Harry Collett,1789952,2,,,Prince Jacaerys 'Jace' Velaryon,,,,,10,supporting,,,
House of the Dragon,2022,2024,Sci-Fi & Fantasy|Drama|Action & Adventure,94997,tv,Bethany Antonia,1881108,1,,,Baela Targaryen,,,,,11,minor,,,
House of the Dragon,2022,2024,Sci-Fi & Fantasy|Drama|Action & Adventure,94997,tv,Phoebe Campbell,1677635,1,,,Rhaena Targaryen,,,,,12,minor,,,
House of the Dragon,2022,2024,Sci-Fi & Fantasy|Drama|Action & Adventure,94997,tv,Phia Saban,3594113,1,,,Queen Helaena Targaryen,,,,,13,minor,,,
House of the Dragon,2022,2024,Sci-Fi & Fantasy|Drama|Action & Adventure,94997,tv,Jefferson Hall,109322,2,,,Lord Jason Lannister / Ser Tyland Lannister,,,,,14,minor,,,
House of the Dragon,2022,2024,Sci-Fi & Fantasy|Drama|Action & Adventure,94997,tv,Matthew Needham,1584566,2,,,Lord Larys 'Clubfoot' Strong,,,,,15,minor,,,
House of the Dragon,2022,2024,Sci-Fi & Fantasy|Drama|Action & Adventure,94997,tv,James Norton,1205278,2,,,Lord Ormund Hightower,,,,,16,minor,,,
House of the Dragon,2022,2024,Sci-Fi & Fantasy|Drama|Action & Adventure,94997,tv,Tom Bennett,126457,2,,,Ulf,,,,,17,minor,,,
House of the Dragon,2022,2024,Sci-Fi & Fantasy|Drama|Action & Adventure,94997,tv,Kieran Bew,176199,2,,,Hugh,,,,,18,minor,,,
House of the Dragon,2022,2024,Sci-Fi & Fantasy|Drama|Action & Adventure,94997,tv,Kurt Egyiawan,1526130,2,,,Grand Maester Orwyle,,,,,19,minor,,,
House of the Dragon,2022,2024,Sci-Fi & Fantasy|Drama|Action & Adventure,94997,tv,Freddie Fox,1014931,2,,,Ser Gwayne Hightower,,,,,20,minor,,,
This Is Us,2016,2022,Drama,67136,tv,Milo Ventimiglia,16501,2,,,Jack Pearson,,,,,1,lead,,,
This Is Us,2016,2022,Drama,67136,tv,Mandy Moore,16855,1,,,Rebecca Pearson,,,,,2,lead,,,
This Is Us,2016,2022,Drama,67136,tv,Sterling K. Brown,1225953,2,,,Randall Pearson,,,,,3,lead,,,
This Is Us,2016,2022,Drama,67136,tv,Chrissy Metz,1655001,1,,,Kate Pearson,,,,,4,supporting,,,
This Is Us,2016,2022,Drama,67136,tv,Justin Hartley,1222596,2,,,Kevin Pearson,,,,,5,supporting,,,
This Is Us,2016,2022,Drama,67136,tv,Susan Kelechi Watson,155228,1,,,Beth Pearson,,,,,6,supporting,,,
This Is Us,2016,2022,Drama,67136,tv,Chris Sullivan,1293892,2,,,Toby Damon,,,,,7,supporting,,,
This Is Us,2016,2022,Drama,67136,tv,Jon Huertas,62095,2,,,Miguel Rivas,,,,,8,supporting,,,
Without a Trace,2002,2009,Crime|Mystery|Action & Adventure|Drama,2593,tv,Anthony LaPaglia,57829,2,,,Jack Malone,,,,,1,lead,,,
Without a Trace,2002,2009,Crime|Mystery|Action & Adventure|Drama,2593,tv,Poppy Montgomery,77028,1,,,Samantha Spade,,,,,2,lead,,,
Without a Trace,2002,2009,Crime|Mystery|Action & Adventure|Drama,2593,tv,Marianne Jean-Baptiste,17352,1,,,Vivian Johnson,,,,,3,lead,,,
Without a Trace,2002,2009,Crime|Mystery|Action & Adventure|Drama,2593,tv,Enrique Murciano,12798,2,,,Danny Taylor,,,,,4,supporting,,,
Without a Trace,2002,2009,Crime|Mystery|Action & Adventure|Drama,2593,tv,Roselyn Sánchez,41901,1,,,Elena Delgado,,,,,5,supporting,,,
Without a Trace,2002,2009,Crime|Mystery|Action & Adventure|Drama,2593,tv,Eric Close,119520,2,,,Martin Fitzgerald,,,,,6,supporting,,,
Westworld,2016,2022,Sci-Fi & Fantasy|Western,63247,tv,Evan Rachel Wood,38940,1,,,Christina,,,,,2,lead,,,
Westworld,2016,2022,Sci-Fi & Fantasy|Western,63247,tv,Thandiwe Newton,9030,1,,,Maeve Millay,,,,,3,lead,,,
Westworld,2016,2022,Sci-Fi & Fantasy|Western,63247,tv,Jeffrey Wright,2954,2,,,Bernard Lowe,,,,,4,supporting,,,
Westworld,2016,2022,Sci-Fi & Fantasy|Western,63247,tv,Tessa Thompson,62561,1,,,Charlotte Hale,,,,,5,supporting,,,
Westworld,2016,2022,Sci-Fi & Fantasy|Western,63247,tv,Aaron Paul,84497,2,,,Caleb Nichols,,,,,6,supporting,,,
Westworld,2016,2022,Sci-Fi & Fantasy|Western,63247,tv,James Marsden,11006,2,,,Theodore 'Teddy' Flood,,,,,7,supporting,,,
Westworld,2016,2022,Sci-Fi & Fantasy|Western,63247,tv,Angela Sarafyan,85143,1,,,Clementine Pennyfeather,,,,,8,supporting,,,
Westworld,2016,2022,Sci-Fi & Fantasy|Western,63247,tv,Ed Harris,228,2,,,Man in Black,,,,,12,minor,,,
Curb Your Enthusiasm,2000,2024,Comedy,4546,tv,Larry David,16376,2,,,Larry David,,,,,1,lead,,,
Curb Your Enthusiasm,2000,2024,Comedy,4546,tv,Jeff Garlin,60074,2,,,Jeff Greene,,,,,2,lead,,,
Curb Your Enthusiasm,2000,2024,Comedy,4546,tv,Susie Essman,56910,1,,,Susie Greene,,,,,3,lead,,,
Curb Your Enthusiasm,2000,2024,Comedy,4546,tv,Cheryl Hines,57854,1,,,Cheryl David,,,,,4,supporting,,,
Curb Your Enthusiasm,2000,2024,Comedy,4546,tv,JB Smoove,65920,2,,,Leon,,,,,5,supporting,,,
The Fugitive,1963,1967,Action & Adventure|Drama|Mystery,10083,tv,David Janssen,51377,2,,,Richard Kimble,,,,,1,lead,,,
The Fugitive,1963,1967,Action & Adventure|Drama|Mystery,10083,tv,Barry Morse,101851,2,,,Lieutenant Gerard,,,,,2,lead,,,
The Fugitive,1963,1967,Action & Adventure|Drama|Mystery,10083,tv,William Conrad,16412,2,,,Narrator,,,,,3,lead,,,
The Fugitive,1963,1967,Action & Adventure|Drama|Mystery,10083,tv,Paul Birch,98450,2,,,,,,,,4,supporting,,,
The West Wing,1999,2006,Drama,688,tv,Martin Sheen,8349,2,,,Josiah Bartlet,,,,,1,lead,,,
The West Wing,1999,2006,Drama,688,tv,Allison Janney,19,1,,,C.J. Cregg,,,,,3,lead,,,
The West Wing,1999,2006,Drama,688,tv,John Spencer,34691,2,,,Leo McGarry,,,,,6,supporting,,,
The West Wing,1999,2006,Drama,688,tv,Bradley Whitford,11367,2,,,Josh Lyman,,,,,7,supporting,,,
The West Wing,1999,2006,Drama,688,tv,Joshua Malina,131642,2,,,Will Bailey,,,,,10,supporting,,,
The West Wing,1999,2006,Drama,688,tv,Alan Alda,21278,2,,,Arnold Vinick,,,,,11,minor,,,
The West Wing,1999,2006,Drama,688,tv,Jimmy Smits,33181,2,,,Matthew Santos,,,,,12,minor,,,
The West Wing,1999,2006,Drama,688,tv,Kristin Chenoweth,52775,1,,,Annabeth Schott,,,,,14,minor,,,
The West Wing,1999,2006,Drama,688,tv,Mary McCormack,1980,1,,,Kate Harper,,,,,15,minor,,,
MacGyver,1985,1992,Drama|Action & Adventure|Crime,2875,tv,Richard Dean Anderson,26085,2,,,Angus MacGyver,,,,,1,lead,,,
MacGyver,1985,1992,Drama|Action & Adventure|Crime,2875,tv,Dana Elcar,37712,2,,,Pete Thornton,,,,,2,lead,,,
Perry Mason,1957,1966,Mystery|Drama|Crime,4177,tv,Raymond Burr,7685,2,,,Perry Mason,,,,,1,lead,,,
Perry Mason,1957,1966,Mystery|Drama|Crime,4177,tv,Barbara Hale,109701,1,,,Della Street,,,,,2,lead,,,
Perry Mason,1957,1966,Mystery|Drama|Crime,4177,tv,William Hopper,2776,2,,,Paul Drake,,,,,3,lead,,,
Perry Mason,1957,1966,Mystery|Drama|Crime,4177,tv,William Talman,89581,2,,,Hamilton Burger,,,,,4,supporting,,,
Perry Mason,1957,1966,Mystery|Drama|Crime,4177,tv,Ray Collins,14518,2,,,Lieutenant Tragg,,,,,5,supporting,,,
The Colbert Report,2005,2014,News|Comedy,4385,tv,Stephen Colbert,58769,2,,,Self - Host,,,,,1,lead,,,
"Murder, She Wrote",1984,1996,Mystery|Crime|Drama,484,tv,Angela Lansbury,14730,1,,,Jessica Fletcher,,,,,1,lead,,,
The Crown,2016,2023,Drama,65494,tv,Imelda Staunton,11356,1,,,Queen Elizabeth II,,,,,2,lead,,,
The Crown,2016,2023,Drama,65494,tv,Jonathan Pryce,378,2,,,"Prince Philip, Duke of Edinburgh",,,,,3,lead,,,
The Crown,2016,2023,Drama,65494,tv,Lesley Manville,72305,1,,,Princess Margaret,,,,,5,supporting,,,
The Crown,2016,2023,Drama,65494,tv,Dominic West,17287,2,,,Prince Charles,,,,,6,supporting,,,
The Crown,2016,2023,Drama,65494,tv,Claudia Harrison,79127,1,,,Princess Anne,,,,,9,supporting,,,
The Crown,2016,2023,Drama,65494,tv,Marcia Warren,1212145,1,,,Queen Elizabeth the Queen Mother,,,,,11,minor,,,
Brooklyn Nine-Nine,2013,2021,Comedy|Crime,48891,tv,Andy Samberg,62861,2,,,Jake Peralta,,,,,1,lead,,,
Brooklyn Nine-Nine,2013,2021,Comedy|Crime,48891,tv,Melissa Fumero,1220767,1,,,Amy Santiago,,,,,2,lead,,,
Brooklyn Nine-Nine,2013,2021,Comedy|Crime,48891,tv,Terry Crews,53256,2,,,Terry Jeffords,,,,,3,lead,,,
Brooklyn Nine-Nine,2013,2021,Comedy|Crime,48891,tv,Joe Lo Truglio,21131,2,,,Charles Boyle,,,,,4,supporting,,,
Brooklyn Nine-Nine,2013,2021,Comedy|Crime,48891,tv,Stephanie Beatriz,968367,1,,,Rosa Diaz,,,,,5,supporting,,,
Brooklyn Nine-Nine,2013,2021,Comedy|Crime,48891,tv,Andre Braugher,6861,2,,,Raymond Holt,,,,,6,supporting,,,
Brooklyn Nine-Nine,2013,2021,Comedy|Crime,48891,tv,Dirk Blocker,123016,2,,,Michael Hitchcock,,,,,7,supporting,,,
Brooklyn Nine-Nine,2013,2021,Comedy|Crime,48891,tv,Joel McKinnon Miller,88950,2,,,Norman Scully,,,,,8,supporting,,,
Dallas,1978,1991,Soap|Drama|Family,40,tv,Patrick Duffy,112574,2,,,Bobby Ewing,,,,,1,lead,,,
Dallas,1978,1991,Soap|Drama|Family,40,tv,Kimberly Foster,1006838,1,,,Michelle Stevens Ewing,,,,,4,supporting,,,
Dallas,1978,1991,Soap|Drama|Family,40,tv,Larry Hagman,6840,2,,,J.R. Ewing,,,,,6,supporting,,,
Dallas,1978,1991,Soap|Drama|Family,40,tv,Ken Kercheval,41350,2,,,Cliff Barnes,,,,,7,supporting,,,
Mannix,1967,1975,Action & Adventure|Crime|Mystery|Drama,2813,tv,Mike Connors,29718,2,,,Joe Mannix,,,,,1,lead,,,
Mannix,1967,1975,Action & Adventure|Crime|Mystery|Drama,2813,tv,Gail Fisher,160326,1,,,Peggy Fair,,,,,2,lead,,,
Mannix,1967,1975,Action & Adventure|Crime|Mystery|Drama,2813,tv,Larry Storch,151644,2,,,Wing Dobson,,,,,4,supporting,,,
Mannix,1967,1975,Action & Adventure|Crime|Mystery|Drama,2813,tv,Robyn Millan,5490901,0,,,Susan McAndrew,,,,,5,supporting,,,
Bonanza,1959,1973,Western|Action & Adventure|Drama|Family,1018,tv,Lorne Greene,40181,2,,,Ben Cartwright,,,,,1,lead,,,
Bonanza,1959,1973,Western|Action & Adventure|Drama|Family,1018,tv,Michael Landon,116771,2,,,Joe Cartwright,,,,,4,supporting,,,
Bonanza,1959,1973,Western|Action & Adventure|Drama|Family,1018,tv,David Canary,160899,2,,,Candy Canaday,,,,,5,supporting,,,
Bonanza,1959,1973,Western|Action & Adventure|Drama|Family,1018,tv,Tim Matheson,21561,2,,,Griff King,,,,,6,supporting,,,
Bonanza,1959,1973,Western|Action & Adventure|Drama|Family,1018,tv,Mitch Vogel,49359,2,,,Jamie Hunter Cartwright,,,,,7,supporting,,,
Bob's Burgers,2011,2026,Animation|Comedy,32726,tv,H. Jon Benjamin,185773,2,,,Bob Belcher (voice),,,,,1,lead,,,
Bob's Burgers,2011,2026,Animation|Comedy,32726,tv,John Roberts,1251981,2,,,Linda Belcher (voice),,,,,2,lead,,,
Bob's Burgers,2011,2026,Animation|Comedy,32726,tv,Kristen Schaal,109869,1,,,Louise Belcher (voice),,,,,3,lead,,,
Bob's Burgers,2011,2026,Animation|Comedy,32726,tv,Eugene Mirman,1217563,2,,,Gene Belcher (voice),,,,,4,supporting,,,
Bob's Burgers,2011,2026,Animation|Comedy,32726,tv,Dan Mintz,224512,2,,,Tina Belcher (voice),,,,,5,supporting,,,
Bob's Burgers,2011,2026,Animation|Comedy,32726,tv,Larry Murphy,1230596,2,,,Teddy (voice),,,,,6,supporting,,,
Star Trek: The Next Generation,1987,1994,Sci-Fi & Fantasy|Action & Adventure|Drama|Mystery,655,tv,Patrick Stewart,2387,2,,,Jean-Luc Picard,,,,,1,lead,,,
Star Trek: The Next Generation,1987,1994,Sci-Fi & Fantasy|Action & Adventure|Drama|Mystery,655,tv,Jonathan Frakes,2388,2,,,William T. Riker,,,,,2,lead,,,
Star Trek: The Next Generation,1987,1994,Sci-Fi & Fantasy|Action & Adventure|Drama|Mystery,655,tv,Brent Spiner,1213786,2,,,Data,,,,,4,supporting,,,
Star Trek: The Next Generation,1987,1994,Sci-Fi & Fantasy|Action & Adventure|Drama|Mystery,655,tv,LeVar Burton,2390,2,,,Geordi La Forge,,,,,5,supporting,,,
Star Trek: The Next Generation,1987,1994,Sci-Fi & Fantasy|Action & Adventure|Drama|Mystery,655,tv,Michael Dorn,2391,2,,,Worf,,,,,6,supporting,,,
Star Trek: The Next Generation,1987,1994,Sci-Fi & Fantasy|Action & Adventure|Drama|Mystery,655,tv,Marina Sirtis,2393,1,,,Deanna Troi,,,,,7,supporting,,,
Star Trek: The Next Generation,1987,1994,Sci-Fi & Fantasy|Action & Adventure|Drama|Mystery,655,tv,Gates McFadden,2392,1,,,Beverly Crusher,,,,,8,supporting,,,
The Resident,2018,2023,Drama,74016,tv,Matt Czuchry,55547,2,,,Conrad Hawkins,,,,,1,lead,,,
The Resident,2018,2023,Drama,74016,tv,Manish Dayal,964971,2,,,Devon Pravesh,,,,,3,lead,,,
The Resident,2018,2023,Drama,74016,tv,Malcolm-Jamal Warner,40259,2,,,AJ Austin,,,,,5,supporting,,,
The Resident,2018,2023,Drama,74016,tv,Jessica Lucas,51989,1,,,Billie Sutton,,,,,6,supporting,,,
The Resident,2018,2023,Drama,74016,tv,Bruce Greenwood,21089,2,,,Randolph Bell,,,,,7,supporting,,,
The Resident,2018,2023,Drama,74016,tv,Anuja Joshi,2404163,1,,,Leela Devi,,,,,8,supporting,,,
The Resident,2018,2023,Drama,74016,tv,Jane Leeves,52951,1,,,Kit Voss,,,,,9,supporting,,,
The Resident,2018,2023,Drama,74016,tv,Andrew McCarthy,37041,2,,,Ian Sullivan,,,,,14,minor,,,
The Resident,2018,2023,Drama,74016,tv,Kaley Ronayne,1756138,1,,,Kincaid Sullivan,,,,,15,minor,,,
The Handmaid's Tale,2017,2025,Drama|Sci-Fi & Fantasy|Action & Adventure,69478,tv,Elisabeth Moss,32798,1,,,June Osborne / Offred / Ofjoseph,,,,,1,lead,,,
The Handmaid's Tale,2017,2025,Drama|Sci-Fi & Fantasy|Action & Adventure,69478,tv,Yvonne Strahovski,63312,1,,,Serena Joy Waterford,,,,,2,lead,,,
The Handmaid's Tale,2017,2025,Drama|Sci-Fi & Fantasy|Action & Adventure,69478,tv,Samira Wiley,1034197,1,,,Moira Strand,,,,,8,supporting,,,
Teen Titans Go!,2013,2026,Animation|Action & Adventure|Comedy|Family|Sci-Fi & Fantasy,45140,tv,Scott Menville,113916,2,,,Robin (voice),,,,,1,lead,,,
Teen Titans Go!,2013,2026,Animation|Action & Adventure|Comedy|Family|Sci-Fi & Fantasy,45140,tv,Greg Cipes,60227,2,,,Beast Boy (voice),,,,,2,lead,,,
Teen Titans Go!,2013,2026,Animation|Action & Adventure|Comedy|Family|Sci-Fi & Fantasy,45140,tv,Khary Payton,65640,2,,,Cyborg (voice),,,,,3,lead,,,
Teen Titans Go!,2013,2026,Animation|Action & Adventure|Comedy|Family|Sci-Fi & Fantasy,45140,tv,Tara Strong,15762,1,,,Raven (voice),,,,,4,supporting,,,
Teen Titans Go!,2013,2026,Animation|Action & Adventure|Comedy|Family|Sci-Fi & Fantasy,45140,tv,Hynden Walch,113919,1,,,Starfire (voice),,,,,5,supporting,,,
South Park,1997,2025,Animation|Comedy,2190,tv,Trey Parker,34517,2,,,Eric Cartman / Stan Marsh (voice),,,,,1,lead,,,
South Park,1997,2025,Animation|Comedy,2190,tv,Matt Stone,34518,2,,,Kyle Broflovski / Kenny McCormick (voice),,,,,2,lead,,,
South Park,1997,2025,Animation|Comedy,2190,tv,Mona Marshall,111466,1,,,Sheila Broflovski (voice),,,,,5,supporting,,,
South Park,1997,2025,Animation|Comedy,2190,tv,Jennifer Howell,1229787,1,,,Bebe Stevens (voice),,,,,12,minor,,,
SEAL Team,2017,2024,Action & Adventure|Drama|War & Politics,71789,tv,David Boreanaz,25934,2,,,Jason Hayes,,,,,1,lead,,,
SEAL Team,2017,2024,Action & Adventure|Drama|War & Politics,71789,tv,Neil Brown Jr.,55091,2,,,Ray Perry,,,,,3,lead,,,
SEAL Team,2017,2024,Action & Adventure|Drama|War & Politics,71789,tv,A.J. Buckley,60460,2,,,Sonny Quinn,,,,,4,supporting,,,
SEAL Team,2017,2024,Action & Adventure|Drama|War & Politics,71789,tv,Toni Trucks,105831,1,,,Lisa Davis,,,,,5,supporting,,,
SEAL Team,2017,2024,Action & Adventure|Drama|War & Politics,71789,tv,Beau Knapp,1078613,2,,,Drew Franklin,,,,,6,supporting,,,
SEAL Team,2017,2024,Action & Adventure|Drama|War & Politics,71789,tv,Tyler Grey,1727023,2,,,Trent Sawyer,,,,,7,supporting,,,
SEAL Team,2017,2024,Action & Adventure|Drama|War & Politics,71789,tv,Justin Melnick,2846013,2,,,Brock Reynolds,,,,,10,supporting,,,
SEAL Team,2017,2024,Action & Adventure|Drama|War & Politics,71789,tv,Raffi Barsoumian,2283764,2,,,Omar Hamza,,,,,12,minor,,,
Real Time with Bill Maher,2003,2026,Comedy|Talk,4419,tv,Bill Maher,74086,2,,,Self - Host,,,,,1,lead,,,
Dawson's Creek,1998,2003,Drama|Soap,2327,tv,James Van Der Beek,19210,2,,,Dawson Leery,,,,,1,lead,,,
Dawson's Creek,1998,2003,Drama|Soap,2327,tv,Katie Holmes,3897,1,,,Joey Potter,,,,,2,lead,,,
Dawson's Creek,1998,2003,Drama|Soap,2327,tv,Michelle Williams,1812,1,,,Jen Lindley,,,,,3,lead,,,
Dawson's Creek,1998,2003,Drama|Soap,2327,tv,Joshua Jackson,11866,2,,,Pacey Witter,,,,,4,supporting,,,
Dawson's Creek,1998,2003,Drama|Soap,2327,tv,Kerr Smith,43442,2,,,Jack McPhee,,,,,6,supporting,,,
Dawson's Creek,1998,2003,Drama|Soap,2327,tv,Busy Philipps,60928,1,,,Audrey Liddell,,,,,7,supporting,,,
Dawson's Creek,1998,2003,Drama|Soap,2327,tv,Mary Beth Peil,36554,1,,,Evelyn 'Grams' Ryan,,,,,10,supporting,,,
The White Lotus,2021,2025,Comedy|Drama|Mystery,111803,tv,Leslie Bibb,57451,1,,,Kate Bohr,,,,,1,lead,,,
The White Lotus,2021,2025,Comedy|Drama|Mystery,111803,tv,Carrie Coon,1308445,1,,,Laurie Duffy,,,,,2,lead,,,
The White Lotus,2021,2025,Comedy|Drama|Mystery,111803,tv,Walton Goggins,27740,2,,,Rick Hatchett,,,,,3,lead,,,
The White Lotus,2021,2025,Comedy|Drama|Mystery,111803,tv,Sarah Catherine Hook,2485582,1,,,Piper Ratliff,,,,,4,supporting,,,
The White Lotus,2021,2025,Comedy|Drama|Mystery,111803,tv,Jason Isaacs,11355,2,,,Timothy Ratliff,,,,,5,supporting,,,
The White Lotus,2021,2025,Comedy|Drama|Mystery,111803,tv,Parker Posey,7489,1,,,Victoria Ratliff,,,,,6,supporting,,,
The White Lotus,2021,2025,Comedy|Drama|Mystery,111803,tv,Patrick Schwarzenegger,1053422,2,,,Saxon Ratliff,,,,,7,supporting,,,
The White Lotus,2021,2025,Comedy|Drama|Mystery,111803,tv,Tayme Thapthimthong,5166476,2,,,Gaitok,,,,,8,supporting,,,
The White Lotus,2021,2025,Comedy|Drama|Mystery,111803,tv,Aimee Lou Wood,2201317,1,,,Chelsea,,,,,9,supporting,,,
The White Lotus,2021,2025,Comedy|Drama|Mystery,111803,tv,LISA,1875844,1,,,Mook,,,,,10,supporting,,,
The White Lotus,2021,2025,Comedy|Drama|Mystery,111803,tv,Michelle Monaghan,11705,1,,,Jaclyn Lemon,,,,,11,minor,,,
The White Lotus,2021,2025,Comedy|Drama|Mystery,111803,tv,Natasha Rothwell,1546282,1,,,Belinda Lindsey,,,,,12,minor,,,
The White Lotus,2021,2025,Comedy|Drama|Mystery,111803,tv,Sam Nivola,3153829,2,,,Lochlan Ratliff,,,,,13,minor,,,
The White Lotus,2021,2025,Comedy|Drama|Mystery,111803,tv,Patravadi Mejudhon,1346054,1,,,Sritala Hollinger,,,,,14,minor,,,
Dancing with the Stars,2005,2025,Reality|Family,1508,tv,Alfonso Ribeiro,169440,2,,,Self - Host,,,,,1,lead,,,
Dancing with the Stars,2005,2025,Reality|Family,1508,tv,Julianne Hough,143240,1,,,Self - Host,,,,,3,lead,,,
Dancing with the Stars,2005,2025,Reality|Family,1508,tv,Derek Hough,1019545,2,,,Self - Judge,,,,,6,supporting,,,
Dancing with the Stars,2005,2025,Reality|Family,1508,tv,Carrie Ann Inaba,14391,1,,,Self - Judge,,,,,7,supporting,,,
Dancing with the Stars,2005,2025,Reality|Family,1508,tv,Bruno Tonioli,1229317,2,,,Self - Judge,,,,,8,supporting,,,
Phineas and Ferb,2007,2026,Animation|Comedy|Family|Sci-Fi & Fantasy,1877,tv,Vincent Martella,188024,2,,,Phineas Flynn (voice),,,,,1,lead,,,
Phineas and Ferb,2007,2026,Animation|Comedy|Family|Sci-Fi & Fantasy,1877,tv,David Errigo Jr.,1661268,2,,,Ferb Fletcher (voice),,,,,3,lead,,,
Phineas and Ferb,2007,2026,Animation|Comedy|Family|Sci-Fi & Fantasy,1877,tv,Ashley French,67600,1,,,Candace Flynn (voice),,,,,4,supporting,,,
Phineas and Ferb,2007,2026,Animation|Comedy|Family|Sci-Fi & Fantasy,1877,tv,Caroline Rhea,86905,1,,,Linda Flynn-Fletcher (voice),,,,,5,supporting,,,
Phineas and Ferb,2007,2026,Animation|Comedy|Family|Sci-Fi & Fantasy,1877,tv,Dee Bradley Baker,23680,2,,,Perry the Platypus (voice),,,,,6,supporting,,,
Phineas and Ferb,2007,2026,Animation|Comedy|Family|Sci-Fi & Fantasy,1877,tv,Alyson Stoner,58965,3,,,Isabella Garcia-Shapiro (voice),,,,,7,supporting,,,
Phineas and Ferb,2007,2026,Animation|Comedy|Family|Sci-Fi & Fantasy,1877,tv,Dan Povenmire,104644,2,,,Heinz Doofenshmirtz (voice),,,,,9,supporting,,,
Phineas and Ferb,2007,2026,Animation|Comedy|Family|Sci-Fi & Fantasy,1877,tv,Jeff 'Swampy' Marsh,567615,2,,,Francis Monogram (voice),,,,,10,supporting,,,
For All Mankind,2019,2026,Drama|Sci-Fi & Fantasy|War & Politics,87917,tv,Toby Kebbell,20286,2,,,Miles Dale,,,,,2,lead,,,
For All Mankind,2019,2026,Drama|Sci-Fi & Fantasy|War & Politics,87917,tv,Mireille Enos,175826,1,,,Celia Boyd,,,,,4,supporting,,,
For All Mankind,2019,2026,Drama|Sci-Fi & Fantasy|War & Politics,87917,tv,Edi Gathegi,39391,2,,,Dev Ayesa,,,,,5,supporting,,,
For All Mankind,2019,2026,Drama|Sci-Fi & Fantasy|War & Politics,87917,tv,Cynthy Wu,1550779,1,,,Kelly Baldwin,,,,,8,supporting,,,
For All Mankind,2019,2026,Drama|Sci-Fi & Fantasy|War & Politics,87917,tv,Coral Peña,1636811,1,,,Aleida Rosales,,,,,9,supporting,,,
For All Mankind,2019,2026,Drama|Sci-Fi & Fantasy|War & Politics,87917,tv,Costa Ronin,130323,2,,,Leonid 'Lenya' Polivanov,,,,,10,supporting,,,
For All Mankind,2019,2026,Drama|Sci-Fi & Fantasy|War & Politics,87917,tv,Sean Kaufman,1193371,2,,,Alex Poletov Baldwin,,,,,12,minor,,,
For All Mankind,2019,2026,Drama|Sci-Fi & Fantasy|War & Politics,87917,tv,Ruby Cruz,2806036,1,,,Lily Dale,,,,,13,minor,,,
For All Mankind,2019,2026,Drama|Sci-Fi & Fantasy|War & Politics,87917,tv,Wrenn Schmidt,205772,1,,,Margo Madison,,,,,15,minor,,,
For All Mankind,2019,2026,Drama|Sci-Fi & Fantasy|War & Politics,87917,tv,Ines Asserson,2108181,1,,,Avery 'AJ' Jarrett,,,,,17,minor,,,
Mom,2013,2021,Comedy|Drama,49011,tv,Allison Janney,19,1,,,Bonnie Plunkett,,,,,2,lead,,,
Mom,2013,2021,Comedy|Drama,49011,tv,Jaime Pressly,56824,1,,,Jill Kendall,,,,,4,supporting,,,
Mom,2013,2021,Comedy|Drama,49011,tv,Mimi Kennedy,91495,1,,,Marjorie Armstrong-Perugian,,,,,5,supporting,,,
Mom,2013,2021,Comedy|Drama,49011,tv,Kristen Johnston,13635,1,,,Tammy Diffendor,,,,,6,supporting,,,
Mom,2013,2021,Comedy|Drama,49011,tv,Beth Hall,199704,1,,,Wendy Harris,,,,,7,supporting,,,
Mom,2013,2021,Comedy|Drama,49011,tv,William Fichtner,886,2,,,Adam Janikowski,,,,,8,supporting,,,
Star Wars: The Clone Wars,2008,2020,Action & Adventure|Sci-Fi & Fantasy|Animation,4194,tv,Ashley Eckstein,41345,1,,,Ahsoka Tano (voice),,,,,1,lead,,,
Star Wars: The Clone Wars,2008,2020,Action & Adventure|Sci-Fi & Fantasy|Animation,4194,tv,Matt Lanter,34202,2,,,Anakin Skywalker (voice),,,,,2,lead,,,
Star Wars: The Clone Wars,2008,2020,Action & Adventure|Sci-Fi & Fantasy|Animation,4194,tv,James Arnold Taylor,19506,2,,,Obi-Wan Kenobi (voice),,,,,4,supporting,,,
Star Wars: The Clone Wars,2008,2020,Action & Adventure|Sci-Fi & Fantasy|Animation,4194,tv,Dee Bradley Baker,23680,2,,,Clone Troopers (voice),,,,,5,supporting,,,
Star Wars: The Clone Wars,2008,2020,Action & Adventure|Sci-Fi & Fantasy|Animation,4194,tv,Tom Kane,71535,2,,,Yoda / Wullf Yularen / Narrator (voice),,,,,6,supporting,,,
The Closer,2005,2012,Crime|Drama|Mystery,1450,tv,Kyra Sedgwick,26467,1,,,Brenda Leigh Johnson,,,,,1,lead,,,
The Closer,2005,2012,Crime|Drama|Mystery,1450,tv,J.K. Simmons,18999,2,,,Will Pope,,,,,2,lead,,,
The Closer,2005,2012,Crime|Drama|Mystery,1450,tv,Corey Reynolds,8694,2,,,David Gabriel,,,,,3,lead,,,
The Closer,2005,2012,Crime|Drama|Mystery,1450,tv,Robert Gossett,15251,2,,,Russell Taylor,,,,,4,supporting,,,
The Closer,2005,2012,Crime|Drama|Mystery,1450,tv,G.W. Bailey,27237,2,,,Louie Provenza,,,,,5,supporting,,,
The Closer,2005,2012,Crime|Drama|Mystery,1450,tv,Tony Denison,85154,2,,,Andy Flynn,,,,,6,supporting,,,
The Closer,2005,2012,Crime|Drama|Mystery,1450,tv,Michael Paul Chan,17355,2,,,Mike Tao,,,,,7,supporting,,,
The Closer,2005,2012,Crime|Drama|Mystery,1450,tv,Phillip P. Keene,1224689,2,,,Officer Buzz Watson,,,,,8,supporting,,,
The Closer,2005,2012,Crime|Drama|Mystery,1450,tv,Jon Tenney,4602,2,,,Special Agent Fritz Howard,,,,,9,supporting,,,
The Closer,2005,2012,Crime|Drama|Mystery,1450,tv,Raymond Cruz,58650,2,,,Julio Sanchez,,,,,11,minor,,,
The Closer,2005,2012,Crime|Drama|Mystery,1450,tv,Mary McDonnell,1581,1,,,Captain Sharon Raydor,,,,,12,minor,,,
The Closer,2005,2012,Crime|Drama|Mystery,1450,tv,Matt McCoy,42206,2,,,Kevin Adams,,,,,14,minor,,,
Buffy the Vampire Slayer,1997,2003,Sci-Fi & Fantasy|Drama|Action & Adventure,95,tv,Sarah Michelle Gellar,11863,1,,,Buffy Summers,,,,,1,lead,,,
Buffy the Vampire Slayer,1997,2003,Sci-Fi & Fantasy|Drama|Action & Adventure,95,tv,Nicholas Brendon,71675,2,,,Xander Harris,,,,,2,lead,,,
Buffy the Vampire Slayer,1997,2003,Sci-Fi & Fantasy|Drama|Action & Adventure,95,tv,Alyson Hannigan,21595,1,,,Willow Rosenberg,,,,,3,lead,,,
Buffy the Vampire Slayer,1997,2003,Sci-Fi & Fantasy|Drama|Action & Adventure,95,tv,Emma Caulfield,66745,1,,,Anya,,,,,4,supporting,,,
Buffy the Vampire Slayer,1997,2003,Sci-Fi & Fantasy|Drama|Action & Adventure,95,tv,Michelle Trachtenberg,49961,1,,,Dawn Summers,,,,,7,supporting,,,
Buffy the Vampire Slayer,1997,2003,Sci-Fi & Fantasy|Drama|Action & Adventure,95,tv,James Marsters,47297,2,,,Spike,,,,,11,minor,,,
Married... with Children,1987,1997,Comedy,4239,tv,Ed O'Neill,18977,2,,,Al Bundy,,,,,1,lead,,,
Married... with Children,1987,1997,Comedy,4239,tv,Katey Sagal,18980,1,,,Peggy Bundy,,,,,2,lead,,,
Married... with Children,1987,1997,Comedy,4239,tv,Amanda Bearse,18981,1,,,Marcy D'Arcy,,,,,5,supporting,,,
Married... with Children,1987,1997,Comedy,4239,tv,Christina Applegate,18979,1,,,Kelly Bundy,,,,,6,supporting,,,
Married... with Children,1987,1997,Comedy,4239,tv,David Faustino,18978,2,,,Bud Bundy,,,,,7,supporting,,,
Married... with Children,1987,1997,Comedy,4239,tv,Ted McGinley,18982,2,,,Jefferson D'Arcy,,,,,8,supporting,,,
Star Trek: Voyager,1995,2001,Sci-Fi & Fantasy|Drama|Action & Adventure,1855,tv,Kate Mulgrew,35317,1,,,Kathryn Janeway,,,,,1,lead,,,
Star Trek: Voyager,1995,2001,Sci-Fi & Fantasy|Drama|Action & Adventure,1855,tv,Robert Beltran,50880,2,,,Chakotay,,,,,2,lead,,,
Star Trek: Voyager,1995,2001,Sci-Fi & Fantasy|Drama|Action & Adventure,1855,tv,Roxann Dawson,34396,1,,,B'Elanna Torres,,,,,3,lead,,,
Star Trek: Voyager,1995,2001,Sci-Fi & Fantasy|Drama|Action & Adventure,1855,tv,Robert Duncan McNeill,74065,2,,,Tom Paris,,,,,4,supporting,,,
Star Trek: Voyager,1995,2001,Sci-Fi & Fantasy|Drama|Action & Adventure,1855,tv,Ethan Phillips,29445,2,,,Neelix,,,,,6,supporting,,,
Star Trek: Voyager,1995,2001,Sci-Fi & Fantasy|Drama|Action & Adventure,1855,tv,Robert Picardo,16180,2,,,The Doctor,,,,,7,supporting,,,
Star Trek: Voyager,1995,2001,Sci-Fi & Fantasy|Drama|Action & Adventure,1855,tv,Tim Russ,55538,2,,,Tuvok,,,,,8,supporting,,,
Star Trek: Voyager,1995,2001,Sci-Fi & Fantasy|Drama|Action & Adventure,1855,tv,Jeri Ryan,1213613,1,,,Seven of Nine,,,,,9,supporting,,,
Star Trek: Voyager,1995,2001,Sci-Fi & Fantasy|Drama|Action & Adventure,1855,tv,Garrett Wang,74064,2,,,Harry Kim,,,,,10,supporting,,,
CSI: NY,2004,2013,Crime|Drama|Mystery,2458,tv,Gary Sinise,33,2,,,Mac Taylor,,,,,1,lead,,,
CSI: NY,2004,2013,Crime|Drama|Mystery,2458,tv,Anna Belknap,1217942,1,,,Lindsay Monroe,,,,,4,supporting,,,
CSI: NY,2004,2013,Crime|Drama|Mystery,2458,tv,Sela Ward,6068,1,,,Jo Danville,,,,,5,supporting,,,
CSI: NY,2004,2013,Crime|Drama|Mystery,2458,tv,Carmine Giovinazzo,12800,2,,,Danny Messer,,,,,6,supporting,,,
CSI: NY,2004,2013,Crime|Drama|Mystery,2458,tv,Hill Harper,57686,2,,,Sheldon Hawkes,,,,,7,supporting,,,
CSI: NY,2004,2013,Crime|Drama|Mystery,2458,tv,Eddie Cahill,25987,2,,,Donald Flack Jr.,,,,,8,supporting,,,
CSI: NY,2004,2013,Crime|Drama|Mystery,2458,tv,Robert Joy,19976,2,,,Sid Hammerback,,,,,11,minor,,,
CSI: NY,2004,2013,Crime|Drama|Mystery,2458,tv,A.J. Buckley,60460,2,,,Adam Ross,,,,,12,minor,,,
CSI: NY,2004,2013,Crime|Drama|Mystery,2458,tv,Lester G. Reynolds,3841314,2,,,Forensic Lab Tech,,,,,13,minor,,,
Numb3rs,2005,2010,Crime|Drama|Mystery,578,tv,Rob Morrow,52602,2,,,Don Eppes,,,,,1,lead,,,
Numb3rs,2005,2010,Crime|Drama|Mystery,578,tv,David Krumholtz,38582,2,,,Charlie Eppes,,,,,2,lead,,,
Numb3rs,2005,2010,Crime|Drama|Mystery,578,tv,Judd Hirsch,6167,2,,,Alan Eppes,,,,,3,lead,,,
Numb3rs,2005,2010,Crime|Drama|Mystery,578,tv,Alimi Ballard,165284,2,,,David Sinclair,,,,,4,supporting,,,
Numb3rs,2005,2010,Crime|Drama|Mystery,578,tv,Navi Rawat,43778,1,,,Amita Ramanujan,,,,,6,supporting,,,
Numb3rs,2005,2010,Crime|Drama|Mystery,578,tv,Aya Sumika,1211965,1,,,Liz Warner,,,,,7,supporting,,,
Numb3rs,2005,2010,Crime|Drama|Mystery,578,tv,Dylan Bruno,52476,2,,,Colby Granger,,,,,9,supporting,,,
Numb3rs,2005,2010,Crime|Drama|Mystery,578,tv,Sophina Brown,1216169,1,,,Nikki Betancourt,,,,,10,supporting,,,
Marvel's Agents of S.H.I.E.L.D.,2013,2020,Drama|Sci-Fi & Fantasy|Action & Adventure,1403,tv,Clark Gregg,9048,2,,,Phil Coulson,,,,,1,lead,,,
Marvel's Agents of S.H.I.E.L.D.,2013,2020,Drama|Sci-Fi & Fantasy|Action & Adventure,1403,tv,Chloe Bennet,1181303,1,,,Daisy 'Skye' Johnson / Quake,,,,,3,lead,,,
Marvel's Agents of S.H.I.E.L.D.,2013,2020,Drama|Sci-Fi & Fantasy|Action & Adventure,1403,tv,Elizabeth Henstridge,1223886,1,,,Jemma Simmons,,,,,4,supporting,,,
Marvel's Agents of S.H.I.E.L.D.,2013,2020,Drama|Sci-Fi & Fantasy|Action & Adventure,1403,tv,Ming-Na Wen,21702,1,,,Melinda May,,,,,5,supporting,,,
Marvel's Agents of S.H.I.E.L.D.,2013,2020,Drama|Sci-Fi & Fantasy|Action & Adventure,1403,tv,Henry Simmons,67913,2,,,Alphonso 'Mack' Mackenzie,,,,,6,supporting,,,
Marvel's Agents of S.H.I.E.L.D.,2013,2020,Drama|Sci-Fi & Fantasy|Action & Adventure,1403,tv,Natalia Cordova-Buckley,1693947,1,,,Elena 'Yo-Yo' Rodriguez / Slingshot,,,,,8,supporting,,,
Marvel's Agents of S.H.I.E.L.D.,2013,2020,Drama|Sci-Fi & Fantasy|Action & Adventure,1403,tv,Jeff Ward,1031249,2,,,Deke Shaw,,,,,10,supporting,,,
Tulsa King,2022,2025,Crime|Drama,153312,tv,Sylvester Stallone,16483,2,,,Dwight 'The General' Manfredi,,,,,1,lead,,,
Tulsa King,2022,2025,Crime|Drama,153312,tv,Martin Starr,41089,2,,,Lawrence 'Bodhi' Geigerman,,,,,2,lead,,,
Tulsa King,2022,2025,Crime|Drama,153312,tv,Jay Will,3479133,2,,,Tyson Mitchell,,,,,3,lead,,,
Tulsa King,2022,2025,Crime|Drama,153312,tv,Annabella Sciorra,18750,1,,,Joanne,,,,,5,supporting,,,
Tulsa King,2022,2025,Crime|Drama,153312,tv,Neal McDonough,2203,2,,,Cal Thresher,,,,,7,supporting,,,
Tulsa King,2022,2025,Crime|Drama,153312,tv,Robert Patrick,418,2,,,Jeremiah Dunmire,,,,,9,supporting,,,
Tulsa King,2022,2025,Crime|Drama,153312,tv,Beau Knapp,1078613,2,,,Cole Dunmire,,,,,10,supporting,,,
Tulsa King,2022,2025,Crime|Drama,153312,tv,Bella Heathcote,234982,1,,,Cleo Montague,,,,,12,minor,,,
Tulsa King,2022,2025,Crime|Drama,153312,tv,Kevin Pollak,7166,2,,,Special Agent Musso,,,,,14,minor,,,
Tulsa King,2022,2025,Crime|Drama,153312,tv,Chris Caldovino,1184094,2,,,Goodie Carangi,,,,,17,minor,,,
Tulsa King,2022,2025,Crime|Drama,153312,tv,McKenna Quigley Harrington,3783745,1,,,Grace,,,,,18,minor,,,
Tulsa King,2022,2025,Crime|Drama,153312,tv,Michael Walden,2521055,2,,,Bigfoot,,,,,19,minor,,,
Tulsa King,2022,2025,Crime|Drama,153312,tv,Garrett Hedlund,9828,2,,,Mitch Keller,,,,,20,minor,,,
Sesame Street,1969,2026,Kids|Comedy,502,tv,Frank Oz,7908,2,,,Bert,,,,,3,lead,,,
Sesame Street,1969,2026,Kids|Comedy,502,tv,Sonia Manzano,120608,1,,,Maria Figueroa Rodriguez,,,,,5,supporting,,,
Sesame Street,1969,2026,Kids|Comedy,502,tv,Roscoe Orman,90776,2,,,Gordon Robinson,,,,,7,supporting,,,
Sesame Street,1969,2026,Kids|Comedy,502,tv,Martin P. Robinson,226789,2,,,Telly Monster/Aloysius Snuffleupagus/Irvine/Slimey (voice),,,,,8,supporting,,,
Foundation,2021,2025,Sci-Fi & Fantasy|Drama,93740,tv,Jared Harris,15440,2,,,Hari Seldon,,,,,1,lead,,,
Foundation,2021,2025,Sci-Fi & Fantasy|Drama,93740,tv,Lee Pace,72095,2,,,Brother Day,,,,,2,lead,,,
Foundation,2021,2025,Sci-Fi & Fantasy|Drama,93740,tv,Lou Llobell,2476148,1,,,Gaal Dornick,,,,,3,lead,,,
Foundation,2021,2025,Sci-Fi & Fantasy|Drama,93740,tv,Laura Birn,212815,1,,,Demerzel,,,,,5,supporting,,,
Foundation,2021,2025,Sci-Fi & Fantasy|Drama,93740,tv,Cassian Bilton,2476156,2,,,Brother Dawn,,,,,6,supporting,,,
Foundation,2021,2025,Sci-Fi & Fantasy|Drama,93740,tv,Terrence Mann,19260,2,,,Brother Dusk,,,,,7,supporting,,,
The Wire,2002,2008,Crime|Drama,1438,tv,Dominic West,17287,2,,,Jimmy McNulty,,,,,1,lead,,,
The Wire,2002,2008,Crime|Drama,1438,tv,Lance Reddick,129101,2,,,Cedric Daniels,,,,,2,lead,,,
The Wire,2002,2008,Crime|Drama,1438,tv,Sonja Sohn,203683,1,,,Kima Greggs,,,,,3,lead,,,
The Wire,2002,2008,Crime|Drama,1438,tv,Wendell Pierce,17859,2,,,Bunk Moreland,,,,,5,supporting,,,
The Wire,2002,2008,Crime|Drama,1438,tv,Michael Kenneth Williams,39390,2,,,Omar Little,,,,,6,supporting,,,
The Wire,2002,2008,Crime|Drama,1438,tv,Deirdre Lovejoy,58966,1,,,Rhonda Pearlman,,,,,7,supporting,,,
The Wire,2002,2008,Crime|Drama,1438,tv,Andre Royo,74957,2,,,Bubbles,,,,,9,supporting,,,
The Wire,2002,2008,Crime|Drama,1438,tv,John Doman,4735,2,,,William Rawls,,,,,11,minor,,,
The Wire,2002,2008,Crime|Drama,1438,tv,Clarke Peters,61011,2,,,Lester Freamon,,,,,12,minor,,,
The Wire,2002,2008,Crime|Drama,1438,tv,Jamie Hector,74123,2,,,Marlo Stanfield,,,,,14,minor,,,
The Wire,2002,2008,Crime|Drama,1438,tv,Aidan Gillen,49735,2,,,Tommy Carcetti,,,,,18,minor,,,
The Wire,2002,2008,Crime|Drama,1438,tv,Seth Gilliam,41688,2,,,Ellis Carver,,,,,20,minor,,,
Bosch,2015,2021,Mystery|Drama|Crime,60585,tv,Titus Welliver,39389,2,,,Harry Bosch,,,,,1,lead,,,
Bosch,2015,2021,Mystery|Drama|Crime,60585,tv,Jamie Hector,74123,2,,,Jerry Edgar,,,,,2,lead,,,
Bosch,2015,2021,Mystery|Drama|Crime,60585,tv,Amy Aquino,33457,1,,,Grace Billets,,,,,3,lead,,,
Bosch,2015,2021,Mystery|Drama|Crime,60585,tv,Lance Reddick,129101,2,,,Irvin Irving,,,,,5,supporting,,,
Bosch,2015,2021,Mystery|Drama|Crime,60585,tv,Madison Lintz,935720,1,,,Maddie Bosch,,,,,7,supporting,,,
M*A*S*H,1972,1983,War & Politics|Drama|Comedy,918,tv,Alan Alda,21278,2,,,Hawkeye Pierce,,,,,1,lead,,,
M*A*S*H,1972,1983,War & Politics|Drama|Comedy,918,tv,Mike Farrell,64811,2,,,B. J. Hunnicutt,,,,,2,lead,,,
M*A*S*H,1972,1983,War & Politics|Drama|Comedy,918,tv,Harry Morgan,4073,2,,,Sherman Potter,,,,,4,supporting,,,
M*A*S*H,1972,1983,War & Politics|Drama|Comedy,918,tv,Loretta Swit,55428,1,,,Margaret Houlihan,,,,,6,supporting,,,
M*A*S*H,1972,1983,War & Politics|Drama|Comedy,918,tv,David Ogden Stiers,28010,2,,,Charles Winchester,,,,,8,supporting,,,
M*A*S*H,1972,1983,War & Politics|Drama|Comedy,918,tv,Jamie Farr,55432,2,,,Maxwell Klinger,,,,,10,supporting,,,
M*A*S*H,1972,1983,War & Politics|Drama|Comedy,918,tv,William Christopher,157321,2,,,Father Mulcahy,,,,,11,minor,,,
Good Mythical Morning,2012,2026,Comedy,65701,tv,Link Neal,1176586,2,,,Self - Host,,,,,2,lead,,,
Good Mythical Morning,2012,2026,Comedy,65701,tv,Rhett McLaughlin,1176585,2,,,Self - Host,,,,,3,lead,,,
High Potential,2024,2026,Drama|Crime|Mystery,226637,tv,Kaitlin Olson,95102,1,,,Morgan Gillory,,,,,1,lead,,,
High Potential,2024,2026,Drama|Crime|Mystery,226637,tv,Daniel Sunjata,10582,2,,,Adam Karadec,,,,,2,lead,,,
High Potential,2024,2026,Drama|Crime|Mystery,226637,tv,Judy Reyes,159657,1,,,Selena Soto,,,,,3,lead,,,
High Potential,2024,2026,Drama|Crime|Mystery,226637,tv,Javicia Leslie,1697199,1,,,Daphne Forrester,,,,,4,supporting,,,
High Potential,2024,2026,Drama|Crime|Mystery,226637,tv,Deniz Akdeniz,145246,2,,,Lev 'Oz' Ozdil,,,,,5,supporting,,,
High Potential,2024,2026,Drama|Crime|Mystery,226637,tv,Amirah J,3046586,1,,,Ava Gillory,,,,,6,supporting,,,
High Potential,2024,2026,Drama|Crime|Mystery,226637,tv,Matthew Lamb,3598148,2,,,Elliot Radovic,,,,,7,supporting,,,
True Detective,2014,2024,Drama|Mystery,46648,tv,Jodie Foster,1038,1,,,Liz Danvers,,,,,2,lead,,,
True Detective,2014,2024,Drama|Mystery,46648,tv,Kali Reis,3119545,1,,,Evangeline Navarro,,,,,3,lead,,,
True Detective,2014,2024,Drama|Mystery,46648,tv,Fiona Shaw,10981,1,,,Rose Aguineau,,,,,4,supporting,,,
True Detective,2014,2024,Drama|Mystery,46648,tv,Finn Bennett,1512452,2,,,Peter Prior,,,,,6,supporting,,,
True Detective,2014,2024,Drama|Mystery,46648,tv,Isabella Star LaBlanc,3161757,1,,,Leah Danvers,,,,,7,supporting,,,
True Detective,2014,2024,Drama|Mystery,46648,tv,John Hawkes,16861,2,,,Hank Prior,,,,,9,supporting,,,
Hacks,2021,2026,Comedy|Drama,124101,tv,Jean Smart,5376,1,,,Deborah Vance,,,,,1,lead,,,
Hacks,2021,2026,Comedy|Drama,124101,tv,Hannah Einbinder,2559506,1,,,Ava,,,,,2,lead,,,
Hacks,2021,2026,Comedy|Drama,124101,tv,Carl Clemons-Hopkins,2185770,3,,,Marcus,,,,,3,lead,,,
Hacks,2021,2026,Comedy|Drama,124101,tv,Paul W. Downs,1607044,2,,,Jimmy,,,,,4,supporting,,,
Hacks,2021,2026,Comedy|Drama,124101,tv,Megan Stalter,3104487,1,,,Kayla,,,,,5,supporting,,,
Hacks,2021,2026,Comedy|Drama,124101,tv,Mark Indelicato,1224971,2,,,Damien,,,,,6,supporting,,,
Hacks,2021,2026,Comedy|Drama,124101,tv,Rose Abdoo,31507,1,,,Josefina,,,,,9,supporting,,,
Falcon Crest,1981,1990,Soap|Drama,93,tv,Jane Wyman,20391,1,,,Angela Channing,,,,,1,lead,,,
Falcon Crest,1981,1990,Soap|Drama,93,tv,David Selby,56930,2,,,Richard Channing,,,,,2,lead,,,
Falcon Crest,1981,1990,Soap|Drama,93,tv,Lorenzo Lamas,11366,2,,,Lance Cumson,,,,,4,supporting,,,
Falcon Crest,1981,1990,Soap|Drama,93,tv,Gregory Harrison,29370,2,,,Michael Sharpe,,,,,5,supporting,,,
Falcon Crest,1981,1990,Soap|Drama,93,tv,Kristian Alfonso,158011,1,,,Pilar Ortega,,,,,8,supporting,,,
Falcon Crest,1981,1990,Soap|Drama,93,tv,Chao-Li Chi,995587,2,,,Chao-Li,,,,,11,minor,,,
Falcon Crest,1981,1990,Soap|Drama,93,tv,Wendy Phillips,64857,1,,,Lauren Sharpe,,,,,14,minor,,,
Falcon Crest,1981,1990,Soap|Drama,93,tv,Andrea Thompson,121278,1,,,Genele Ericson,,,,,15,minor,,,
The Mandalorian,2019,2023,Sci-Fi & Fantasy|Action & Adventure,82856,tv,Pedro Pascal,1253360,2,,,Din Djarin / The Mandalorian,,,,,1,lead,,,
The Mandalorian,2019,2023,Sci-Fi & Fantasy|Action & Adventure,82856,tv,Katee Sackhoff,51798,1,,,Bo-Katan Kryze,,,,,4,supporting,,,
Boston Legal,2004,2008,Comedy|Drama,4598,tv,James Spader,13548,2,,,Alan Shore,,,,,1,lead,,,
Boston Legal,2004,2008,Comedy|Drama,4598,tv,William Shatner,1748,2,,,Denny Crane,,,,,2,lead,,,
Boston Legal,2004,2008,Comedy|Drama,4598,tv,Candice Bergen,11850,1,,,Shirley Schmidt,,,,,3,lead,,,
Boston Legal,2004,2008,Comedy|Drama,4598,tv,John Larroquette,14101,2,,,Carl Sack,,,,,7,supporting,,,
Boston Legal,2004,2008,Comedy|Drama,4598,tv,Tara Summers,72003,1,,,Katie Lloyd,,,,,8,supporting,,,
Boston Legal,2004,2008,Comedy|Drama,4598,tv,Christian Clemenson,41517,2,,,Jerry Espenson,,,,,12,minor,,,
Melrose Place,1992,1999,Drama|Soap,4349,tv,Thomas Calabro,81596,2,,,Michael Mancini,,,,,2,lead,,,
Melrose Place,1992,1999,Drama|Soap,4349,tv,Heather Locklear,58691,1,,,Amanda Woodward,,,,,3,lead,,,
Melrose Place,1992,1999,Drama|Soap,4349,tv,Josie Bissett,100395,1,,,Jane Mancini,,,,,5,supporting,,,
Melrose Place,1992,1999,Drama|Soap,4349,tv,Rob Estes,20960,2,,,Kyle McBride,,,,,7,supporting,,,
Melrose Place,1992,1999,Drama|Soap,4349,tv,Kelly Rutherford,53924,1,,,Megan Lewis,,,,,8,supporting,,,
Melrose Place,1992,1999,Drama|Soap,4349,tv,Jack Wagner,138887,2,,,Peter Burns,,,,,10,supporting,,,
Melrose Place,1992,1999,Drama|Soap,4349,tv,Jamie Luner,104894,1,,,Lexi Sterling,,,,,17,minor,,,
Once Upon a Time,2011,2018,Drama|Sci-Fi & Fantasy,39272,tv,Lana Parrilla,177231,1,,,Regina Mills / Evil Queen,,,,,2,lead,,,
Once Upon a Time,2011,2018,Drama|Sci-Fi & Fantasy,39272,tv,Colin O'Donoghue,235767,2,,,Captain Hook,,,,,3,lead,,,
Once Upon a Time,2011,2018,Drama|Sci-Fi & Fantasy,39272,tv,Robert Carlyle,18023,2,,,Mr. Gold / Rumplestiltskin / Weaver,,,,,4,supporting,,,
Once Upon a Time,2011,2018,Drama|Sci-Fi & Fantasy,39272,tv,Gabrielle Anwar,5503,1,,,Victoria Belfrey / Lady Tremaine,,,,,14,minor,,,
Once Upon a Time,2011,2018,Drama|Sci-Fi & Fantasy,39272,tv,Dania Ramirez,37046,1,,,Jacinda Vidrio / Cinderella,,,,,15,minor,,,
Once Upon a Time,2011,2018,Drama|Sci-Fi & Fantasy,39272,tv,Mekia Cox,202952,1,,,Sabine / Tiana,,,,,16,minor,,,
Once Upon a Time,2011,2018,Drama|Sci-Fi & Fantasy,39272,tv,Andrew J. West,211598,2,,,Henry Mills,,,,,20,minor,,,
Paradise,2025,2026,Crime|Drama,245927,tv,Sterling K. Brown,1225953,2,,,Xavier Collins,,,,,1,lead,,,
Paradise,2025,2026,Crime|Drama,245927,tv,Julianne Nicholson,86034,1,,,Samantha 'Sinatra' Redmond,,,,,2,lead,,,
Paradise,2025,2026,Crime|Drama,245927,tv,Sarah Shahi,164945,1,,,Dr. Gabriela Torabi,,,,,3,lead,,,
Paradise,2025,2026,Crime|Drama,245927,tv,Nicole Brydon Bloom,2349063,1,,,Jane Driscoll,,,,,4,supporting,,,
Paradise,2025,2026,Crime|Drama,245927,tv,Krys Marshall,1555306,1,,,Nicole Robinson,,,,,5,supporting,,,
Paradise,2025,2026,Crime|Drama,245927,tv,Enuka Okuma,90364,1,,,Dr. Teri Rogers-Collins,,,,,6,supporting,,,
Paradise,2025,2026,Crime|Drama,245927,tv,Aliyah Mastin,3261159,1,,,Presley Collins,,,,,8,supporting,,,
Paradise,2025,2026,Crime|Drama,245927,tv,Percy Daggs IV,2215763,2,,,James Collins,,,,,9,supporting,,,
Paradise,2025,2026,Crime|Drama,245927,tv,Charlie Evans,3603348,2,,,Jeremy Bradford,,,,,10,supporting,,,
The Expanse,2015,2022,Drama|Mystery|Sci-Fi & Fantasy,63639,tv,Steven Strait,54815,2,,,Jim Holden,,,,,1,lead,,,
The Expanse,2015,2022,Drama|Mystery|Sci-Fi & Fantasy,63639,tv,Dominique Tipper,1361876,1,,,Naomi Nagata,,,,,2,lead,,,
The Expanse,2015,2022,Drama|Mystery|Sci-Fi & Fantasy,63639,tv,Wes Chatham,51682,2,,,Amos Burton,,,,,4,supporting,,,
The Expanse,2015,2022,Drama|Mystery|Sci-Fi & Fantasy,63639,tv,Shohreh Aghdashloo,21041,1,,,Chrisjen Avasarala,,,,,5,supporting,,,
The Expanse,2015,2022,Drama|Mystery|Sci-Fi & Fantasy,63639,tv,Frankie Adams,1753341,1,,,Bobbie Draper,,,,,6,supporting,,,
The Expanse,2015,2022,Drama|Mystery|Sci-Fi & Fantasy,63639,tv,Cara Gee,1197122,1,,,Camina Drummer,,,,,11,minor,,,
The Expanse,2015,2022,Drama|Mystery|Sci-Fi & Fantasy,63639,tv,Nadine Nicole,1195455,1,,,Clarissa Mao,,,,,12,minor,,,
The Expanse,2015,2022,Drama|Mystery|Sci-Fi & Fantasy,63639,tv,Keon Alexander,1461433,2,,,Marco Inaros,,,,,13,minor,,,
The Expanse,2015,2022,Drama|Mystery|Sci-Fi & Fantasy,63639,tv,Jasai Chase-Owens,2499689,2,,,Filip Inaros,,,,,14,minor,,,
One Tree Hill,2003,2012,Drama,269,tv,James Lafferty,98050,2,,,Nathan Scott,,,,,2,lead,,,
One Tree Hill,2003,2012,Drama,269,tv,Bethany Joy Lenz,1118081,1,,,Haley James Scott,,,,,3,lead,,,
One Tree Hill,2003,2012,Drama,269,tv,Sophia Bush,54830,1,,,Brooke Davis,,,,,4,supporting,,,
One Tree Hill,2003,2012,Drama,269,tv,Austin Nichols,6069,2,,,Julian Baker,,,,,6,supporting,,,
One Tree Hill,2003,2012,Drama,269,tv,Robert Buckley,96792,2,,,Clay Evans,,,,,7,supporting,,,
One Tree Hill,2003,2012,Drama,269,tv,Shantel VanSanten,94423,1,,,Quinn James,,,,,8,supporting,,,
One Tree Hill,2003,2012,Drama,269,tv,Jackson Brundage,1215059,2,,,Jamie Scott,,,,,9,supporting,,,
One Tree Hill,2003,2012,Drama,269,tv,Lee Norris,166897,2,,,Marvin 'Mouth' McFadden,,,,,10,supporting,,,
One Tree Hill,2003,2012,Drama,269,tv,Lisa Goldstein Kirsch,1215043,1,,,Millicent Huxtable,,,,,12,minor,,,
One Tree Hill,2003,2012,Drama,269,tv,Stephen Colletti,141180,2,,,Chase Adams,,,,,13,minor,,,
One Tree Hill,2003,2012,Drama,269,tv,Tyler Hilton,419,2,,,Chris Keller,,,,,14,minor,,,
One Tree Hill,2003,2012,Drama,269,tv,Paul Johansson,73035,2,,,Dan Scott,,,,,17,minor,,,
The Late Late Show with Craig Ferguson,2005,2014,Comedy|Talk,14981,tv,Craig Ferguson,24264,2,,,Self - Host,,,,,2,lead,,,
Medium,2005,2011,Crime|Drama|Mystery|Sci-Fi & Fantasy,36,tv,Patricia Arquette,4687,1,,,Allison Dubois,,,,,1,lead,,,
Medium,2005,2011,Crime|Drama|Mystery|Sci-Fi & Fantasy,36,tv,Jake Weber,4177,2,,,Joe Dubois,,,,,2,lead,,,
Medium,2005,2011,Crime|Drama|Mystery|Sci-Fi & Fantasy,36,tv,Miguel Sandoval,30488,2,,,Manuel Devalos,,,,,3,lead,,,
Medium,2005,2011,Crime|Drama|Mystery|Sci-Fi & Fantasy,36,tv,David Cubitt,155282,2,,,Lee Scanlon,,,,,4,supporting,,,
Medium,2005,2011,Crime|Drama|Mystery|Sci-Fi & Fantasy,36,tv,Sofia Vassilieva,95039,1,,,Ariel Dubois,,,,,5,supporting,,,
Medium,2005,2011,Crime|Drama|Mystery|Sci-Fi & Fantasy,36,tv,Feodor Lark,87058,2,,,Bridgette Dubois,,,,,6,supporting,,,
The Middle,2009,2018,Comedy,1422,tv,Patricia Heaton,26996,1,,,Frankie Heck,,,,,1,lead,,,
The Middle,2009,2018,Comedy,1422,tv,Neil Flynn,43776,2,,,Mike Heck,,,,,2,lead,,,
The Middle,2009,2018,Comedy,1422,tv,Charlie McDermott,64135,2,,,Axl Heck,,,,,3,lead,,,
The Middle,2009,2018,Comedy,1422,tv,Eden Sher,1214430,1,,,Sue Heck,,,,,4,supporting,,,
The Middle,2009,2018,Comedy,1422,tv,Atticus Shaffer,66646,2,,,Brick Heck,,,,,5,supporting,,,
Billions,2016,2023,Drama,62852,tv,Paul Giamatti,13242,2,,,Charles 'Chuck' Rhoades Jr.,,,,,1,lead,,,
Billions,2016,2023,Drama,62852,tv,Maggie Siff,74537,1,,,Wendy Rhoades,,,,,3,lead,,,
Billions,2016,2023,Drama,62852,tv,David Costabile,82167,2,,,Michael 'Wags' Wagner,,,,,4,supporting,,,
Billions,2016,2023,Drama,62852,tv,Dola Rashad,1046141,1,,,Kate Sacker,,,,,6,supporting,,,
Billions,2016,2023,Drama,62852,tv,Jeffrey DeMunn,12645,2,,,"Chuck Rhoades, Sr.",,,,,7,supporting,,,
Billions,2016,2023,Drama,62852,tv,Kelly AuCoin,171727,2,,,'Dollar' Bill Stearn,,,,,8,supporting,,,
Billions,2016,2023,Drama,62852,tv,Asia Kate Dillon,1776040,3,,,Taylor Mason,,,,,10,supporting,,,
Billions,2016,2023,Drama,62852,tv,Corey Stoll,74541,2,,,Mike Prince,,,,,11,minor,,,
Billions,2016,2023,Drama,62852,tv,Daniel Breaker,91669,2,,,Roger 'Scooter' Dunbar,,,,,12,minor,,,
Billions,2016,2023,Drama,62852,tv,Sakina Jaffrey,34200,1,,,Daevisha 'Dave' Mahar,,,,,13,minor,,,
Billions,2016,2023,Drama,62852,tv,Toney Goins,2873186,0,,,Philip Charyn,,,,,14,minor,,,
The Nanny,1993,1999,Comedy|Family,2352,tv,Fran Drescher,53122,1,,,Fran Fine,,,,,1,lead,,,
The Nanny,1993,1999,Comedy|Family,2352,tv,Charles Shaughnessy,63474,2,,,Maxwell Sheffield,,,,,2,lead,,,
The Nanny,1993,1999,Comedy|Family,2352,tv,Daniel Davis,177765,2,,,Niles,,,,,3,lead,,,
The Nanny,1993,1999,Comedy|Family,2352,tv,Lauren Lane,79013,1,,,C.C. Babcock,,,,,4,supporting,,,
The Nanny,1993,1999,Comedy|Family,2352,tv,Nicholle Tom,35241,1,,,Margaret Sheffield,,,,,5,supporting,,,
The Nanny,1993,1999,Comedy|Family,2352,tv,Benjamin Salisbury,76759,2,,,Brighton Sheffield,,,,,6,supporting,,,
The Nanny,1993,1999,Comedy|Family,2352,tv,Madeline Zima,84613,1,,,Grace Sheffield,,,,,7,supporting,,,
Babylon 5,1994,1998,Drama|Sci-Fi & Fantasy|Action & Adventure,3137,tv,Bruce Boxleitner,2547,2,,,John Sheridan,,,,,1,lead,,,
Babylon 5,1994,1998,Drama|Sci-Fi & Fantasy|Action & Adventure,3137,tv,Jerry Doyle,52301,2,,,Michael Garibaldi,,,,,3,lead,,,
Babylon 5,1994,1998,Drama|Sci-Fi & Fantasy|Action & Adventure,3137,tv,Mira Furlan,36217,1,,,Delenn,,,,,5,supporting,,,
Babylon 5,1994,1998,Drama|Sci-Fi & Fantasy|Action & Adventure,3137,tv,Richard Biggs,52302,2,,,Stephen Franklin,,,,,7,supporting,,,
Babylon 5,1994,1998,Drama|Sci-Fi & Fantasy|Action & Adventure,3137,tv,Andreas Katsulas,43773,2,,,G'Kar,,,,,8,supporting,,,
Babylon 5,1994,1998,Drama|Sci-Fi & Fantasy|Action & Adventure,3137,tv,Peter Jurasik,12876,2,,,Londo Mollari,,,,,9,supporting,,,
Babylon 5,1994,1998,Drama|Sci-Fi & Fantasy|Action & Adventure,3137,tv,Stephen Furst,52304,2,,,Vir Cotto,,,,,12,minor,,,
Babylon 5,1994,1998,Drama|Sci-Fi & Fantasy|Action & Adventure,3137,tv,Bill Mumy,49357,2,,,Lennier,,,,,13,minor,,,
Babylon 5,1994,1998,Drama|Sci-Fi & Fantasy|Action & Adventure,3137,tv,Tracy Scoggins,52312,1,,,Elizabeth Lochley,,,,,15,minor,,,
Babylon 5,1994,1998,Drama|Sci-Fi & Fantasy|Action & Adventure,3137,tv,Patricia Tallman,11768,1,,,Lyta Alexander,,,,,16,minor,,,
Babylon 5,1994,1998,Drama|Sci-Fi & Fantasy|Action & Adventure,3137,tv,Jeff Conaway,8894,2,,,Zack Allan,,,,,17,minor,,,
"Magnum, P.I.",1980,1988,Action & Adventure|Crime|Drama|Mystery,734,tv,Tom Selleck,15112,2,,,Thomas Magnum,,,,,1,lead,,,
"Magnum, P.I.",1980,1988,Action & Adventure|Crime|Drama|Mystery,734,tv,John Hillerman,12296,2,,,Jonathan Higgins,,,,,3,lead,,,
"Magnum, P.I.",1980,1988,Action & Adventure|Crime|Drama|Mystery,734,tv,Roger E. Mosley,42156,2,,,Terry 'TC' Calvin,,,,,4,supporting,,,
"Magnum, P.I.",1980,1988,Action & Adventure|Crime|Drama|Mystery,734,tv,Larry Manetti,159648,2,,,Rick Wright,,,,,6,supporting,,,
New Girl,2011,2018,Comedy,1420,tv,Zooey Deschanel,11664,1,,,Jessica 'Jess' Day,,,,,1,lead,,,
New Girl,2011,2018,Comedy,1420,tv,Jake Johnson,543505,2,,,Nick Miller,,,,,2,lead,,,
New Girl,2011,2018,Comedy,1420,tv,Max Greenfield,1213603,2,,,Schmidt,,,,,3,lead,,,
New Girl,2011,2018,Comedy,1420,tv,Lamorne Morris,1181327,2,,,Winston Bishop,,,,,4,supporting,,,
New Girl,2011,2018,Comedy,1420,tv,Hannah Simone,1181326,1,,,Cecilia 'Cece' Parikh,,,,,5,supporting,,,
Miami Vice,1984,1989,Crime|Drama,1908,tv,Don Johnson,25129,2,,,James 'Sonny' Crockett,,,,,1,lead,,,
Miami Vice,1984,1989,Crime|Drama,1908,tv,Philip Michael Thomas,70759,2,,,Ricardo 'Rico' Tubbs,,,,,2,lead,,,
Miami Vice,1984,1989,Crime|Drama,1908,tv,Saundra Santiago,171135,1,,,Gina Calabrese,,,,,3,lead,,,
Miami Vice,1984,1989,Crime|Drama,1908,tv,Olivia Brown,154141,1,,,Trudy Joplin,,,,,4,supporting,,,
Miami Vice,1984,1989,Crime|Drama,1908,tv,Michael Talbott,16557,2,,,Stan Switek,,,,,5,supporting,,,
Miami Vice,1984,1989,Crime|Drama,1908,tv,Edward James Olmos,587,2,,,Martin Castillo,,,,,6,supporting,,,
Wednesday,2022,2025,Sci-Fi & Fantasy|Mystery|Comedy,119051,tv,Jenna Ortega,974169,1,,,Wednesday Addams,,,,,2,lead,,,
Wednesday,2022,2025,Sci-Fi & Fantasy|Mystery|Comedy,119051,tv,Steve Buscemi,884,2,,,Barry Dort,,,,,3,lead,,,
Wednesday,2022,2025,Sci-Fi & Fantasy|Mystery|Comedy,119051,tv,Emma Myers,2604515,1,,,Enid Sinclair,,,,,5,supporting,,,
Wednesday,2022,2025,Sci-Fi & Fantasy|Mystery|Comedy,119051,tv,Hunter Doohan,1911865,2,,,Tyler Galpin,,,,,6,supporting,,,
Wednesday,2022,2025,Sci-Fi & Fantasy|Mystery|Comedy,119051,tv,Joy Sunday,2189049,1,,,Bianca Barclay,,,,,8,supporting,,,
Wednesday,2022,2025,Sci-Fi & Fantasy|Mystery|Comedy,119051,tv,Moosa Mostafa,3235624,2,,,Eugene Ottinger,,,,,9,supporting,,,
Wednesday,2022,2025,Sci-Fi & Fantasy|Mystery|Comedy,119051,tv,Georgie Farmer,1908241,2,,,Ajax Petropolus,,,,,10,supporting,,,
Wednesday,2022,2025,Sci-Fi & Fantasy|Mystery|Comedy,119051,tv,Isaac Ordonez,2488176,2,,,Pugsley Addams,,,,,12,minor,,,
Wednesday,2022,2025,Sci-Fi & Fantasy|Mystery|Comedy,119051,tv,Owen Painter,2724514,2,,,Slurp / Isaac Night,,,,,13,minor,,,
Wednesday,2022,2025,Sci-Fi & Fantasy|Mystery|Comedy,119051,tv,Billie Piper,26076,1,,,Isadora Capri,,,,,15,minor,,,
Wednesday,2022,2025,Sci-Fi & Fantasy|Mystery|Comedy,119051,tv,Luyanda Unati Lewis-Nyawo,2571568,1,,,Sheriff Ritchie Santiago,,,,,16,minor,,,
Wednesday,2022,2025,Sci-Fi & Fantasy|Mystery|Comedy,119051,tv,Victor Dorobantu,3235628,2,,,Thing,,,,,17,minor,,,
Wednesday,2022,2025,Sci-Fi & Fantasy|Mystery|Comedy,119051,tv,Noah B. Taylor,4502345,2,,,Bruno Yuson,,,,,18,minor,,,
Wednesday,2022,2025,Sci-Fi & Fantasy|Mystery|Comedy,119051,tv,Evie Templeton,3131371,1,,,Agnes DeMille,,,,,19,minor,,,
Wednesday,2022,2025,Sci-Fi & Fantasy|Mystery|Comedy,119051,tv,Luis Guzmán,40481,2,,,Gomez Addams,,,,,20,minor,,,
Sherri,2022,2026,Talk,210081,tv,Sherri Shepherd,109561,1,,,Self - Host,,,,,1,lead,,,
Sherri,2022,2026,Talk,210081,tv,Rolonda Watts,305275,1,,,Self - Announcer,,,,,2,lead,,,
Gotham,2014,2019,Drama|Crime|Sci-Fi & Fantasy,60708,tv,Ben McKenzie,17245,2,,,James 'Jim' Gordon,,,,,1,lead,,,
Gotham,2014,2019,Drama|Crime|Sci-Fi & Fantasy,60708,tv,Donal Logue,10825,2,,,Harvey Bullock,,,,,2,lead,,,
Gotham,2014,2019,Drama|Crime|Sci-Fi & Fantasy,60708,tv,David Mazouz,934173,2,,,Bruce Wayne,,,,,3,lead,,,
Gotham,2014,2019,Drama|Crime|Sci-Fi & Fantasy,60708,tv,Sean Pertwee,28848,2,,,Alfred Pennyworth,,,,,4,supporting,,,
Gotham,2014,2019,Drama|Crime|Sci-Fi & Fantasy,60708,tv,Robin Lord Taylor,59262,2,,,Oswald Cobblepot,,,,,5,supporting,,,
Gotham,2014,2019,Drama|Crime|Sci-Fi & Fantasy,60708,tv,Erin Richards,990300,1,,,Barbara Kean,,,,,6,supporting,,,
Gotham,2014,2019,Drama|Crime|Sci-Fi & Fantasy,60708,tv,Camren Bicondova,1031380,1,,,Selina Kyle,,,,,7,supporting,,,
Gotham,2014,2019,Drama|Crime|Sci-Fi & Fantasy,60708,tv,Cory Michael Smith,1367617,2,,,Edward Nygma,,,,,8,supporting,,,
Diagnosis: Murder,1993,2001,Drama|Family|Mystery|Crime,2625,tv,Dick Van Dyke,61303,2,,,Mark Sloan,,,,,1,lead,,,
Diagnosis: Murder,1993,2001,Drama|Family|Mystery|Crime,2625,tv,Barry Van Dyke,113783,2,,,Steve Sloan,,,,,2,lead,,,
Diagnosis: Murder,1993,2001,Drama|Family|Mystery|Crime,2625,tv,Charlie Schlatter,77293,2,,,Jesse Travis,,,,,4,supporting,,,
Diagnosis: Murder,1993,2001,Drama|Family|Mystery|Crime,2625,tv,Victoria Rowell,65020,1,,,Amanda Bentley-Livingston,,,,,5,supporting,,,
The Practice,1997,2004,Drama,3050,tv,Steve Harris,2202,2,,,Eugene Young,,,,,2,lead,,,
The Practice,1997,2004,Drama,3050,tv,Camryn Manheim,20187,1,,,Ellenor Frutt,,,,,3,lead,,,
The Practice,1997,2004,Drama,3050,tv,Michael Badalucco,1010,2,,,Jimmy Berluti,,,,,4,supporting,,,
The Practice,1997,2004,Drama,3050,tv,Jessica Capshaw,2205,1,,,Jamie Stringer,,,,,5,supporting,,,
The Practice,1997,2004,Drama,3050,tv,James Spader,13548,2,,,Alan Shore,,,,,9,supporting,,,
The Practice,1997,2004,Drama,3050,tv,Rhona Mitra,25702,1,,,Tara Wilson,,,,,10,supporting,,,
Ninjago: Masters of Spinjitzu,2012,2022,Animation|Action & Adventure|Sci-Fi & Fantasy|Comedy|Family,38693,tv,Vincent Tong,1240645,2,,,Kai (voice),,,,,1,lead,,,
Ninjago: Masters of Spinjitzu,2012,2022,Animation|Action & Adventure|Sci-Fi & Fantasy|Comedy|Family,38693,tv,Sam Vincent,106776,2,,,Lloyd Garmadon (voice),,,,,2,lead,,,
Ninjago: Masters of Spinjitzu,2012,2022,Animation|Action & Adventure|Sci-Fi & Fantasy|Comedy|Family,38693,tv,Michael Adamthwaite,63566,2,,,Jay (voice),,,,,3,lead,,,
Ninjago: Masters of Spinjitzu,2012,2022,Animation|Action & Adventure|Sci-Fi & Fantasy|Comedy|Family,38693,tv,Brent Miller,1221529,2,,,Zane (voice),,,,,4,supporting,,,
Ninjago: Masters of Spinjitzu,2012,2022,Animation|Action & Adventure|Sci-Fi & Fantasy|Comedy|Family,38693,tv,Andrew Francis,52718,2,,,Cole (voice),,,,,6,supporting,,,
Ninjago: Masters of Spinjitzu,2012,2022,Animation|Action & Adventure|Sci-Fi & Fantasy|Comedy|Family,38693,tv,Kelly Metzger,94478,1,,,Nya (voice),,,,,7,supporting,,,
Ninjago: Masters of Spinjitzu,2012,2022,Animation|Action & Adventure|Sci-Fi & Fantasy|Comedy|Family,38693,tv,Paul Dobson,52283,2,,,Wu (voice),,,,,8,supporting,,,
Ninjago: Masters of Spinjitzu,2012,2022,Animation|Action & Adventure|Sci-Fi & Fantasy|Comedy|Family,38693,tv,Mark Oliver,52284,2,,,Lord Garmadon / Young Garmadon / Zane's Father (voice),,,,,12,minor,,,
NYPD Blue,1993,2005,Drama,194,tv,Dennis Franz,11901,2,,,Andy Sipowicz,,,,,1,lead,,,
NYPD Blue,1993,2005,Drama,194,tv,Mark-Paul Gosselaar,19184,2,,,John Clark Jr.,,,,,3,lead,,,
NYPD Blue,1993,2005,Drama,194,tv,Henry Simmons,67913,2,,,Baldwin Jones,,,,,6,supporting,,,
NYPD Blue,1993,2005,Drama,194,tv,Bill Brochtrup,45397,2,,,John Irvin,,,,,10,supporting,,,
NYPD Blue,1993,2005,Drama,194,tv,Jacqueline Obradors,49818,1,,,Rita Ortiz,,,,,12,minor,,,
NYPD Blue,1993,2005,Drama,194,tv,Currie Graham,156590,2,,,Thomas Bale,,,,,14,minor,,,
NYPD Blue,1993,2005,Drama,194,tv,Bonnie Somerville,66579,1,,,Laura Murphy,,,,,18,minor,,,
Star Trek,1966,1969,Sci-Fi & Fantasy|Drama,253,tv,William Shatner,1748,2,,,James T. Kirk,,,,,1,lead,,,
Star Trek,1966,1969,Sci-Fi & Fantasy|Drama,253,tv,Leonard Nimoy,1749,2,,,Spock,,,,,2,lead,,,
Star Trek,1966,1969,Sci-Fi & Fantasy|Drama,253,tv,DeForest Kelley,1750,2,,,Dr. McCoy,,,,,3,lead,,,
Star Trek,1966,1969,Sci-Fi & Fantasy|Drama,253,tv,James Doohan,1751,2,,,Scott,,,,,4,supporting,,,
Star Trek,1966,1969,Sci-Fi & Fantasy|Drama,253,tv,Walter Koenig,1754,2,,,Pavel Chekov,,,,,5,supporting,,,
Star Trek,1966,1969,Sci-Fi & Fantasy|Drama,253,tv,George Takei,1752,2,,,Sulu,,,,,6,supporting,,,
Star Trek,1966,1969,Sci-Fi & Fantasy|Drama,253,tv,Nichelle Nichols,1753,1,,,Uhura,,,,,7,supporting,,,
The Witcher,2019,2025,Drama|Action & Adventure,71912,tv,Liam Hemsworth,96066,2,,,Geralt of Rivia,,,,,2,lead,,,
The Witcher,2019,2025,Drama|Action & Adventure,71912,tv,Anya Chalotra,2146944,1,,,Yennefer of Vengerberg,,,,,3,lead,,,
The Witcher,2019,2025,Drama|Action & Adventure,71912,tv,Freya Allan,2146942,1,,,Princess Cirilla 'Ciri' of Cintra,,,,,4,supporting,,,
The Witcher,2019,2025,Drama|Action & Adventure,71912,tv,Joey Batey,1353920,2,,,Jaskier / The Sandpiper,,,,,5,supporting,,,
The Witcher,2019,2025,Drama|Action & Adventure,71912,tv,Eamon Farren,110425,2,,,Cahir,,,,,6,supporting,,,
The Witcher,2019,2025,Drama|Action & Adventure,71912,tv,Mimî M. Khayisa,1503072,1,,,Fringilla Vigo,,,,,7,supporting,,,
The Witcher,2019,2025,Drama|Action & Adventure,71912,tv,Anna Shaffer,234929,1,,,Triss Merigold,,,,,8,supporting,,,
The Witcher,2019,2025,Drama|Action & Adventure,71912,tv,Mahesh Jadu,1386458,2,,,Vilgefortz of Roggeveen,,,,,9,supporting,,,
The Witcher,2019,2025,Drama|Action & Adventure,71912,tv,Zhang Meng'er,2979464,1,,,Milva,,,,,10,supporting,,,
The Witcher,2019,2025,Drama|Action & Adventure,71912,tv,Danny Woodburn,13645,2,,,Zoltan Chivay,,,,,11,minor,,,
The Witcher,2019,2025,Drama|Action & Adventure,71912,tv,Cassie Clare,1700995,1,,,Philippa Eilhart,,,,,12,minor,,,
The Witcher,2019,2025,Drama|Action & Adventure,71912,tv,Bart Edwards,1573807,2,,,Emhyr,,,,,14,minor,,,
The Witcher,2019,2025,Drama|Action & Adventure,71912,tv,Christelle Elwin,3495584,1,,,Mistle,,,,,16,minor,,,
The Witcher,2019,2025,Drama|Action & Adventure,71912,tv,Ben Radcliffe,2348365,2,,,Giselher,,,,,17,minor,,,
The Witcher,2019,2025,Drama|Action & Adventure,71912,tv,Fabian McCallum,2156572,2,,,Kayleigh,,,,,18,minor,,,
The Witcher,2019,2025,Drama|Action & Adventure,71912,tv,Aggy K. Adams,1730417,1,,,Iskra,,,,,20,minor,,,
The A-Team,1983,1987,Action & Adventure|Comedy|Crime,1516,tv,George Peppard,1933,2,,,John 'Hannibal' Smith,,,,,1,lead,,,
The A-Team,1983,1987,Action & Adventure|Comedy|Crime,1516,tv,Dirk Benedict,58264,2,,,Templeton 'Faceman' Peck,,,,,2,lead,,,
The A-Team,1983,1987,Action & Adventure|Comedy|Crime,1516,tv,Mr. T,16619,2,,,B.A. Baracus,,,,,3,lead,,,
The A-Team,1983,1987,Action & Adventure|Comedy|Crime,1516,tv,Dwight Schultz,28248,2,,,'Howling Mad' Murdock,,,,,4,supporting,,,
The A-Team,1983,1987,Action & Adventure|Comedy|Crime,1516,tv,Eddie Velez,88031,2,,,Frankie Santana,,,,,6,supporting,,,
The A-Team,1983,1987,Action & Adventure|Comedy|Crime,1516,tv,Robert Vaughn,14060,2,,,General Hunt Stockwell,,,,,7,supporting,,,
Adventure Time,2010,2018,Animation|Comedy|Sci-Fi & Fantasy,15260,tv,Jeremy Shada,204131,2,,,Finn the Human (voice),,,,,1,lead,,,
Adventure Time,2010,2018,Animation|Comedy|Sci-Fi & Fantasy,15260,tv,John DiMaggio,31531,2,,,Jake the Dog (voice),,,,,2,lead,,,
Adventure Time,2010,2018,Animation|Comedy|Sci-Fi & Fantasy,15260,tv,Tom Kenny,78798,2,,,Ice King (voice),,,,,3,lead,,,
Adventure Time,2010,2018,Animation|Comedy|Sci-Fi & Fantasy,15260,tv,Hynden Walch,113919,1,,,Princess Bubblegum (voice),,,,,4,supporting,,,
Adventure Time,2010,2018,Animation|Comedy|Sci-Fi & Fantasy,15260,tv,Olivia Olson,168197,1,,,Marceline the Vampire Queen (voice),,,,,5,supporting,,,
Adventure Time,2010,2018,Animation|Comedy|Sci-Fi & Fantasy,15260,tv,Niki Yang,1245731,1,,,BMO / Lady Rainicorn (voice),,,,,6,supporting,,,
Adventure Time,2010,2018,Animation|Comedy|Sci-Fi & Fantasy,15260,tv,Pendleton Ward,1242945,2,,,Lumpy Space Princess (voice),,,,,7,supporting,,,
Adventure Time,2010,2018,Animation|Comedy|Sci-Fi & Fantasy,15260,tv,Polly Lou Livingston,1245732,1,,,Tree Trunks (voice),,,,,9,supporting,,,
Pretty Little Liars,2010,2017,Drama|Mystery,31917,tv,Lucy Hale,205307,1,,,Aria Montgomery,,,,,1,lead,,,
Pretty Little Liars,2010,2017,Drama|Mystery,31917,tv,Troian Bellisario,277081,1,,,Spencer Hastings,,,,,2,lead,,,
Pretty Little Liars,2010,2017,Drama|Mystery,31917,tv,Ashley Benson,78030,1,,,Hanna Marin,,,,,3,lead,,,
Pretty Little Liars,2010,2017,Drama|Mystery,31917,tv,Shay Mitchell,222088,1,,,Emily Fields,,,,,4,supporting,,,
Pretty Little Liars,2010,2017,Drama|Mystery,31917,tv,Sasha Pieterse,62168,1,,,Alison DiLaurentis,,,,,5,supporting,,,
Pretty Little Liars,2010,2017,Drama|Mystery,31917,tv,Ian Harding,222089,2,,,Ezra Fitz,,,,,6,supporting,,,
Pretty Little Liars,2010,2017,Drama|Mystery,31917,tv,Tyler Blackburn,991980,2,,,Caleb Rivers,,,,,7,supporting,,,
Pretty Little Liars,2010,2017,Drama|Mystery,31917,tv,Janel Parrish,93377,1,,,Mona Vanderwaal,,,,,8,supporting,,,
Pretty Little Liars,2010,2017,Drama|Mystery,31917,tv,Andrea Parker,119171,1,,,Mary Drake,,,,,9,supporting,,,
Mad Men,2007,2015,Drama,1104,tv,Jon Hamm,65717,2,,,Don Draper,,,,,1,lead,,,
Mad Men,2007,2015,Drama,1104,tv,Elisabeth Moss,32798,1,,,Peggy Olson,,,,,2,lead,,,
Mad Men,2007,2015,Drama,1104,tv,Vincent Kartheiser,52646,2,,,Pete Campbell,,,,,3,lead,,,
Mad Men,2007,2015,Drama,1104,tv,January Jones,31717,1,,,Betty Draper,,,,,4,supporting,,,
Mad Men,2007,2015,Drama,1104,tv,Christina Hendricks,110014,1,,,Joan Holloway,,,,,5,supporting,,,
Mad Men,2007,2015,Drama,1104,tv,Aaron Staton,41296,2,,,Ken Cosgrove,,,,,7,supporting,,,
Mad Men,2007,2015,Drama,1104,tv,Rich Sommer,10581,2,,,Harry Crane,,,,,8,supporting,,,
Mad Men,2007,2015,Drama,1104,tv,Kiernan Shipka,934289,1,,,Sally Draper,,,,,9,supporting,,,
Mad Men,2007,2015,Drama,1104,tv,Kevin Rahm,97604,2,,,Ted Chaough,,,,,10,supporting,,,
Mad Men,2007,2015,Drama,1104,tv,Christopher Stanley,1222215,2,,,Henry Francis,,,,,11,minor,,,
Mad Men,2007,2015,Drama,1104,tv,Mason Cotton,212234,2,,,Bobby Draper,,,,,13,minor,,,
Mad Men,2007,2015,Drama,1104,tv,John Slattery,21134,2,,,Roger Sterling,,,,,15,minor,,,
Mad Men,2007,2015,Drama,1104,tv,Jessica Paré,82096,1,,,Megan Draper,,,,,16,minor,,,
Mad Men,2007,2015,Drama,1104,tv,Jay R. Ferguson,80289,2,,,Stan Rizzo,,,,,19,minor,,,
Jimmy Kimmel Live!,2003,2026,Talk|Comedy,1489,tv,Jimmy Kimmel,78303,2,,,Self - Host,,,,,1,lead,,,
Jimmy Kimmel Live!,2003,2026,Talk|Comedy,1489,tv,Guillermo Rodriguez,1873278,2,,,Self,,,,,2,lead,,,
Jimmy Kimmel Live!,2003,2026,Talk|Comedy,1489,tv,Lou Wilson,1839205,2,,,Self - Announcer,,,,,3,lead,,,
Rizzoli & Isles,2010,2016,Crime|Drama|Mystery|Comedy,32895,tv,Angie Harmon,52929,1,,,Detective Jane Rizzoli,,,,,1,lead,,,
Rizzoli & Isles,2010,2016,Crime|Drama|Mystery|Comedy,32895,tv,Sasha Alexander,64154,1,,,Dr. Maura Isles,,,,,2,lead,,,
Rizzoli & Isles,2010,2016,Crime|Drama|Mystery|Comedy,32895,tv,Jordan Bridges,65762,2,,,Frankie Rizzoli Jr.,,,,,3,lead,,,
Rizzoli & Isles,2010,2016,Crime|Drama|Mystery|Comedy,32895,tv,Bruce McGill,14888,2,,,Detective Vince Korsak,,,,,5,supporting,,,
Rizzoli & Isles,2010,2016,Crime|Drama|Mystery|Comedy,32895,tv,Lorraine Bracco,11478,1,,,Angela Rizzoli,,,,,6,supporting,,,
Rizzoli & Isles,2010,2016,Crime|Drama|Mystery|Comedy,32895,tv,Idara Victor,205849,1,,,Nina Holiday,,,,,9,supporting,,,
Rizzoli & Isles,2010,2016,Crime|Drama|Mystery|Comedy,32895,tv,Adam Sinclair,166813,2,,,Kent Drake,,,,,11,minor,,,
BoJack Horseman,2014,2020,Animation|Comedy|Drama,61222,tv,Will Arnett,21200,2,,,BoJack Horseman / Butterscotch Horseman (voice),,,,,1,lead,,,
BoJack Horseman,2014,2020,Animation|Comedy|Drama,61222,tv,Aaron Paul,84497,2,,,Todd Chavez / AA Bird / Donkey Kid / Skippy (voice),,,,,2,lead,,,
BoJack Horseman,2014,2020,Animation|Comedy|Drama,61222,tv,Alison Brie,88029,1,,,Diane Nguyen / Vincent Adultman / Kevin / Samantha The Food Critic / Olivia / Joelle Clark / Otter / Cow Waitress / Sarah Lynn's Assistant / Ship Co-Captain / Golden Snowflake Announcer / Nurse / Waitress / Cow Waitress / Announcer (voice),,,,,3,lead,,,
BoJack Horseman,2014,2020,Animation|Comedy|Drama,61222,tv,Amy Sedaris,12110,1,,,Princess Carolyn / Sharona (voice),,,,,4,supporting,,,
BoJack Horseman,2014,2020,Animation|Comedy|Drama,61222,tv,Paul F. Tompkins,1219029,2,,,Mr. Peanutbutter / Marv / Virgil Van Cleef / Prescott / Andrew Garfield / Sandro / Dog Valet / Underwater Man / Concerned Man / Janitor / Bartholomew Scagsworth / Sloth Lawyer / Blimp Co-Pilot / Abortion Doctor / George Tickle / Giant Chocolate Oscar Guy / Actor #2 / Bird / Willie Wesleyan (voice),,,,,5,supporting,,,
Third Watch,1999,2005,Drama|Crime,512,tv,Coby Bell,102775,2,,,Tyrone Davis Jr.,,,,,1,lead,,,
Third Watch,1999,2005,Drama|Crime,512,tv,Nia Long,9781,1,,,Sasha Monroe,,,,,2,lead,,,
Third Watch,1999,2005,Drama|Crime,512,tv,Molly Price,150972,1,,,Faith Yokas,,,,,4,supporting,,,
Third Watch,1999,2005,Drama|Crime,512,tv,Anthony Ruivivar,171522,2,,,Carlos Nieto,,,,,5,supporting,,,
Third Watch,1999,2005,Drama|Crime,512,tv,Skipp Sudduth,33658,2,,,John Sullivan,,,,,6,supporting,,,
Third Watch,1999,2005,Drama|Crime,512,tv,Tia Texada,68430,1,,,Maritza Cruz,,,,,7,supporting,,,
Third Watch,1999,2005,Drama|Crime,512,tv,Jason Wiles,81373,2,,,Maurice Boscorelli,,,,,8,supporting,,,
Third Watch,1999,2005,Drama|Crime,512,tv,Cara Buono,20047,1,,,Grace Foster,,,,,9,supporting,,,
Third Watch,1999,2005,Drama|Crime,512,tv,Josh Stewart,40039,2,,,Brendan Finney,,,,,10,supporting,,,
Ghost Whisperer,2005,2010,Sci-Fi & Fantasy|Mystery|Drama,1606,tv,Jennifer Love Hewitt,33259,1,,,Melinda Gordon,,,,,1,lead,,,
Ghost Whisperer,2005,2010,Sci-Fi & Fantasy|Mystery|Drama,1606,tv,Camryn Manheim,20187,1,,,Delia Banks,,,,,3,lead,,,
Ghost Whisperer,2005,2010,Sci-Fi & Fantasy|Mystery|Drama,1606,tv,Jamie Kennedy,6213,2,,,Eli James,,,,,4,supporting,,,
Ghost Whisperer,2005,2010,Sci-Fi & Fantasy|Mystery|Drama,1606,tv,Connor Gibbs,1225873,0,,,Aiden Lucas,,,,,5,supporting,,,
Ghost Whisperer,2005,2010,Sci-Fi & Fantasy|Mystery|Drama,1606,tv,David Conrad,43479,2,,,"Sam ""Jim"" Lucas",,,,,7,supporting,,,
Young Justice,2010,2022,Animation|Sci-Fi & Fantasy|Action & Adventure,33217,tv,Jesse McCartney,49915,2,,,Dick Grayson / Robin / Nightwing (voice),,,,,1,lead,,,
Young Justice,2010,2022,Animation|Sci-Fi & Fantasy|Action & Adventure,33217,tv,Khary Payton,65640,2,,,Kaldur'ahm / Aquaman (voice),,,,,2,lead,,,
Young Justice,2010,2022,Animation|Sci-Fi & Fantasy|Action & Adventure,33217,tv,Nolan North,19508,2,,,Conner Kent / Superboy (voice),,,,,3,lead,,,
Young Justice,2010,2022,Animation|Sci-Fi & Fantasy|Action & Adventure,33217,tv,Danica McKellar,65220,1,,,M'gaan M'orzz / Megan Morse / Miss Martian (voice),,,,,4,supporting,,,
Young Justice,2010,2022,Animation|Sci-Fi & Fantasy|Action & Adventure,33217,tv,Stephanie Lemelin,222139,1,,,Artemis Crock / Artemis / Tigress (voice),,,,,5,supporting,,,
Young Justice,2010,2022,Animation|Sci-Fi & Fantasy|Action & Adventure,33217,tv,Greg Cipes,60227,2,,,Garfield Logan / Beast Boy (voice),,,,,7,supporting,,,
Young Justice,2010,2022,Animation|Sci-Fi & Fantasy|Action & Adventure,33217,tv,Lacey Chabert,22082,1,,,Zatanna Zatara / Zatanna (voice),,,,,9,supporting,,,
Young Justice,2010,2022,Animation|Sci-Fi & Fantasy|Action & Adventure,33217,tv,Denise Boutte,43946,1,,,Raquel Ervin / Rocket (voice),,,,,11,minor,,,
The Love Boat,1977,1987,Drama|Comedy,1823,tv,Gavin MacLeod,54450,2,,,Merril Stubing,,,,,1,lead,,,
The Love Boat,1977,1987,Drama|Comedy,1823,tv,Bernie Kopell,80257,2,,,Adam Bricker,,,,,2,lead,,,
The Love Boat,1977,1987,Drama|Comedy,1823,tv,Ted Lange,1212804,2,,,Isaac Washington,,,,,4,supporting,,,
The Love Boat,1977,1987,Drama|Comedy,1823,tv,Lauren Tewes,1214186,1,,,Julie McCoy,,,,,5,supporting,,,
The Love Boat,1977,1987,Drama|Comedy,1823,tv,Jill Whelan,173263,1,,,Vicki Stubing,,,,,6,supporting,,,
The Love Boat,1977,1987,Drama|Comedy,1823,tv,Ted McGinley,18982,2,,,Ashley Covington Evans,,,,,7,supporting,,,
The Love Boat,1977,1987,Drama|Comedy,1823,tv,Marion Ross,75355,1,,,Emily Stubing,,,,,9,supporting,,,
Glee,2009,2015,Comedy|Drama,1417,tv,Lea Michele,128206,1,,,Rachel Berry,,,,,1,lead,,,
Glee,2009,2015,Comedy|Drama,1417,tv,Chris Colfer,221607,2,,,Kurt Hummel,,,,,5,supporting,,,
Glee,2009,2015,Comedy|Drama,1417,tv,Matthew Morrison,155209,2,,,Will Schuester,,,,,6,supporting,,,
Glee,2009,2015,Comedy|Drama,1417,tv,Jane Lynch,43775,1,,,Sue Sylvester,,,,,7,supporting,,,
Glee,2009,2015,Comedy|Drama,1417,tv,Dot-Marie Jones,1219312,1,,,Sheldon Beiste,,,,,8,supporting,,,
Glee,2009,2015,Comedy|Drama,1417,tv,Chord Overstreet,232501,2,,,Sam Evans,,,,,12,minor,,,
Glee,2009,2015,Comedy|Drama,1417,tv,Darren Criss,228721,2,,,Blaine Anderson,,,,,15,minor,,,
Glee,2009,2015,Comedy|Drama,1417,tv,Amber Riley,213109,1,,,Mercedes Jones,,,,,16,minor,,,
Glee,2009,2015,Comedy|Drama,1417,tv,Kevin McHale,197070,2,,,Artie Abrams,,,,,18,minor,,,
Gossip Girl,2007,2012,Drama,1395,tv,Blake Lively,59175,1,,,Serena van der Woodsen,,,,,1,lead,,,
Gossip Girl,2007,2012,Drama,1395,tv,Leighton Meester,85825,1,,,Blair Waldorf,,,,,2,lead,,,
Gossip Girl,2007,2012,Drama,1395,tv,Penn Badgley,110927,2,,,Dan Humphrey,,,,,3,lead,,,
Gossip Girl,2007,2012,Drama,1395,tv,Chace Crawford,60899,2,,,Nate Archibald,,,,,4,supporting,,,
Gossip Girl,2007,2012,Drama,1395,tv,Ed Westwick,21662,2,,,Chuck Bass,,,,,5,supporting,,,
Gossip Girl,2007,2012,Drama,1395,tv,Kaylee DeFer,1216163,1,,,Ivy Dickens,,,,,7,supporting,,,
Gossip Girl,2007,2012,Drama,1395,tv,Matthew Settle,33286,2,,,Rufus Humphrey,,,,,8,supporting,,,
Gossip Girl,2007,2012,Drama,1395,tv,Kelly Rutherford,53924,1,,,Lily van der Woodsen,,,,,10,supporting,,,
Scandal,2012,2018,Drama,39269,tv,Kerry Washington,11703,1,,,Olivia Pope,,,,,1,lead,,,
Scandal,2012,2018,Drama,39269,tv,Darby Stanchfield,66497,1,,,Abby Whelan,,,,,4,supporting,,,
Scandal,2012,2018,Drama,39269,tv,Katie Lowes,108253,1,,,Quinn Perkins,,,,,5,supporting,,,
Scandal,2012,2018,Drama,39269,tv,Guillermo Díaz,8695,2,,,Huck,,,,,6,supporting,,,
Scandal,2012,2018,Drama,39269,tv,Jeff Perry,9210,2,,,Cyrus Beene,,,,,7,supporting,,,
Scandal,2012,2018,Drama,39269,tv,Tony Goldwyn,3417,2,,,President Fitzgerald Grant,,,,,8,supporting,,,
Scandal,2012,2018,Drama,39269,tv,Joshua Malina,131642,2,,,David Rosen,,,,,9,supporting,,,
Scandal,2012,2018,Drama,39269,tv,Bellamy Young,87280,1,,,Mellie Grant,,,,,10,supporting,,,
Scandal,2012,2018,Drama,39269,tv,George Newbern,59222,2,,,Charlie,,,,,11,minor,,,
Scandal,2012,2018,Drama,39269,tv,Scott Foley,35595,2,,,Jake Ballard,,,,,12,minor,,,
Scandal,2012,2018,Drama,39269,tv,"Cornelius Smith, Jr.",1446308,2,,,Marcus Walker,,,,,14,minor,,,
Scandal,2012,2018,Drama,39269,tv,Joe Morton,3977,2,,,Eli 'Rowan' Pope,,,,,15,minor,,,
Star Trek: Deep Space Nine,1993,1999,Sci-Fi & Fantasy|Action & Adventure|Drama,580,tv,Avery Brooks,822,2,,,Benjamin Sisko,,,,,1,lead,,,
Star Trek: Deep Space Nine,1993,1999,Sci-Fi & Fantasy|Action & Adventure|Drama,580,tv,Nana Visitor,74070,1,,,Kira Nerys,,,,,2,lead,,,
Star Trek: Deep Space Nine,1993,1999,Sci-Fi & Fantasy|Action & Adventure|Drama,580,tv,Colm Meaney,17782,2,,,Miles O'Brien,,,,,3,lead,,,
Star Trek: Deep Space Nine,1993,1999,Sci-Fi & Fantasy|Action & Adventure|Drama,580,tv,Michael Dorn,2391,2,,,Worf,,,,,4,supporting,,,
Star Trek: Deep Space Nine,1993,1999,Sci-Fi & Fantasy|Action & Adventure|Drama,580,tv,Alexander Siddig,2957,2,,,Julian Bashir,,,,,6,supporting,,,
Star Trek: Deep Space Nine,1993,1999,Sci-Fi & Fantasy|Action & Adventure|Drama,580,tv,Cirroc Lofton,74071,2,,,Jake Sisko,,,,,7,supporting,,,
Star Trek: Deep Space Nine,1993,1999,Sci-Fi & Fantasy|Action & Adventure|Drama,580,tv,Armin Shimerman,29446,2,,,Quark,,,,,8,supporting,,,
Star Trek: Deep Space Nine,1993,1999,Sci-Fi & Fantasy|Action & Adventure|Drama,580,tv,René Auberjonois,9807,2,,,Odo,,,,,9,supporting,,,
Star Trek: Deep Space Nine,1993,1999,Sci-Fi & Fantasy|Action & Adventure|Drama,580,tv,Nicole De Boer,5888,1,,,Ezri Dax,,,,,10,supporting,,,
Cheers,1982,1993,Comedy,141,tv,Ted Danson,12836,2,,,Sam Malone,,,,,1,lead,,,
Cheers,1982,1993,Comedy,141,tv,Kirstie Alley,1796,1,,,Rebecca Howe,,,,,2,lead,,,
Cheers,1982,1993,Comedy,141,tv,Rhea Perlman,24203,1,,,Carla Tortelli,,,,,5,supporting,,,
Cheers,1982,1993,Comedy,141,tv,George Wendt,66606,2,,,Norm Peterson,,,,,6,supporting,,,
Cheers,1982,1993,Comedy,141,tv,John Ratzenberger,7907,2,,,Cliff Clavin,,,,,7,supporting,,,
Cheers,1982,1993,Comedy,141,tv,Woody Harrelson,57755,2,,,Woody Boyd,,,,,8,supporting,,,
Cheers,1982,1993,Comedy,141,tv,Kelsey Grammer,7090,2,,,Frasier Crane,,,,,9,supporting,,,
Blindspot,2015,2020,Crime|Drama|Action & Adventure,62710,tv,Jaimie Alexander,59817,1,,,Jane Doe,,,,,1,lead,,,
Blindspot,2015,2020,Crime|Drama|Action & Adventure,62710,tv,Sullivan Stapleton,38664,2,,,Kurt Weller,,,,,2,lead,,,
Blindspot,2015,2020,Crime|Drama|Action & Adventure,62710,tv,Audrey Esparza,1152259,1,,,Tasha Zapata,,,,,3,lead,,,
Blindspot,2015,2020,Crime|Drama|Action & Adventure,62710,tv,Ashley Johnson,34486,1,,,Patterson,,,,,4,supporting,,,
Blindspot,2015,2020,Crime|Drama|Action & Adventure,62710,tv,Ennis Esmer,101251,2,,,Rich Dotcom,,,,,5,supporting,,,
The Drew Carey Show,1995,2004,Comedy,97,tv,Drew Carey,83349,2,,,Drew Carey,,,,,1,lead,,,
The Drew Carey Show,1995,2004,Comedy,97,tv,Ryan Stiles,162606,2,,,Lewis Kiniski,,,,,2,lead,,,
The Drew Carey Show,1995,2004,Comedy,97,tv,Diedrich Bader,5727,2,,,Oswald Lee Harvey,,,,,3,lead,,,
The Drew Carey Show,1995,2004,Comedy,97,tv,Cynthia Watros,36216,1,,,Kellie Newmark,,,,,6,supporting,,,
The Drew Carey Show,1995,2004,Comedy,97,tv,Kathy Kinney,162605,1,,,Mimi Bobeck,,,,,8,supporting,,,
Bewitched,1964,1972,Sci-Fi & Fantasy|Comedy|Family|Drama,4482,tv,Elizabeth Montgomery,43975,1,,,Samantha Stephens,,,,,1,lead,,,
Bewitched,1964,1972,Sci-Fi & Fantasy|Comedy|Family|Drama,4482,tv,Dick Sargent,41250,2,,,Darrin Stephens,,,,,3,lead,,,
Bewitched,1964,1972,Sci-Fi & Fantasy|Comedy|Family|Drama,4482,tv,Agnes Moorehead,11025,1,,,Endora,,,,,4,supporting,,,
Bewitched,1964,1972,Sci-Fi & Fantasy|Comedy|Family|Drama,4482,tv,David White,141694,2,,,Larry Tate,,,,,6,supporting,,,
Match Game,1973,1979,,9,tv,Gene Rayburn,1211889,2,,,Self - Host,,,,,1,lead,,,
Match Game,1973,1979,,9,tv,Richard Dawson,96623,2,,,Self,,,,,2,lead,,,
Match Game,1973,1979,,9,tv,Brett Somers,1211891,1,,,Self,,,,,3,lead,,,
Match Game,1973,1979,,9,tv,Charles Nelson Reilly,1211888,2,,,Self,,,,,4,supporting,,,
Hollywood Squares,1998,2004,,221468,tv,Tom Bergeron,1215379,2,,,Self - Host,,,,,1,lead,,,
Hollywood Squares,1998,2004,,221468,tv,John Moschitta Jr.,1224519,2,,,Self - Announcer (voice),,,,,4,supporting,,,
Ironside,1967,1975,Crime|Drama|Mystery,4582,tv,Raymond Burr,7685,2,,,Robert Ironside,,,,,1,lead,,,
Ironside,1967,1975,Crime|Drama|Mystery,4582,tv,Don Galloway,28167,2,,,Ed Brown,,,,,2,lead,,,
Ironside,1967,1975,Crime|Drama|Mystery,4582,tv,Don Mitchell,161573,2,,,Mark Sanger,,,,,3,lead,,,
Ironside,1967,1975,Crime|Drama|Mystery,4582,tv,Barbara Anderson,161255,1,,,Eve Whitfield,,,,,4,supporting,,,
Ironside,1967,1975,Crime|Drama|Mystery,4582,tv,Elizabeth Baur,159541,1,,,Fran Belding,,,,,5,supporting,,,
The View,1997,2026,Talk,2221,tv,Joy Behar,166772,1,,,Self - Co-Host,,,,,3,lead,,,
The View,1997,2026,Talk,2221,tv,Sunny Hostin,1233245,1,,,Self - Co-Host,,,,,4,supporting,,,
The View,1997,2026,Talk,2221,tv,Sara Haines,1683850,1,,,Self - Co-Host,,,,,9,supporting,,,
The View,1997,2026,Talk,2221,tv,Whoopi Goldberg,2395,1,,,Self - Co-Host,,,,,15,minor,,,
Chicago Hope,1994,2000,Soap|Drama,6467,tv,Adam Arkin,55257,2,,,Aaron Shutt,,,,,4,supporting,,,
Chicago Hope,1994,2000,Soap|Drama,6467,tv,Mark Harmon,19728,2,,,Jack McNeil,,,,,5,supporting,,,
Chicago Hope,1994,2000,Soap|Drama,6467,tv,Héctor Elizondo,1210,2,,,Phillip Watters,,,,,6,supporting,,,
Chicago Hope,1994,2000,Soap|Drama,6467,tv,Rocky Carroll,27448,2,,,Keith Wilkes,,,,,8,supporting,,,
Chicago Hope,1994,2000,Soap|Drama,6467,tv,Lauren Holly,34485,1,,,Jeremy Hanlon,,,,,10,supporting,,,
Chicago Hope,1994,2000,Soap|Drama,6467,tv,Barbara Hershey,10767,1,,,Francesca Alberghetti,,,,,14,minor,,,
Chicago Hope,1994,2000,Soap|Drama,6467,tv,Mandy Patinkin,25503,2,,,Jeffrey Geiger,,,,,17,minor,,,
Chicago Hope,1994,2000,Soap|Drama,6467,tv,Carla Gugino,17832,1,,,Gina Simon,,,,,18,minor,,,
The Flintstones,1960,1966,Family|Animation|Comedy,1996,tv,Alan Reed,1944,2,,,Fred Flintstone (voice),,,,,1,lead,,,
The Flintstones,1960,1966,Family|Animation|Comedy,1996,tv,Mel Blanc,33923,2,,,Barney Rubble (voice),,,,,2,lead,,,
The Flintstones,1960,1966,Family|Animation|Comedy,1996,tv,Jean Vander Pyl,145257,1,,,Wilma Flintstone (voice),,,,,3,lead,,,
The Flintstones,1960,1966,Family|Animation|Comedy,1996,tv,Gerry Johnson,1228673,1,,,Betty Rubble (voice),,,,,5,supporting,,,
The Flintstones,1960,1966,Family|Animation|Comedy,1996,tv,Don Messick,16422,2,,,Bamm-Bamm Rubble (voice),,,,,7,supporting,,,
Knots Landing,1979,1993,Drama|Soap,2595,tv,Michele Lee,46944,1,,,Karen MacKenzie,,,,,3,lead,,,
Knots Landing,1979,1993,Drama|Soap,2595,tv,Ted Shackelford,160663,2,,,Gary Ewing,,,,,7,supporting,,,
Knots Landing,1979,1993,Drama|Soap,2595,tv,Kevin Dobson,105595,2,,,M. Patrick MacKenzie,,,,,10,supporting,,,
Knots Landing,1979,1993,Drama|Soap,2595,tv,William Devane,21416,2,,,Greg Sumner,,,,,11,minor,,,
Knots Landing,1979,1993,Drama|Soap,2595,tv,Nicollette Sheridan,37045,1,,,Paige Matheson,,,,,14,minor,,,
Knots Landing,1979,1993,Drama|Soap,2595,tv,Michelle Phillips,29543,1,,,Anne Matheson,,,,,17,minor,,,
Knots Landing,1979,1993,Drama|Soap,2595,tv,Stacy Galina,102728,1,,,Kate Whittaker,,,,,19,minor,,,
Knots Landing,1979,1993,Drama|Soap,2595,tv,Kathleen Noone,159669,1,,,Claudia Whittaker,,,,,20,minor,,,
Lassie,1954,1973,Action & Adventure|Drama|Family|Comedy,5368,tv,Hugh Reilly,1230011,0,,,Paul Martin,,,,,3,lead,,,
Lassie,1954,1973,Action & Adventure|Drama|Family|Comedy,5368,tv,Josh Albee,70992,2,,,Mike Bishop,,,,,5,supporting,,,
Lassie,1954,1973,Action & Adventure|Drama|Family|Comedy,5368,tv,Larry Pennell,58214,2,,,Keith Holden,,,,,9,supporting,,,
Lassie,1954,1973,Action & Adventure|Drama|Family|Comedy,5368,tv,Larry Wilcox,158972,2,,,Dale Mitchell,,,,,10,supporting,,,
Star Trek: Enterprise,2001,2005,Sci-Fi & Fantasy|Action & Adventure|Drama,314,tv,Scott Bakula,2154,2,,,Jonathan Archer,,,,,1,lead,,,
Star Trek: Enterprise,2001,2005,Sci-Fi & Fantasy|Action & Adventure|Drama,314,tv,Jolene Blalock,68276,1,,,T'Pol,,,,,2,lead,,,
Star Trek: Enterprise,2001,2005,Sci-Fi & Fantasy|Action & Adventure|Drama,314,tv,Connor Trinneer,105829,2,,,Charles 'Trip' Tucker III,,,,,3,lead,,,
Star Trek: Enterprise,2001,2005,Sci-Fi & Fantasy|Action & Adventure|Drama,314,tv,John Billingsley,21722,2,,,Phlox,,,,,4,supporting,,,
Star Trek: Enterprise,2001,2005,Sci-Fi & Fantasy|Action & Adventure|Drama,314,tv,Dominic Keating,23790,2,,,Malcolm Reed,,,,,5,supporting,,,
Star Trek: Enterprise,2001,2005,Sci-Fi & Fantasy|Action & Adventure|Drama,314,tv,Linda Park,105646,1,,,Hoshi Sato,,,,,6,supporting,,,
Star Trek: Enterprise,2001,2005,Sci-Fi & Fantasy|Action & Adventure|Drama,314,tv,Anthony Montgomery,151377,2,,,Travis Mayweather,,,,,7,supporting,,,
Private Practice,2007,2013,Drama,3172,tv,Kate Walsh,61114,1,,,Addison Montgomery,,,,,1,lead,,,
Private Practice,2007,2013,Drama,3172,tv,Paul Adelstein,17342,2,,,Cooper Freedman,,,,,2,lead,,,
Private Practice,2007,2013,Drama,3172,tv,KaDee Strickland,20388,1,,,Charlotte King,,,,,5,supporting,,,
Private Practice,2007,2013,Drama,3172,tv,Caterina Scorsone,81684,1,,,Amelia Shepherd,,,,,6,supporting,,,
Private Practice,2007,2013,Drama,3172,tv,Taye Diggs,17637,2,,,Sam Bennett,,,,,8,supporting,,,
Private Practice,2007,2013,Drama,3172,tv,Amy Brenneman,15851,1,,,Violet Turner,,,,,9,supporting,,,
Private Practice,2007,2013,Drama,3172,tv,Benjamin Bratt,4589,2,,,Jake Reilly,,,,,10,supporting,,,
Private Practice,2007,2013,Drama,3172,tv,Brian Benben,84690,2,,,Sheldon Wallace,,,,,11,minor,,,
Private Practice,2007,2013,Drama,3172,tv,Griffin Gluck,971299,2,,,Mason Warner,,,,,12,minor,,,
One Pace,2020,2024,Action & Adventure|Animation|Comedy,318774,tv,Mayumi Tanaka,65510,1,,,Monkey D. Luffy (voice),,,,,1,lead,,,
One Pace,2020,2024,Action & Adventure|Animation|Comedy,318774,tv,Kazuya Nakai,84507,2,,,Roronoa Zoro (voice),,,,,2,lead,,,
One Pace,2020,2024,Action & Adventure|Animation|Comedy,318774,tv,Akemi Okamura,90133,1,,,Nami (voice),,,,,3,lead,,,
One Pace,2020,2024,Action & Adventure|Animation|Comedy,318774,tv,Kappei Yamaguchi,68472,2,,,Usopp (voice),,,,,4,supporting,,,
One Pace,2020,2024,Action & Adventure|Animation|Comedy,318774,tv,Hiroaki Hirata,84505,2,,,Sanji (voice),,,,,5,supporting,,,
One Pace,2020,2024,Action & Adventure|Animation|Comedy,318774,tv,Ikue Otani,73044,1,,,Tony Tony Chopper (voice),,,,,6,supporting,,,
One Pace,2020,2024,Action & Adventure|Animation|Comedy,318774,tv,Yuriko Yamaguchi,77933,1,,,"Nico Robin (voice), Nico Olvia (voice)",,,,,7,supporting,,,
One Pace,2020,2024,Action & Adventure|Animation|Comedy,318774,tv,Kazuki Yao,112276,2,,,"Franky (voice), Mr. 2 (voice), Jango (voice)",,,,,8,supporting,,,
Great Performances,1971,2026,Comedy|Documentary|Drama,10029,tv,Bray Poor,1218094,2,,,Narrator (voice),,,,,1,lead,,,
2 Broke Girls,2011,2017,Comedy,39340,tv,Kat Dennings,52852,1,,,Max Black,,,,,1,lead,,,
2 Broke Girls,2011,2017,Comedy,39340,tv,Beth Behrs,482044,1,,,Caroline Channing,,,,,2,lead,,,
2 Broke Girls,2011,2017,Comedy,39340,tv,Garrett Morris,83187,2,,,Earl Washington,,,,,3,lead,,,
2 Broke Girls,2011,2017,Comedy,39340,tv,Jonathan Kite,1254626,2,,,Oleg Golishevsky,,,,,4,supporting,,,
2 Broke Girls,2011,2017,Comedy,39340,tv,Matthew Moy,1254625,2,,,Han Lee,,,,,5,supporting,,,
2 Broke Girls,2011,2017,Comedy,39340,tv,Jennifer Coolidge,38334,1,,,Sophie Kachinsky,,,,,6,supporting,,,
Family Matters,1989,1998,Comedy|Family,2685,tv,Reginald VelJohnson,7672,2,,,Carl Winslow,,,,,1,lead,,,
Family Matters,1989,1998,Comedy|Family,2685,tv,Darius McCrary,66145,2,,,Eddie Winslow,,,,,4,supporting,,,
Family Matters,1989,1998,Comedy|Family,2685,tv,Kellie Shanygne Williams,1228661,1,,,Laura Winslow,,,,,5,supporting,,,
Family Matters,1989,1998,Comedy|Family,2685,tv,Jaleel White,87079,2,,,Steve Urkel,,,,,7,supporting,,,
30 Rock,2006,2013,Comedy,4608,tv,Tina Fey,56323,1,,,Liz Lemon,,,,,1,lead,,,
30 Rock,2006,2013,Comedy,4608,tv,Alec Baldwin,7447,2,,,Jack Donaghy,,,,,2,lead,,,
30 Rock,2006,2013,Comedy,4608,tv,Tracy Morgan,56903,2,,,Tracy Jordan,,,,,3,lead,,,
30 Rock,2006,2013,Comedy,4608,tv,Jane Krakowski,13636,1,,,Jenna Maroney,,,,,4,supporting,,,
30 Rock,2006,2013,Comedy,4608,tv,Jack McBrayer,58737,2,,,Kenneth Parcell,,,,,5,supporting,,,
30 Rock,2006,2013,Comedy,4608,tv,Scott Adsit,66580,2,,,Pete Hornberger,,,,,6,supporting,,,
30 Rock,2006,2013,Comedy,4608,tv,Judah Friedlander,52860,2,,,Frank Rossitano,,,,,7,supporting,,,
30 Rock,2006,2013,Comedy,4608,tv,Keith Powell,164067,2,,,James 'Toofer' Spurlock,,,,,8,supporting,,,
30 Rock,2006,2013,Comedy,4608,tv,Maulik Pancholy,1214403,2,,,Jonathan,,,,,9,supporting,,,
Community,2009,2015,Comedy,18347,tv,Joel McHale,74949,2,,,Jeff Winger,,,,,1,lead,,,
Community,2009,2015,Comedy,18347,tv,Gillian Jacobs,94098,1,,,Britta Perry,,,,,2,lead,,,
Community,2009,2015,Comedy,18347,tv,Alison Brie,88029,1,,,Annie Edison,,,,,3,lead,,,
Community,2009,2015,Comedy,18347,tv,Jim Rash,161932,2,,,Dean Craig Pelton,,,,,5,supporting,,,
Community,2009,2015,Comedy,18347,tv,Danny Pudi,205179,2,,,Abed Nadir,,,,,6,supporting,,,
Community,2009,2015,Comedy,18347,tv,Ken Jeong,83586,2,,,Ben Chang,,,,,8,supporting,,,
Community,2009,2015,Comedy,18347,tv,Paget Brewster,15423,1,,,"Francesca ""Frankie"" Dart",,,,,9,supporting,,,
Community,2009,2015,Comedy,18347,tv,Keith David,65827,2,,,Elroy Patashnik,,,,,10,supporting,,,
Big Brother,2000,2025,Reality,10160,tv,Julie Chen,1224445,1,,,Self - Host,,,,,1,lead,,,
Big Brother,2000,2025,Reality,10160,tv,Clayton Halsey,59748,2,,,Announcer (voice),,,,,17,minor,,,
Entourage,2004,2011,Comedy|Drama,1940,tv,Kevin Connolly,16666,2,,,Eric Murphy,,,,,1,lead,,,
Entourage,2004,2011,Comedy|Drama,1940,tv,Adrian Grenier,5090,2,,,Vincent Chase,,,,,2,lead,,,
Entourage,2004,2011,Comedy|Drama,1940,tv,Kevin Dillon,6863,2,,,Johnny 'Drama' Chase,,,,,3,lead,,,
Entourage,2004,2011,Comedy|Drama,1940,tv,Jerry Ferrara,98953,2,,,Turtle,,,,,4,supporting,,,
Entourage,2004,2011,Comedy|Drama,1940,tv,Jeremy Piven,12799,2,,,Ari Gold,,,,,5,supporting,,,
Entourage,2004,2011,Comedy|Drama,1940,tv,Perrey Reeves,68495,1,,,Melissa Gold,,,,,6,supporting,,,
Entourage,2004,2011,Comedy|Drama,1940,tv,Rex Lee,1190817,2,,,Lloyd Lee,,,,,7,supporting,,,
Entourage,2004,2011,Comedy|Drama,1940,tv,Rhys Coiro,113563,2,,,Billy Walsh,,,,,9,supporting,,,
Entourage,2004,2011,Comedy|Drama,1940,tv,Scott Caan,1894,2,,,Scott Lavin,,,,,11,minor,,,
RuPaul's Drag Race,2009,2026,Reality,8514,tv,RuPaul,78589,2,,,Self - Host,,,,,1,lead,,,
RuPaul's Drag Race,2009,2026,Reality,8514,tv,Michelle Visage,1581751,1,,,Self - Judge,,,,,2,lead,,,
Twin Peaks,1990,2017,Drama|Mystery,1920,tv,Kyle MacLachlan,6677,2,,,Dale Cooper,,,,,1,lead,,,
Twin Peaks,1990,2017,Drama|Mystery,1920,tv,Kyle MacLachlan,6677,2,,,Dougie Jones / Dale Cooper,,,,,2,lead,,,
Twin Peaks,1990,2017,Drama|Mystery,1920,tv,Michael Ontkean,6678,2,,,Harry S. Truman,,,,,3,lead,,,
Twin Peaks,1990,2017,Drama|Mystery,1920,tv,Mädchen Amick,6714,1,,,Shelly Johnson,,,,,4,supporting,,,
Twin Peaks,1990,2017,Drama|Mystery,1920,tv,Lara Flynn Boyle,6684,1,,,Donna Hayward,,,,,5,supporting,,,
Twin Peaks,1990,2017,Drama|Mystery,1920,tv,Jack Nance,6718,2,,,Pete Martell,,,,,14,minor,,,
Twin Peaks,1990,2017,Drama|Mystery,1920,tv,Joan Chen,6720,1,,,Jocelyn Packard,,,,,16,minor,,,
Twin Peaks,1990,2017,Drama|Mystery,1920,tv,Eric DaRe,9323,2,,,Leo Johnson,,,,,18,minor,,,
Twin Peaks,1990,2017,Drama|Mystery,1920,tv,Piper Laurie,6721,1,,,Katherine Martell,,,,,19,minor,,,
Superman & Lois,2021,2024,Drama|Sci-Fi & Fantasy,95057,tv,Tyler Hoechlin,78198,2,,,Clark Kent / Superman,,,,,1,lead,,,
Superman & Lois,2021,2024,Drama|Sci-Fi & Fantasy,95057,tv,Elizabeth Tulloch,74577,1,,,Lois Lane,,,,,2,lead,,,
Superman & Lois,2021,2024,Drama|Sci-Fi & Fantasy,95057,tv,Alex Garfin,1393181,2,,,Jordan Kent,,,,,3,lead,,,
Superman & Lois,2021,2024,Drama|Sci-Fi & Fantasy,95057,tv,Michael Bishop,3136340,2,,,Jonathan Kent,,,,,5,supporting,,,
Rugrats,1991,2004,Family|Animation|Kids|Comedy,3022,tv,E. G. Daily,15274,1,,,Tommy Pickles (voice),,,,,1,lead,,,
Rugrats,1991,2004,Family|Animation|Kids|Comedy,3022,tv,Kath Soucie,60739,1,,,Phil DeVille / Lil DeVille (voice),,,,,3,lead,,,
Rugrats,1991,2004,Family|Animation|Kids|Comedy,3022,tv,Cheryl Chase,80719,1,,,Angelica Pickles (voice),,,,,4,supporting,,,
Rugrats,1991,2004,Family|Animation|Kids|Comedy,3022,tv,Dionne Quan,86432,1,,,Kimi Finster (voice),,,,,5,supporting,,,
Rugrats,1991,2004,Family|Animation|Kids|Comedy,3022,tv,Tara Strong,15762,1,,,Dil Pickles (voice),,,,,6,supporting,,,
Rugrats,1991,2004,Family|Animation|Kids|Comedy,3022,tv,Joe Alaskey,86434,2,,,Lou Pickles (voice),,,,,7,supporting,,,
Rugrats,1991,2004,Family|Animation|Kids|Comedy,3022,tv,Melanie Chartoff,155754,1,,,Didi Pickles (voice),,,,,8,supporting,,,
Rugrats,1991,2004,Family|Animation|Kids|Comedy,3022,tv,Tress MacNeille,34983,1,,,Charlotte Pickles (voice),,,,,9,supporting,,,
Rugrats,1991,2004,Family|Animation|Kids|Comedy,3022,tv,Jack Riley,62590,2,,,Stu Pickles (voice),,,,,10,supporting,,,
Rugrats,1991,2004,Family|Animation|Kids|Comedy,3022,tv,Cree Summer,34985,1,,,Susie Carmichael (voice),,,,,11,minor,,,
Rugrats,1991,2004,Family|Animation|Kids|Comedy,3022,tv,Nancy Cartwright,200,1,,,Chuckie Finster (voice),,,,,12,minor,,,
Robot Chicken,2005,2022,Comedy|Animation,709,tv,Seth Green,13922,2,,,Various (voice),,,,,1,lead,,,
Robot Chicken,2005,2022,Comedy|Animation,709,tv,Matthew Senreich,188238,2,,,Various (voice),,,,,2,lead,,,
Robot Chicken,2005,2022,Comedy|Animation,709,tv,Breckin Meyer,33654,2,,,Various (voice),,,,,3,lead,,,
Weeds,2005,2012,Comedy|Crime|Drama,186,tv,Mary-Louise Parker,18248,1,,,Nancy Botwin,,,,,1,lead,,,
Weeds,2005,2012,Comedy|Crime|Drama,186,tv,Justin Kirk,20301,2,,,Andy Botwin,,,,,6,supporting,,,
Weeds,2005,2012,Comedy|Crime|Drama,186,tv,Hunter Parrish,35236,2,,,Silas Botwin,,,,,7,supporting,,,
Weeds,2005,2012,Comedy|Crime|Drama,186,tv,Alexander Gould,12,2,,,Shane Botwin,,,,,8,supporting,,,
Weeds,2005,2012,Comedy|Crime|Drama,186,tv,Kevin Nealon,58478,2,,,Doug Wilson,,,,,9,supporting,,,
Weeds,2005,2012,Comedy|Crime|Drama,186,tv,Jennifer Jason Leigh,10431,1,,,Jill Price-Grey,,,,,10,supporting,,,
Weeds,2005,2012,Comedy|Crime|Drama,186,tv,Ethan Kent,1449057,2,,,Stevie Ray Botwin,,,,,12,minor,,,
Weeds,2005,2012,Comedy|Crime|Drama,186,tv,Gavin Kent,1449058,2,,,Stevie Ray Botwin,,,,,14,minor,,,
Futurama,1999,2025,Animation|Comedy|Sci-Fi & Fantasy,615,tv,Billy West,23679,2,,,Fry / Professor Farnsworth / Zoidberg / Zapp Brannigan (voice),,,,,1,lead,,,
Futurama,1999,2025,Animation|Comedy|Sci-Fi & Fantasy,615,tv,Katey Sagal,18980,1,,,Leela (voice),,,,,2,lead,,,
Futurama,1999,2025,Animation|Comedy|Sci-Fi & Fantasy,615,tv,John DiMaggio,31531,2,,,Bender (voice),,,,,3,lead,,,
Futurama,1999,2025,Animation|Comedy|Sci-Fi & Fantasy,615,tv,Tress MacNeille,34983,1,,,Mom (voice),,,,,4,supporting,,,
Futurama,1999,2025,Animation|Comedy|Sci-Fi & Fantasy,615,tv,Maurice LaMarche,34521,2,,,Morbo / Kif Kroker (voice),,,,,5,supporting,,,
Futurama,1999,2025,Animation|Comedy|Sci-Fi & Fantasy,615,tv,Lauren Tom,15100,1,,,Amy Wong (voice),,,,,6,supporting,,,
Futurama,1999,2025,Animation|Comedy|Sci-Fi & Fantasy,615,tv,Phil LaMarr,31549,2,,,Hermes Conrad (voice),,,,,7,supporting,,,
Futurama,1999,2025,Animation|Comedy|Sci-Fi & Fantasy,615,tv,David Herman,52794,2,,,Scruffy (voice),,,,,8,supporting,,,
Sex and the City,1998,2004,Drama|Comedy,105,tv,Sarah Jessica Parker,520,1,,,Carrie Bradshaw,,,,,1,lead,,,
Sex and the City,1998,2004,Drama|Comedy,105,tv,Kim Cattrall,2109,1,,,Samantha Jones,,,,,2,lead,,,
Sex and the City,1998,2004,Drama|Comedy,105,tv,Cynthia Nixon,38024,1,,,Miranda Hobbes,,,,,3,lead,,,
Sex and the City,1998,2004,Drama|Comedy,105,tv,Kristin Davis,38025,1,,,Charlotte York,,,,,4,supporting,,,
Cobra Kai,2018,2025,Action & Adventure|Drama|Comedy,77169,tv,William Zabka,56124,2,,,Johnny Lawrence,,,,,1,lead,,,
Cobra Kai,2018,2025,Action & Adventure|Drama|Comedy,77169,tv,Ralph Macchio,2877,2,,,Daniel LaRusso,,,,,2,lead,,,
Cobra Kai,2018,2025,Action & Adventure|Drama|Comedy,77169,tv,Courtney Henggeler,43483,1,,,Amanda LaRusso,,,,,3,lead,,,
Cobra Kai,2018,2025,Action & Adventure|Drama|Comedy,77169,tv,Xolo Maridueña,1185997,2,,,Miguel Diaz,,,,,4,supporting,,,
Cobra Kai,2018,2025,Action & Adventure|Drama|Comedy,77169,tv,Tanner Buchanan,1130555,2,,,Robby Keene,,,,,5,supporting,,,
Cobra Kai,2018,2025,Action & Adventure|Drama|Comedy,77169,tv,Mary Mouser,1223084,1,,,Samantha LaRusso,,,,,6,supporting,,,
Cobra Kai,2018,2025,Action & Adventure|Drama|Comedy,77169,tv,Peyton List,1254435,1,,,Tory Nichols,,,,,7,supporting,,,
Cobra Kai,2018,2025,Action & Adventure|Drama|Comedy,77169,tv,Jacob Bertrand,114446,2,,,Eli 'Hawk' Moskowitz,,,,,8,supporting,,,
Cobra Kai,2018,2025,Action & Adventure|Drama|Comedy,77169,tv,Gianni DeCenzo,1776137,2,,,Demetri Alexopoulos,,,,,9,supporting,,,
Cobra Kai,2018,2025,Action & Adventure|Drama|Comedy,77169,tv,Dallas Dupree Young,1892090,2,,,Kenny Payne,,,,,10,supporting,,,
Cobra Kai,2018,2025,Action & Adventure|Drama|Comedy,77169,tv,Vanessa Rubio,1784330,1,,,Carmen Diaz,,,,,11,minor,,,
Cobra Kai,2018,2025,Action & Adventure|Drama|Comedy,77169,tv,Martin Kove,56117,2,,,John Kreese,,,,,13,minor,,,
Survivor,2000,2026,Reality,14658,tv,Jeff Probst,43896,2,,,Self - Host,,,,,1,lead,,,
Las Vegas,2003,2008,Drama|Action & Adventure|Crime,2389,tv,Josh Duhamel,19536,2,,,Danny McCoy,,,,,1,lead,,,
Las Vegas,2003,2008,Drama|Action & Adventure|Crime,2389,tv,Vanessa Marcil,169586,1,,,Samantha Marquez,,,,,5,supporting,,,
Las Vegas,2003,2008,Drama|Action & Adventure|Crime,2389,tv,Molly Sims,60952,1,,,Delinda Deline,,,,,6,supporting,,,
Las Vegas,2003,2008,Drama|Action & Adventure|Crime,2389,tv,James Lesure,155743,2,,,Mike Cannon,,,,,7,supporting,,,
Las Vegas,2003,2008,Drama|Action & Adventure|Crime,2389,tv,Tom Selleck,15112,2,,,A.J. Cooper,,,,,8,supporting,,,
Little House on the Prairie,1974,1983,Western|Drama|Family,1781,tv,Dean Butler,149463,2,,,Almanzo James Wilder,,,,,3,lead,,,
Little House on the Prairie,1974,1983,Western|Drama|Family,1781,tv,Melissa Gilbert,142858,1,,,Laura Ingalls,,,,,4,supporting,,,
Little House on the Prairie,1974,1983,Western|Drama|Family,1781,tv,Katherine MacGregor,1227199,1,,,Harriet Oleson,,,,,10,supporting,,,
Little House on the Prairie,1974,1983,Western|Drama|Family,1781,tv,Richard Bull,31210,2,,,Nels Oleson,,,,,11,minor,,,
Little House on the Prairie,1974,1983,Western|Drama|Family,1781,tv,Jonathan Gilbert,1227129,2,,,Willie Oleson,,,,,12,minor,,,
Little House on the Prairie,1974,1983,Western|Drama|Family,1781,tv,Allison Balson,38690,1,,,Nancy Oleson,,,,,13,minor,,,
Little House on the Prairie,1974,1983,Western|Drama|Family,1781,tv,Lindsay Kennedy,3077175,2,,,Jeb Carter,,,,,14,minor,,,
Little House on the Prairie,1974,1983,Western|Drama|Family,1781,tv,David Friedman,1217482,2,,,Jason Carter,,,,,15,minor,,,
Little House on the Prairie,1974,1983,Western|Drama|Family,1781,tv,Shannen Doherty,19144,1,,,Jenny Wilder,,,,,16,minor,,,
Little House on the Prairie,1974,1983,Western|Drama|Family,1781,tv,Pamela Roylance,97857,1,,,Sarah Reed Carter,,,,,18,minor,,,
Little House on the Prairie,1974,1983,Western|Drama|Family,1781,tv,Victor French,83453,2,,,Isaiah Edwards,,,,,19,minor,,,
Supergirl,2015,2021,Drama|Sci-Fi & Fantasy|Action & Adventure,62688,tv,Melissa Benoist,129104,1,,,Kara Danvers / Supergirl / Kara Zor-El,,,,,1,lead,,,
Supergirl,2015,2021,Drama|Sci-Fi & Fantasy|Action & Adventure,62688,tv,Chyler Leigh,69210,1,,,Alex Danvers / Sentinel,,,,,2,lead,,,
Supergirl,2015,2021,Drama|Sci-Fi & Fantasy|Action & Adventure,62688,tv,David Harewood,16752,2,,,J'onn J'onzz / Martian Manhunter,,,,,3,lead,,,
Supergirl,2015,2021,Drama|Sci-Fi & Fantasy|Action & Adventure,62688,tv,Katie McGrath,150587,1,,,Lena Luthor,,,,,4,supporting,,,
Supergirl,2015,2021,Drama|Sci-Fi & Fantasy|Action & Adventure,62688,tv,Jesse Rath,96593,2,,,Querl 'Brainy' Dox / Brainiac-5,,,,,5,supporting,,,
Supergirl,2015,2021,Drama|Sci-Fi & Fantasy|Action & Adventure,62688,tv,Nicole Maines,1718957,1,,,Nia Nal / Dreamer,,,,,6,supporting,,,
Supergirl,2015,2021,Drama|Sci-Fi & Fantasy|Action & Adventure,62688,tv,Azie Tesfai,134238,1,,,Kelly Olsen / Guardian,,,,,8,supporting,,,
Supergirl,2015,2021,Drama|Sci-Fi & Fantasy|Action & Adventure,62688,tv,Julie Gonzalo,68769,1,,,Andrea Rojas / Acrata,,,,,9,supporting,,,
Supergirl,2015,2021,Drama|Sci-Fi & Fantasy|Action & Adventure,62688,tv,Staz Nair,1564557,2,,,William Dey,,,,,10,supporting,,,
Supergirl,2015,2021,Drama|Sci-Fi & Fantasy|Action & Adventure,62688,tv,Peta Sergeant,220914,1,,,Nyxlygsptlnz / 'Nyxly',,,,,11,minor,,,
"Quincy, M.E.",1976,1983,Crime|Drama|Mystery,2179,tv,Jack Klugman,5250,2,,,Quincy,,,,,1,lead,,,
"Quincy, M.E.",1976,1983,Crime|Drama|Mystery,2179,tv,Robert Ito,122154,2,,,Sam Fujiyama,,,,,2,lead,,,
"Quincy, M.E.",1976,1983,Crime|Drama|Mystery,2179,tv,Val Bisoglio,107068,2,,,Danny Tovo,,,,,3,lead,,,
"Quincy, M.E.",1976,1983,Crime|Drama|Mystery,2179,tv,John S. Ragin,1216956,2,,,Robert Asten,,,,,4,supporting,,,
"Quincy, M.E.",1976,1983,Crime|Drama|Mystery,2179,tv,Garry Walberg,1184610,2,,,Frank Monahan,,,,,5,supporting,,,
"Quincy, M.E.",1976,1983,Crime|Drama|Mystery,2179,tv,Joseph Roman,2310360,2,,,Sergeant Brill,,,,,6,supporting,,,
Banshee,2013,2016,Crime|Drama,41727,tv,Antony Starr,60373,2,,,Lucas Hood,,,,,1,lead,,,
Banshee,2013,2016,Crime|Drama,41727,tv,Ivana Miličević,29930,1,,,Anastasia / Carrie Hopewell,,,,,2,lead,,,
Banshee,2013,2016,Crime|Drama,41727,tv,Hoon Lee,1255311,2,,,Job,,,,,3,lead,,,
Banshee,2013,2016,Crime|Drama,41727,tv,Frankie Faison,13936,2,,,Sugar Bates,,,,,4,supporting,,,
Banshee,2013,2016,Crime|Drama,41727,tv,Ulrich Thomsen,4455,2,,,Kai Proctor,,,,,5,supporting,,,
Banshee,2013,2016,Crime|Drama,41727,tv,Matthew Rauch,111116,2,,,Clay Burton,,,,,6,supporting,,,
Banshee,2013,2016,Crime|Drama,41727,tv,Matt Servitto,58541,2,,,Deputy Brock Lotus,,,,,8,supporting,,,
Banshee,2013,2016,Crime|Drama,41727,tv,Lili Simmons,1039525,1,,,Rebecca Bowman,,,,,9,supporting,,,
Banshee,2013,2016,Crime|Drama,41727,tv,Ryann Shane,1255312,1,,,Deva Hopewell,,,,,11,minor,,,
Banshee,2013,2016,Crime|Drama,41727,tv,Tom Pelphrey,207442,2,,,Kurt Bunker,,,,,13,minor,,,
Banshee,2013,2016,Crime|Drama,41727,tv,Chris Coy,587438,2,,,Calvin Bunker,,,,,14,minor,,,
Hawaii Five-O,1968,1980,Action & Adventure|Drama,2303,tv,Jack Lord,9873,2,,,Det. Steve McGarrett,,,,,2,lead,,,
Hawaii Five-O,1968,1980,Action & Adventure|Drama,2303,tv,Herman Wedemeyer,1219848,2,,,Duke,,,,,3,lead,,,
Hawaii Five-O,1968,1980,Action & Adventure|Drama,2303,tv,William Smith,98102,2,,,Det. James 'Kimo' Carew,,,,,10,supporting,,,
Hawaii Five-O,1968,1980,Action & Adventure|Drama,2303,tv,Richard Denning,54681,2,,,Governor,,,,,11,minor,,,
Hawaii Five-O,1968,1980,Action & Adventure|Drama,2303,tv,Sharon Farrell,19434,1,,,Lori Wilson,,,,,13,minor,,,
Nip/Tuck,2003,2010,Drama,3750,tv,Dylan Walsh,21043,2,,,Sean McNamara,,,,,1,lead,,,
Nip/Tuck,2003,2010,Drama,3750,tv,Julian McMahon,20402,2,,,Christian Troy,,,,,2,lead,,,
Nip/Tuck,2003,2010,Drama,3750,tv,Joely Richardson,20810,1,,,Julia McNamara,,,,,3,lead,,,
Nip/Tuck,2003,2010,Drama,3750,tv,John Hensley,74427,2,,,Matt McNamara,,,,,4,supporting,,,
Nip/Tuck,2003,2010,Drama,3750,tv,Roma Maffia,21366,1,,,Liz Cruz,,,,,5,supporting,,,
Nip/Tuck,2003,2010,Drama,3750,tv,Kelly Carlson,56447,1,,,Kimber Henry,,,,,6,supporting,,,
Nip/Tuck,2003,2010,Drama,3750,tv,Linda Klein,62156,1,,,Nurse Linda,,,,,10,supporting,,,
Last Week Tonight with John Oliver,2014,2026,Talk|Comedy|News,60694,tv,John Oliver,84292,2,,,Self - Host,,,,,1,lead,,,
Landman,2024,2026,Drama,157741,tv,Billy Bob Thornton,879,2,,,Tommy Norris,,,,,1,lead,,,
Landman,2024,2026,Drama,157741,tv,Demi Moore,3416,1,,,Cami Miller,,,,,2,lead,,,
Landman,2024,2026,Drama,157741,tv,Andy Garcia,1271,2,,,Gallino,,,,,3,lead,,,
Landman,2024,2026,Drama,157741,tv,Ali Larter,17303,1,,,Angela Norris,,,,,4,supporting,,,
Landman,2024,2026,Drama,157741,tv,Jacob Lofland,1171570,2,,,Cooper Norris,,,,,5,supporting,,,
Landman,2024,2026,Drama,157741,tv,Michelle Randolph,1902690,1,,,Ainsley Norris,,,,,6,supporting,,,
Landman,2024,2026,Drama,157741,tv,Paulina Chávez,2541980,1,,,Ariana Medina,,,,,7,supporting,,,
Landman,2024,2026,Drama,157741,tv,Kayla Wallace,2019485,1,,,Rebecca Falcone,,,,,8,supporting,,,
Landman,2024,2026,Drama,157741,tv,Mark Collie,53199,2,,,Sheriff Walt Joeberg,,,,,9,supporting,,,
Landman,2024,2026,Drama,157741,tv,James Jordan,1224342,2,,,Dale Bradley,,,,,10,supporting,,,
Landman,2024,2026,Drama,157741,tv,Sam Elliott,16431,2,,,Thomas 'T.L.' Norris,,,,,12,minor,,,
The Last of Us,2023,2025,Drama,100088,tv,Bella Ramsey,1668004,3,,,Ellie Williams,,,,,2,lead,,,
The Last of Us,2023,2025,Drama,100088,tv,Gabriel Luna,111016,2,,,Tommy Miller,,,,,3,lead,,,
The Last of Us,2023,2025,Drama,100088,tv,Isabela Merced,1428070,1,,,Dina,,,,,4,supporting,,,
The Last of Us,2023,2025,Drama,100088,tv,Young Mazino,2569691,2,,,Jesse,,,,,5,supporting,,,
Alice,1976,1985,Comedy|Drama,494,tv,Linda Lavin,113223,1,,,Alice Hyatt,,,,,1,lead,,,
Alice,1976,1985,Comedy|Drama,494,tv,Vic Tayback,14069,2,,,Mel Sharples,,,,,2,lead,,,
Alice,1976,1985,Comedy|Drama,494,tv,Beth Howland,47459,1,,,Vera Louise Gorman-Novak,,,,,3,lead,,,
Alice,1976,1985,Comedy|Drama,494,tv,Celia Weston,1989,1,,,Jolene Hunnicutt,,,,,5,supporting,,,
Alice,1976,1985,Comedy|Drama,494,tv,Philip McKeon,101872,2,,,Tommy Hyatt,,,,,6,supporting,,,
Alice,1976,1985,Comedy|Drama,494,tv,Charles Levin,118071,2,,,Elliot Novak,,,,,8,supporting,,,
The Andy Griffith Show,1960,1968,Comedy|Family,106,tv,Andy Griffith,65562,2,,,Andy Taylor,,,,,3,lead,,,
The Andy Griffith Show,1960,1968,Comedy|Family,106,tv,Ron Howard,6159,2,,,Opie Taylor,,,,,4,supporting,,,
The Andy Griffith Show,1960,1968,Comedy|Family,106,tv,Frances Bavier,12283,1,,,Aunt Bee Taylor,,,,,5,supporting,,,
Adam-12,1968,1975,Crime|Drama,4660,tv,Martin Milner,14573,2,,,Officer Pete Malloy,,,,,1,lead,,,
Adam-12,1968,1975,Crime|Drama,4660,tv,Kent McCord,2062,2,,,Officer Jim Reed,,,,,2,lead,,,
Adam-12,1968,1975,Crime|Drama,4660,tv,William Boyett,1216592,2,,,Sergeant MacDonald,,,,,3,lead,,,
The Lincoln Lawyer,2022,2026,Drama|Crime,116799,tv,Manuel Garcia-Rulfo,1168097,2,,,Mickey Haller,,,,,1,lead,,,
The Lincoln Lawyer,2022,2026,Drama|Crime,116799,tv,Neve Campbell,9206,1,,,Maggie McPherson,,,,,2,lead,,,
The Lincoln Lawyer,2022,2026,Drama|Crime,116799,tv,Becki Newton,1222175,1,,,Lorna Crane,,,,,3,lead,,,
The Lincoln Lawyer,2022,2026,Drama|Crime,116799,tv,Angus Sampson,59117,2,,,Dennis 'Cisco' Wojciechowski,,,,,5,supporting,,,
The Lincoln Lawyer,2022,2026,Drama|Crime,116799,tv,Jazz Raycole,1212697,1,,,Izzy Letts,,,,,7,supporting,,,
Animal Kingdom,2016,2022,Crime|Drama,66025,tv,Finn Cole,1508313,2,,,"Joshua ""J"" Cody",,,,,1,lead,,,
Animal Kingdom,2016,2022,Crime|Drama,66025,tv,Shawn Hatosy,52647,2,,,"Andrew ""Pope"" Cody",,,,,3,lead,,,
Animal Kingdom,2016,2022,Crime|Drama,66025,tv,Ben Robson,1383389,2,,,Craig Cody,,,,,4,supporting,,,
Animal Kingdom,2016,2022,Crime|Drama,66025,tv,Jake Weary,133980,2,,,Deran Cody,,,,,5,supporting,,,
Animal Kingdom,2016,2022,Crime|Drama,66025,tv,Leila George,1681867,1,,,Janine Cody,,,,,10,supporting,,,
Gravity Falls,2012,2016,Animation|Action & Adventure|Comedy|Mystery|Sci-Fi & Fantasy|Family,40075,tv,Jason Ritter,50095,2,,,Dipper Pines (voice),,,,,1,lead,,,
Gravity Falls,2012,2016,Animation|Action & Adventure|Comedy|Mystery|Sci-Fi & Fantasy|Family,40075,tv,Kristen Schaal,109869,1,,,Mabel Pines (voice),,,,,2,lead,,,
Gravity Falls,2012,2016,Animation|Action & Adventure|Comedy|Mystery|Sci-Fi & Fantasy|Family,40075,tv,Alex Hirsch,1254995,2,,,Grunkle Stan / Soos Ramirez / Old Man McGucket (voice),,,,,3,lead,,,
Gravity Falls,2012,2016,Animation|Action & Adventure|Comedy|Mystery|Sci-Fi & Fantasy|Family,40075,tv,Linda Cardellini,1817,1,,,Wendy Corduroy (voice),,,,,4,supporting,,,
"Sabrina, the Teenage Witch",1996,2003,Comedy|Family|Sci-Fi & Fantasy,605,tv,Melissa Joan Hart,78501,1,,,Sabrina Spellman,,,,,1,lead,,,
"Sabrina, the Teenage Witch",1996,2003,Comedy|Family|Sci-Fi & Fantasy,605,tv,Elisa Donovan,58151,1,,,Morgan Cavanaugh,,,,,3,lead,,,
"Sabrina, the Teenage Witch",1996,2003,Comedy|Family|Sci-Fi & Fantasy,605,tv,Soleil Moon Frye,116436,1,,,Roxie King,,,,,6,supporting,,,
"Sabrina, the Teenage Witch",1996,2003,Comedy|Family|Sci-Fi & Fantasy,605,tv,Nick Bakay,78435,2,,,Salem Saberhagen (voice),,,,,13,minor,,,
The King of Queens,1998,2007,Comedy,4238,tv,Kevin James,32895,2,,,Doug Heffernan,,,,,1,lead,,,
The King of Queens,1998,2007,Comedy,4238,tv,Leah Remini,15050,1,,,Carrie Heffernan,,,,,2,lead,,,
The King of Queens,1998,2007,Comedy,4238,tv,Jerry Stiller,26042,2,,,Arthur Spooner,,,,,3,lead,,,
The King of Queens,1998,2007,Comedy,4238,tv,Victor Williams,26039,2,,,Deacon Palmer,,,,,4,supporting,,,
The King of Queens,1998,2007,Comedy,4238,tv,Patton Oswalt,10872,2,,,Spence Olchin,,,,,5,supporting,,,
The King of Queens,1998,2007,Comedy,4238,tv,Gary Valentine,179508,2,,,Danny Heffernan,,,,,6,supporting,,,
Project Runway,2004,2025,Reality,1685,tv,Christian Siriano,1231856,2,,,Self - Mentor,,,,,3,lead,,,
Project Runway,2004,2025,Reality,1685,tv,Nina Garcia,1226438,1,,,Self - Judge,,,,,4,supporting,,,
Andor,2022,2025,Sci-Fi & Fantasy|Action & Adventure|Drama,83867,tv,Diego Luna,8688,2,,,Cassian Andor,,,,,1,lead,,,
Cold Case,2003,2010,Crime|Drama|Mystery,2171,tv,Kathryn Morris,2208,1,,,Lilly Rush,,,,,1,lead,,,
Cold Case,2003,2010,Crime|Drama|Mystery,2171,tv,Danny Pino,72132,2,,,Scotty Valens,,,,,2,lead,,,
Cold Case,2003,2010,Crime|Drama|Mystery,2171,tv,Jeremy Ratchford,44205,2,,,Nick Vera,,,,,3,lead,,,
Cold Case,2003,2010,Crime|Drama|Mystery,2171,tv,Thom Barry,8175,2,,,Will Jeffries,,,,,4,supporting,,,
Cold Case,2003,2010,Crime|Drama|Mystery,2171,tv,Tracie Thoms,10580,1,,,Kat Miller,,,,,5,supporting,,,
Cold Case,2003,2010,Crime|Drama|Mystery,2171,tv,John Finn,9277,2,,,John Stillman,,,,,6,supporting,,,
Marvel's Daredevil,2015,2018,Crime|Drama|Action & Adventure,61889,tv,Charlie Cox,23458,2,,,Matt Murdock / Daredevil,,,,,1,lead,,,
Marvel's Daredevil,2015,2018,Crime|Drama|Action & Adventure,61889,tv,Deborah Ann Woll,212154,1,,,Karen Page,,,,,2,lead,,,
Marvel's Daredevil,2015,2018,Crime|Drama|Action & Adventure,61889,tv,Elden Henson,20220,2,,,Foggy Nelson,,,,,3,lead,,,
Marvel's Daredevil,2015,2018,Crime|Drama|Action & Adventure,61889,tv,Vincent D'Onofrio,7132,2,,,Wilson Fisk / Kingpin,,,,,7,supporting,,,
Veronica Mars,2004,2019,Mystery|Drama|Comedy,1432,tv,Kristen Bell,40462,1,,,Veronica Mars,,,,,1,lead,,,
Veronica Mars,2004,2019,Mystery|Drama|Comedy,1432,tv,Enrico Colantoni,15029,2,,,Keith Mars,,,,,2,lead,,,
Veronica Mars,2004,2019,Mystery|Drama|Comedy,1432,tv,Jason Dohring,158095,2,,,Logan Echolls,,,,,4,supporting,,,
The Big Bang Theory,2007,2019,Comedy,1418,tv,Johnny Galecki,16478,2,,,Leonard Hofstadter,,,,,1,lead,,,
The Big Bang Theory,2007,2019,Comedy,1418,tv,Jim Parsons,5374,2,,,Sheldon Cooper,,,,,2,lead,,,
The Big Bang Theory,2007,2019,Comedy,1418,tv,Kaley Cuoco,53862,1,,,Penny,,,,,3,lead,,,
The Big Bang Theory,2007,2019,Comedy,1418,tv,Simon Helberg,53863,2,,,Howard Wolowitz,,,,,4,supporting,,,
The Big Bang Theory,2007,2019,Comedy,1418,tv,Kunal Nayyar,208099,2,,,Rajesh Koothrappali,,,,,5,supporting,,,
The Big Bang Theory,2007,2019,Comedy,1418,tv,Melissa Rauch,1221716,1,,,Bernadette Rostenkowski,,,,,6,supporting,,,
The Big Bang Theory,2007,2019,Comedy,1418,tv,Mayim Bialik,167640,1,,,Amy Farrah Fowler,,,,,7,supporting,,,
Silo,2023,2025,Sci-Fi & Fantasy|Drama,125988,tv,Rebecca Ferguson,933238,1,,,Juliette Nichols,,,,,1,lead,,,
Silo,2023,2025,Sci-Fi & Fantasy|Drama,125988,tv,Common,4238,2,,,Robert Sims,,,,,2,lead,,,
Silo,2023,2025,Sci-Fi & Fantasy|Drama,125988,tv,Harriet Walter,17477,1,,,Martha Walker,,,,,3,lead,,,
Silo,2023,2025,Sci-Fi & Fantasy|Drama,125988,tv,Chinaza Uche,1717255,2,,,Paul Billings,,,,,4,supporting,,,
Silo,2023,2025,Sci-Fi & Fantasy|Drama,125988,tv,Avi Nash,1617697,2,,,Lukas Kyle,,,,,6,supporting,,,
Silo,2023,2025,Sci-Fi & Fantasy|Drama,125988,tv,Rick Gomez,123532,2,,,Patrick Kennedy,,,,,7,supporting,,,
Silo,2023,2025,Sci-Fi & Fantasy|Drama,125988,tv,Tim Robbins,504,2,,,Bernard Holland,,,,,8,supporting,,,
St. Elsewhere,1982,1988,Drama,30,tv,William Daniels,10775,2,,,Mark Craig,,,,,1,lead,,,
St. Elsewhere,1982,1988,Drama,30,tv,Norman Lloyd,2698,2,,,Daniel Auschlander,,,,,2,lead,,,
St. Elsewhere,1982,1988,Drama,30,tv,Ronny Cox,780,2,,,John Gideon,,,,,4,supporting,,,
St. Elsewhere,1982,1988,Drama,30,tv,Bonnie Bartlett,32479,1,,,Ellen Craig,,,,,5,supporting,,,
St. Elsewhere,1982,1988,Drama,30,tv,Ed Begley Jr.,42157,2,,,Victor Ehrlich,,,,,7,supporting,,,
St. Elsewhere,1982,1988,Drama,30,tv,Stephen Furst,52304,2,,,Elliot Axelrod,,,,,9,supporting,,,
St. Elsewhere,1982,1988,Drama,30,tv,Bruce Greenwood,21089,2,,,Seth Griffin,,,,,10,supporting,,,
St. Elsewhere,1982,1988,Drama,30,tv,Eric Laneuville,47020,2,,,Luther Hawkins,,,,,12,minor,,,
St. Elsewhere,1982,1988,Drama,30,tv,Sagan Lewis,1937736,1,,,Jacqueline Wade,,,,,13,minor,,,
St. Elsewhere,1982,1988,Drama,30,tv,Howie Mandel,77920,2,,,Wayne Fiscus,,,,,14,minor,,,
St. Elsewhere,1982,1988,Drama,30,tv,Cindy Pickett,74276,1,,,Carol Novino,,,,,16,minor,,,
St. Elsewhere,1982,1988,Drama,30,tv,David Morse,52,2,,,Jack Morrison,,,,,17,minor,,,
St. Elsewhere,1982,1988,Drama,30,tv,France Nuyen,16096,1,,,Paulette Kiem,,,,,19,minor,,,
St. Elsewhere,1982,1988,Drama,30,tv,Christina Pickles,94978,1,,,Helen Rosenthal,,,,,20,minor,,,
The Waltons,1972,1981,Drama,5021,tv,Ralph Waite,8853,2,,,John Walton Sr.,,,,,2,lead,,,
The Waltons,1972,1981,Drama,5021,tv,Jon Walmsley,1225463,2,,,Jason Walton,,,,,6,supporting,,,
The Waltons,1972,1981,Drama,5021,tv,Mary Elizabeth McDonough,161463,1,,,Erin Walton,,,,,7,supporting,,,
The Waltons,1972,1981,Drama,5021,tv,David W. Harper,1238380,2,,,Jim-Bob Walton,,,,,8,supporting,,,
The Waltons,1972,1981,Drama,5021,tv,"Earl Hamner, Jr.",61479,2,,,Narrator,,,,,9,supporting,,,
The Waltons,1972,1981,Drama,5021,tv,Eric Scott,161464,2,,,Ben Walton,,,,,10,supporting,,,
The Waltons,1972,1981,Drama,5021,tv,Kami Cotler,1238381,0,,,Elizabeth Walton,,,,,11,minor,,,
The Waltons,1972,1981,Drama,5021,tv,Joe Conley,188129,2,,,Ike Godsey,,,,,12,minor,,,
The Waltons,1972,1981,Drama,5021,tv,Judy Norton,158430,1,,,Mary Ellen Walton,,,,,13,minor,,,
The Fairly OddParents,2001,2017,Animation|Comedy|Sci-Fi & Fantasy|Kids|Family,4630,tv,Tara Strong,15762,1,,,Timmy Turner / Poof (voice),,,,,1,lead,,,
The Fairly OddParents,2001,2017,Animation|Comedy|Sci-Fi & Fantasy|Kids|Family,4630,tv,Susanne Blakeslee,89042,1,,,Wanda / Mrs. Turner (voice),,,,,3,lead,,,
The Fairly OddParents,2001,2017,Animation|Comedy|Sci-Fi & Fantasy|Kids|Family,4630,tv,Daran Norris,31162,2,,,Cosmo / Mr. Turner (voice),,,,,4,supporting,,,
The Fairly OddParents,2001,2017,Animation|Comedy|Sci-Fi & Fantasy|Kids|Family,4630,tv,Carlos Alazraqui,59784,2,,,Denzel Q. Crocker (voice),,,,,5,supporting,,,
The Fairly OddParents,2001,2017,Animation|Comedy|Sci-Fi & Fantasy|Kids|Family,4630,tv,Jim Ward,86007,2,,,Chet Ubetcha (voice),,,,,6,supporting,,,
The Fairly OddParents,2001,2017,Animation|Comedy|Sci-Fi & Fantasy|Kids|Family,4630,tv,Gary LeRoi Gray,215588,2,,,A.J. (voice),,,,,7,supporting,,,
The Fairly OddParents,2001,2017,Animation|Comedy|Sci-Fi & Fantasy|Kids|Family,4630,tv,Grey DeLisle,15761,1,,,Vicky (voice),,,,,8,supporting,,,
The Fairly OddParents,2001,2017,Animation|Comedy|Sci-Fi & Fantasy|Kids|Family,4630,tv,Kari Wahlgren,116315,1,,,Chloe Carmichael (voice),,,,,9,supporting,,,
Everybody Loves Raymond,1996,2005,Comedy,2140,tv,Ray Romano,15757,2,,,Ray Barone,,,,,1,lead,,,
Everybody Loves Raymond,1996,2005,Comedy,2140,tv,Patricia Heaton,26996,1,,,Debra Barone,,,,,2,lead,,,
Everybody Loves Raymond,1996,2005,Comedy,2140,tv,Brad Garrett,18,2,,,Robert Barone,,,,,3,lead,,,
Everybody Loves Raymond,1996,2005,Comedy,2140,tv,Madylin Sweeten,1229502,1,,,Ally Barone,,,,,4,supporting,,,
Everybody Loves Raymond,1996,2005,Comedy,2140,tv,Sawyer Sweeten,1229503,2,,,Geoffrey Barone,,,,,5,supporting,,,
Everybody Loves Raymond,1996,2005,Comedy,2140,tv,Sullivan Sweeten,1229504,0,,,Michael Barone,,,,,6,supporting,,,
Everybody Loves Raymond,1996,2005,Comedy,2140,tv,Doris Roberts,45863,1,,,Marie Barone,,,,,7,supporting,,,
Everybody Loves Raymond,1996,2005,Comedy,2140,tv,Peter Boyle,1039,2,,,Frank Barone,,,,,8,supporting,,,
Everybody Loves Raymond,1996,2005,Comedy,2140,tv,Monica Horan,1212820,1,,,Amy MacDougall-Barone,,,,,9,supporting,,,
Hot Ones,2015,2026,Talk|Comedy,72649,tv,Sean Evans,1843421,2,,,Self - Host,,,,,1,lead,,,
Halo,2022,2024,Sci-Fi & Fantasy|Action & Adventure,52814,tv,Pablo Schreiber,59254,2,,,"Master Chief, Spartan-117 / John-117",,,,,1,lead,,,
Halo,2022,2024,Sci-Fi & Fantasy|Action & Adventure,52814,tv,Natascha McElhone,11317,1,,,Dr. Catherine Halsey,,,,,2,lead,,,
Halo,2022,2024,Sci-Fi & Fantasy|Action & Adventure,52814,tv,Joseph Morgan,79505,2,,,James Ackerson,,,,,3,lead,,,
Halo,2022,2024,Sci-Fi & Fantasy|Action & Adventure,52814,tv,Shabana Azmi,85672,1,,,Margaret Parangosky,,,,,4,supporting,,,
Halo,2022,2024,Sci-Fi & Fantasy|Action & Adventure,52814,tv,Christina Bennington,3260554,1,,,Cortana,,,,,5,supporting,,,
Halo,2022,2024,Sci-Fi & Fantasy|Action & Adventure,52814,tv,Natasha Culzac,2256046,1,,,Riz-028,,,,,6,supporting,,,
Halo,2022,2024,Sci-Fi & Fantasy|Action & Adventure,52814,tv,Olive Gray,2041889,3,,,Dr. Miranda Keyes,,,,,7,supporting,,,
Halo,2022,2024,Sci-Fi & Fantasy|Action & Adventure,52814,tv,Yerin Ha,2611199,1,,,Kwan Ha,,,,,8,supporting,,,
Halo,2022,2024,Sci-Fi & Fantasy|Action & Adventure,52814,tv,Bentley Kalu,1504934,2,,,Vannak-134,,,,,9,supporting,,,
Halo,2022,2024,Sci-Fi & Fantasy|Action & Adventure,52814,tv,Kate Kennedy,2486590,1,,,Kai-125,,,,,10,supporting,,,
Halo,2022,2024,Sci-Fi & Fantasy|Action & Adventure,52814,tv,Charlie Murphy,1356630,1,,,Makee,,,,,11,minor,,,
Halo,2022,2024,Sci-Fi & Fantasy|Action & Adventure,52814,tv,Fiona O'Shaughnessy,20279,1,,,Laera,,,,,12,minor,,,
Halo,2022,2024,Sci-Fi & Fantasy|Action & Adventure,52814,tv,Cristina Rodlo,1154835,1,,,Corporal Talia Perez,,,,,13,minor,,,
Halo,2022,2024,Sci-Fi & Fantasy|Action & Adventure,52814,tv,Danny Sapani,165424,2,,,Jacob Keyes,,,,,14,minor,,,
Halo,2022,2024,Sci-Fi & Fantasy|Action & Adventure,52814,tv,Jen Taylor,937568,1,,,Cortana (voice),,,,,15,minor,,,
Halo,2022,2024,Sci-Fi & Fantasy|Action & Adventure,52814,tv,Viktor Åkerblom,105465,2,,,Arbiter Var 'Gatanai,,,,,16,minor,,,
Halo,2022,2024,Sci-Fi & Fantasy|Action & Adventure,52814,tv,Tylan Bailey,3487645,2,,,Kessler,,,,,17,minor,,,
Halo,2022,2024,Sci-Fi & Fantasy|Action & Adventure,52814,tv,Bokeem Woodbine,71913,2,,,Soren-066,,,,,18,minor,,,
Full House,1987,1995,Comedy|Family,4313,tv,John Stamos,32600,2,,,Jesse Katsopolis,,,,,2,lead,,,
Full House,1987,1995,Comedy|Family,4313,tv,Bob Saget,72450,2,,,Danny Tanner,,,,,3,lead,,,
Full House,1987,1995,Comedy|Family,4313,tv,Dave Coulier,1218736,2,,,Joey Gladstone,,,,,4,supporting,,,
Full House,1987,1995,Comedy|Family,4313,tv,Candace Cameron Bure,31363,1,,,D.J. Tanner,,,,,6,supporting,,,
Full House,1987,1995,Comedy|Family,4313,tv,Jodie Sweetin,1234708,1,,,Stephanie Tanner,,,,,7,supporting,,,
Full House,1987,1995,Comedy|Family,4313,tv,Lori Loughlin,92509,1,,,Rebecca Katsopolis,,,,,8,supporting,,,
Full House,1987,1995,Comedy|Family,4313,tv,Blake Tuomy-Wilhoit,1234709,0,,,Nicky Katsopolis,,,,,9,supporting,,,
Full House,1987,1995,Comedy|Family,4313,tv,Dylan Tuomy-Wilhoit,1236340,0,,,Alex Katsopolis,,,,,10,supporting,,,
Full House,1987,1995,Comedy|Family,4313,tv,Mary-Kate Olsen,67849,1,,,Michelle Tanner,,,,,11,minor,,,
Full House,1987,1995,Comedy|Family,4313,tv,Andrea Barber,1212537,1,,,Kimmy Gibbler,,,,,12,minor,,,
Full House,1987,1995,Comedy|Family,4313,tv,Ashley Olsen,67848,1,,,Michelle Tanner,,,,,13,minor,,,
Snowfall,2017,2023,Drama|Crime,71694,tv,Damson Idris,1837297,2,,,Franklin Saint,,,,,1,lead,,,
Snowfall,2017,2023,Drama|Crime,71694,tv,Carter Hudson,1846046,2,,,Teddy McDonald,,,,,2,lead,,,
Snowfall,2017,2023,Drama|Crime,71694,tv,Sergio Peris-Mencheta,78994,2,,,Gustavo 'El Oso' Zapata,,,,,4,supporting,,,
Snowfall,2017,2023,Drama|Crime,71694,tv,Michael Hyatt,61084,1,,,Cissy Saint,,,,,5,supporting,,,
Snowfall,2017,2023,Drama|Crime,71694,tv,Amin Joseph,131772,2,,,Jerome Saint,,,,,6,supporting,,,
Snowfall,2017,2023,Drama|Crime,71694,tv,Angela Lewis,1945056,1,,,Louanne 'Louie' Jones-Saint,,,,,7,supporting,,,
Snowfall,2017,2023,Drama|Crime,71694,tv,Isaiah John,1855369,2,,,Leon Simmons,,,,,8,supporting,,,
Snowfall,2017,2023,Drama|Crime,71694,tv,Devyn A. Tyler,1344365,1,,,Veronique Turner,,,,,14,minor,,,
Snowfall,2017,2023,Drama|Crime,71694,tv,Alejandro Edda,1809025,2,,,Ruben,,,,,15,minor,,,
Snowfall,2017,2023,Drama|Crime,71694,tv,Gail Bean,1389367,1,,,Wanda Bell,,,,,16,minor,,,
Snowfall,2017,2023,Drama|Crime,71694,tv,Big CHAZZA,6096969,0,,,Mr Snowfall,,,,,17,minor,,,
Heroes,2006,2010,Sci-Fi & Fantasy|Drama,1639,tv,Zachary Quinto,17306,2,,,Gabriel 'Sylar' Gray,,,,,1,lead,,,
Heroes,2006,2010,Sci-Fi & Fantasy|Drama,1639,tv,Hayden Panettiere,17265,1,,,Claire Bennet,,,,,2,lead,,,
Heroes,2006,2010,Sci-Fi & Fantasy|Drama,1639,tv,Milo Ventimiglia,16501,2,,,Peter Petrelli,,,,,3,lead,,,
Heroes,2006,2010,Sci-Fi & Fantasy|Drama,1639,tv,Masi Oka,17273,2,,,Hiro Nakamura,,,,,4,supporting,,,
Heroes,2006,2010,Sci-Fi & Fantasy|Drama,1639,tv,Jack Coleman,113927,2,,,Noah Bennet,,,,,5,supporting,,,
Heroes,2006,2010,Sci-Fi & Fantasy|Drama,1639,tv,Adrian Pasdar,17304,2,,,Nathan Petrelli,,,,,7,supporting,,,
Heroes,2006,2010,Sci-Fi & Fantasy|Drama,1639,tv,Greg Grunberg,17305,2,,,Matt Parkman,,,,,8,supporting,,,
Heroes,2006,2010,Sci-Fi & Fantasy|Drama,1639,tv,Sendhil Ramamurthy,165425,2,,,Mohinder Suresh,,,,,9,supporting,,,
Heroes,2006,2010,Sci-Fi & Fantasy|Drama,1639,tv,Ali Larter,17303,1,,,Tracy Strauss,,,,,11,minor,,,
Heroes,2006,2010,Sci-Fi & Fantasy|Drama,1639,tv,Robert Knepper,17343,2,,,Samuel Sullivan,,,,,14,minor,,,
Heroes,2006,2010,Sci-Fi & Fantasy|Drama,1639,tv,James Kyson,105830,2,,,Ando Masahashi,,,,,16,minor,,,
Heroes,2006,2010,Sci-Fi & Fantasy|Drama,1639,tv,Cristine Rose,153912,1,,,Angela Petrelli,,,,,17,minor,,,
The Night Agent,2023,2026,Action & Adventure|Drama|Mystery,129552,tv,Gabriel Basso,222122,2,,,Peter Sutherland,,,,,1,lead,,,
The Night Agent,2023,2026,Action & Adventure|Drama|Mystery,129552,tv,Fola Evans-Akingbola,1610713,1,,,Chelsea Arrington,,,,,3,lead,,,
The Night Agent,2023,2026,Action & Adventure|Drama|Mystery,129552,tv,Louis Herthum,93228,2,,,Jacob Monroe,,,,,11,minor,,,
The Night Agent,2023,2026,Action & Adventure|Drama|Mystery,129552,tv,Genesis Rodriguez,589162,1,,,Isabel De Leon,,,,,16,minor,,,
The Night Agent,2023,2026,Action & Adventure|Drama|Mystery,129552,tv,Albert Jones,164382,2,,,Aiden Mosley,,,,,17,minor,,,
The Night Agent,2023,2026,Action & Adventure|Drama|Mystery,129552,tv,Ward Horton,94436,2,,,Governor Richard Hagan,,,,,18,minor,,,
The Night Agent,2023,2026,Action & Adventure|Drama|Mystery,129552,tv,David Lyons,76941,2,,,Adam,,,,,19,minor,,,
The Night Agent,2023,2026,Action & Adventure|Drama|Mystery,129552,tv,Jennifer Morrison,41421,1,,,Jenny Hagan,,,,,20,minor,,,
21 Jump Street,1987,1991,Crime|Mystery|Drama,1486,tv,Holly Robinson Peete,168581,1,,,Judy Hoffs,,,,,1,lead,,,
21 Jump Street,1987,1991,Crime|Mystery|Drama,1486,tv,Michael Bendetti,42658,2,,,Anthony McCann,,,,,3,lead,,,
21 Jump Street,1987,1991,Crime|Mystery|Drama,1486,tv,Peter DeLuise,118463,2,,,Doug Penhall,,,,,4,supporting,,,
21 Jump Street,1987,1991,Crime|Mystery|Drama,1486,tv,Steven Williams,51579,2,,,Adam Fuller,,,,,6,supporting,,,
21 Jump Street,1987,1991,Crime|Mystery|Drama,1486,tv,Michael DeLuise,55557,2,,,Joey Penhall,,,,,7,supporting,,,
All Elite Wrestling: Dynamite,2019,2026,Action & Adventure|Drama,91555,tv,Steven Fuerte,6178254,2,,,,,,,,5,supporting,,,
Homicide: Life on the Street,1993,1999,Mystery|Drama|Crime,4464,tv,Richard Belzer,32396,2,,,John Munch,,,,,1,lead,,,
Homicide: Life on the Street,1993,1999,Mystery|Drama|Crime,4464,tv,Peter Gerety,1986,2,,,Stuart Gharty,,,,,5,supporting,,,
Homicide: Life on the Street,1993,1999,Mystery|Drama|Crime,4464,tv,Giancarlo Esposito,4808,2,,,Michael Giardello,,,,,5,supporting,,,
Homicide: Life on the Street,1993,1999,Mystery|Drama|Crime,4464,tv,Clark Johnson,47640,2,,,Meldrick Lewis,,,,,6,supporting,,,
Homicide: Life on the Street,1993,1999,Mystery|Drama|Crime,4464,tv,Yaphet Kotto,5050,2,,,Al Giardello,,,,,7,supporting,,,
Homicide: Life on the Street,1993,1999,Mystery|Drama|Crime,4464,tv,Kyle Secor,40258,2,,,Tim Bayliss,,,,,8,supporting,,,
Homicide: Life on the Street,1993,1999,Mystery|Drama|Crime,4464,tv,Jon Seda,288,2,,,Paul Falsone,,,,,9,supporting,,,
Homicide: Life on the Street,1993,1999,Mystery|Drama|Crime,4464,tv,Callie Thorne,164397,1,,,Laura Ballard,,,,,10,supporting,,,
Homicide: Life on the Street,1993,1999,Mystery|Drama|Crime,4464,tv,Michael Michele,39977,1,,,Rene Sheppard,,,,,15,minor,,,
Homicide: Life on the Street,1993,1999,Mystery|Drama|Crime,4464,tv,Toni Lewis,155604,1,,,Terri Stivers,,,,,16,minor,,,
That '70s Show,1998,2006,Comedy|Family|Drama,52,tv,Mila Kunis,18973,1,,,Jackie Burkhart,,,,,2,lead,,,
That '70s Show,1998,2006,Comedy|Family|Drama,52,tv,Danny Masterson,18972,2,,,Steven Hyde,,,,,4,supporting,,,
That '70s Show,1998,2006,Comedy|Family|Drama,52,tv,Laura Prepon,18974,1,,,Donna Pinciotti,,,,,5,supporting,,,
That '70s Show,1998,2006,Comedy|Family|Drama,52,tv,Wilmer Valderrama,18975,2,,,Fez,,,,,6,supporting,,,
That '70s Show,1998,2006,Comedy|Family|Drama,52,tv,Debra Jo Rupp,15453,1,,,Kitty Forman,,,,,7,supporting,,,
That '70s Show,1998,2006,Comedy|Family|Drama,52,tv,Kurtwood Smith,2115,2,,,Red Forman,,,,,8,supporting,,,
That '70s Show,1998,2006,Comedy|Family|Drama,52,tv,Don Stark,130129,2,,,Bob Pinciotti,,,,,9,supporting,,,
That '70s Show,1998,2006,Comedy|Family|Drama,52,tv,Tommy Chong,63208,2,,,Leo,,,,,12,minor,,,
That '70s Show,1998,2006,Comedy|Family|Drama,52,tv,Josh Meyers,124471,2,,,Randy Pearson,,,,,13,minor,,,
Jeopardy!,1984,2026,Reality|Family,2912,tv,Ken Jennings,1218568,2,,,Self - Host,,,,,1,lead,,,
Jeopardy!,1984,2026,Reality|Family,2912,tv,Johnny Gilbert,1213789,2,,,Self - Announcer (voice),,,,,4,supporting,,,
Knight Rider,1982,1986,Action & Adventure|Drama|Sci-Fi & Fantasy|Crime,2384,tv,David Hasselhoff,28238,2,,,Michael Knight,,,,,1,lead,,,
Knight Rider,1982,1986,Action & Adventure|Drama|Sci-Fi & Fantasy|Crime,2384,tv,Edward Mulhare,30125,2,,,Devon Miles,,,,,2,lead,,,
Knight Rider,1982,1986,Action & Adventure|Drama|Sci-Fi & Fantasy|Crime,2384,tv,William Daniels,10775,2,,,KITT (voice),,,,,3,lead,,,
Knight Rider,1982,1986,Action & Adventure|Drama|Sci-Fi & Fantasy|Crime,2384,tv,Patricia McPherson,1219337,1,,,Bonnie Barstow,,,,,5,supporting,,,
Knight Rider,1982,1986,Action & Adventure|Drama|Sci-Fi & Fantasy|Crime,2384,tv,Peter Parros,1218248,2,,,RC3,,,,,6,supporting,,,
The Originals,2013,2018,Sci-Fi & Fantasy|Drama|Mystery,46896,tv,Joseph Morgan,79505,2,,,Klaus Mikaelson,,,,,1,lead,,,
The Originals,2013,2018,Sci-Fi & Fantasy|Drama|Mystery,46896,tv,Daniel Gillies,19154,2,,,Elijah Mikaelson,,,,,2,lead,,,
The Originals,2013,2018,Sci-Fi & Fantasy|Drama|Mystery,46896,tv,Charles Michael Davis,1257816,2,,,Marcel Gerard,,,,,4,supporting,,,
The Originals,2013,2018,Sci-Fi & Fantasy|Drama|Mystery,46896,tv,Riley Voelkel,1058848,1,,,Freya Mikaelson,,,,,5,supporting,,,
The Originals,2013,2018,Sci-Fi & Fantasy|Drama|Mystery,46896,tv,Yusuf Gatewood,2253,2,,,Vincent Griffith,,,,,7,supporting,,,
The Originals,2013,2018,Sci-Fi & Fantasy|Drama|Mystery,46896,tv,Danielle Rose Russell,1457461,1,,,Hope Mikaelson,,,,,8,supporting,,,
The Originals,2013,2018,Sci-Fi & Fantasy|Drama|Mystery,46896,tv,Steven Krueger,1181295,2,,,Josh Rosza,,,,,9,supporting,,,
Party of Five,1994,2000,Drama,4266,tv,Matthew Fox,28657,2,,,Charlie Salinger,,,,,1,lead,,,
Party of Five,1994,2000,Drama,4266,tv,Neve Campbell,9206,1,,,Julia Salinger,,,,,2,lead,,,
Party of Five,1994,2000,Drama,4266,tv,Lacey Chabert,22082,1,,,Claudia Salinger,,,,,3,lead,,,
Party of Five,1994,2000,Drama,4266,tv,Scott Wolf,24965,2,,,Bailey Salinger,,,,,4,supporting,,,
Party of Five,1994,2000,Drama,4266,tv,Paula Devicq,162496,1,,,Kirsten Bennett,,,,,5,supporting,,,
Party of Five,1994,2000,Drama,4266,tv,Jeremy London,23646,2,,,Griffin Holbrook,,,,,7,supporting,,,
Party of Five,1994,2000,Drama,4266,tv,Jennifer Aspen,155950,1,,,Daphne Jablonsky,,,,,8,supporting,,,
Party of Five,1994,2000,Drama,4266,tv,Scott Grimes,35091,2,,,Will McCorkle,,,,,9,supporting,,,
iCarly,2007,2012,Comedy|Kids|Family|Drama,5371,tv,Miranda Cosgrove,17743,1,,,Carly Shay,,,,,1,lead,,,
iCarly,2007,2012,Comedy|Kids|Family|Drama,5371,tv,Jennette McCurdy,133979,1,,,Sam Puckett,,,,,2,lead,,,
iCarly,2007,2012,Comedy|Kids|Family|Drama,5371,tv,Nathan Kress,212913,2,,,Freddie Benson,,,,,3,lead,,,
iCarly,2007,2012,Comedy|Kids|Family|Drama,5371,tv,Jerry Trainor,111512,2,,,Spencer Shay,,,,,4,supporting,,,
iCarly,2007,2012,Comedy|Kids|Family|Drama,5371,tv,Noah Munck,221125,2,,,Gibby Gibson,,,,,7,supporting,,,
Strong Medicine,2000,2006,Drama,4544,tv,Rosa Blasi,20389,1,,,Dr. Luisa 'Lu' Delgado,,,,,1,lead,,,
Strong Medicine,2000,2006,Drama,4544,tv,Jenifer Lewis,15899,1,,,Lana Hawkins,,,,,2,lead,,,
Strong Medicine,2000,2006,Drama,4544,tv,Josh Coxx,78150,2,,,Peter Riggs,,,,,3,lead,,,
Strong Medicine,2000,2006,Drama,4544,tv,Tamera Mowry-Housley,87570,1,,,Dr. Kayla Thornton,,,,,7,supporting,,,
Strong Medicine,2000,2006,Drama,4544,tv,Rick Schroder,76546,2,,,Dr. Dylan West,,,,,10,supporting,,,
It's Always Sunny in Philadelphia,2005,2025,Comedy,2710,tv,Charlie Day,95101,2,,,Charlie Kelly,,,,,1,lead,,,
It's Always Sunny in Philadelphia,2005,2025,Comedy,2710,tv,Glenn Howerton,77870,2,,,Dennis Reynolds,,,,,2,lead,,,
It's Always Sunny in Philadelphia,2005,2025,Comedy,2710,tv,Rob Mac,78597,2,,,Ronald 'Mac' McDonald,,,,,3,lead,,,
It's Always Sunny in Philadelphia,2005,2025,Comedy,2710,tv,Kaitlin Olson,95102,1,,,Dee Reynolds,,,,,4,supporting,,,
It's Always Sunny in Philadelphia,2005,2025,Comedy,2710,tv,Danny DeVito,518,2,,,Frank Reynolds,,,,,5,supporting,,,
The Rockford Files,1974,1980,Crime|Drama|Mystery,954,tv,James Garner,16896,2,,,Jim Rockford,,,,,1,lead,,,
The Rockford Files,1974,1980,Crime|Drama|Mystery,954,tv,Noah Beery Jr.,30297,2,,,"Joseph ""Rocky"" Rockford",,,,,2,lead,,,
Dragnet,1951,1959,Drama|Crime,3716,tv,Jack Webb,8634,2,,,Joe Friday,,,,,1,lead,,,
Dragnet,1951,1959,Drama|Crime,3716,tv,Ben Alexander,2011,2,,,Frank Smith,,,,,2,lead,,,
Riverdale,2017,2023,Crime|Drama|Mystery,69050,tv,KJ Apa,1680339,2,,,Archie Andrews,,,,,1,lead,,,
Riverdale,2017,2023,Crime|Drama|Mystery,69050,tv,Lili Reinhart,1136940,1,,,Betty Cooper,,,,,2,lead,,,
Riverdale,2017,2023,Crime|Drama|Mystery,69050,tv,Camila Mendes,1721740,1,,,Veronica Lodge,,,,,3,lead,,,
Riverdale,2017,2023,Crime|Drama|Mystery,69050,tv,Cole Sprouse,56730,2,,,Jughead Jones,,,,,4,supporting,,,
Riverdale,2017,2023,Crime|Drama|Mystery,69050,tv,Madelaine Petsch,1592855,1,,,Cheryl Blossom,,,,,5,supporting,,,
Riverdale,2017,2023,Crime|Drama|Mystery,69050,tv,Casey Cott,1724690,2,,,Kevin Keller,,,,,6,supporting,,,
Riverdale,2017,2023,Crime|Drama|Mystery,69050,tv,Drew Ray Tanner,1475818,2,,,Fangs Fogarty,,,,,8,supporting,,,
Riverdale,2017,2023,Crime|Drama|Mystery,69050,tv,Vanessa Morgan,142113,1,,,Toni Topaz,,,,,10,supporting,,,
Riverdale,2017,2023,Crime|Drama|Mystery,69050,tv,Mädchen Amick,6714,1,,,Alice Cooper,,,,,12,minor,,,
DC's Legends of Tomorrow,2016,2022,Action & Adventure|Sci-Fi & Fantasy|Drama,62643,tv,Caity Lotz,1046143,1,,,Sara Lance / White Canary,,,,,1,lead,,,
DC's Legends of Tomorrow,2016,2022,Action & Adventure|Sci-Fi & Fantasy|Drama,62643,tv,Tala Ashe,1966585,1,,,Zari Tarazi,,,,,6,supporting,,,
DC's Legends of Tomorrow,2016,2022,Action & Adventure|Sci-Fi & Fantasy|Drama,62643,tv,Jes Macallan,984780,1,,,Ava Sharpe,,,,,7,supporting,,,
DC's Legends of Tomorrow,2016,2022,Action & Adventure|Sci-Fi & Fantasy|Drama,62643,tv,Olivia Swann,2008565,1,,,Astra Logue,,,,,13,minor,,,
DC's Legends of Tomorrow,2016,2022,Action & Adventure|Sci-Fi & Fantasy|Drama,62643,tv,Adam Tsekhman,476556,2,,,Gary Green,,,,,15,minor,,,
DC's Legends of Tomorrow,2016,2022,Action & Adventure|Sci-Fi & Fantasy|Drama,62643,tv,Nick Zano,84076,2,,,Nathaniel 'Nate' Heywood / Steel,,,,,16,minor,,,
Judging Amy,1999,2005,Drama,2026,tv,Amy Brenneman,15851,1,,,Amy Gray,,,,,1,lead,,,
Judging Amy,1999,2005,Drama,2026,tv,Richard T. Jones,55755,2,,,Bruce Van Exel,,,,,2,lead,,,
Judging Amy,1999,2005,Drama,2026,tv,Dan Futterman,5346,2,,,Vincent Gray,,,,,4,supporting,,,
Judging Amy,1999,2005,Drama,2026,tv,Jessica Tuck,156689,1,,,Gillian Gray,,,,,5,supporting,,,
Judging Amy,1999,2005,Drama,2026,tv,Marcus Giamatti,31534,2,,,Peter Gray,,,,,6,supporting,,,
Judging Amy,1999,2005,Drama,2026,tv,Karle Warren,1228826,1,,,Lauren Cassidy,,,,,7,supporting,,,
Judging Amy,1999,2005,Drama,2026,tv,Jillian Armenante,20469,1,,,Donna Kozlowski,,,,,8,supporting,,,
Judging Amy,1999,2005,Drama,2026,tv,Timothy Omundson,134423,2,,,Sean Potter,,,,,9,supporting,,,
Judging Amy,1999,2005,Drama,2026,tv,Tyne Daly,66221,1,,,Maxine Gray,,,,,10,supporting,,,
The Merv Griffin Show,1962,1986,Talk,6744,tv,Merv Griffin,97128,2,,,Self - Host,,,,,1,lead,,,
ONE PIECE,2023,2026,Action & Adventure|Sci-Fi & Fantasy,111110,tv,Iñaki Godoy,2177750,2,,,Monkey D. Luffy,,,,,1,lead,,,
ONE PIECE,2023,2026,Action & Adventure|Sci-Fi & Fantasy,111110,tv,Emily Rudd,1568101,1,,,Nami,,,,,2,lead,,,
ONE PIECE,2023,2026,Action & Adventure|Sci-Fi & Fantasy,111110,tv,Mackenyu,1566805,2,,,Roronoa Zoro,,,,,3,lead,,,
ONE PIECE,2023,2026,Action & Adventure|Sci-Fi & Fantasy,111110,tv,Jacob Gibson,2355316,2,,,Usopp,,,,,4,supporting,,,
ONE PIECE,2023,2026,Action & Adventure|Sci-Fi & Fantasy,111110,tv,Taz Skylar,2498631,2,,,Sanji,,,,,7,supporting,,,
ONE PIECE,2023,2026,Action & Adventure|Sci-Fi & Fantasy,111110,tv,Charithra Chandran,3327515,1,,,Miss Wednesday / Nefertari Vivi,,,,,8,supporting,,,
